{
	"credit": "Made by _Kastle. Message Kastle#4801 on Discord for inquiries. If you recieved this model from someone other than myself without context, it was probably stolen.",
	"textures": {
		"0": "custom/parent/flaps",
		"2": "custom/parent/posts",
		"4": "custom/parent/walls",
		"5": "custom/parent/hole",
		"6": "custom/parent/frontwall1",
		"7": "custom/parent/frontwall2",
		"8": "custom/parent/sidewall1",
		"9": "custom/parent/sidewall2",
		"particle": "custom/parent/flaps"
	},
	"elements": [
		{
			"from": [0, 0, 0],
			"to": [1.5, 0.5, 1.5],
			"faces": {
				"north": {"uv": [1.5, 0.016, 0.016, 0.5], "texture": "#2"},
				"east": {"uv": [1.5, 0.016, 0.016, 0.5], "texture": "#2"},
				"south": {"uv": [1.5, 0.016, 0.016, 0.5], "texture": "#2"},
				"west": {"uv": [1.5, 0.016, 0.016, 0.5], "texture": "#2"},
				"up": {"uv": [0.016, 1.5, 1.5, 0.016], "texture": "#2"},
				"down": {"uv": [0.016, 1.5, 1.5, 0.016], "texture": "#2"}
			}
		},
		{
			"from": [0.5, 0.5, 0.5],
			"to": [1.5, 21.5, 1.5],
			"faces": {
				"north": {"uv": [0.984, 0.016, 0.016, 15.984], "texture": "#2"},
				"east": {"uv": [0.984, 0.016, 0.016, 15.984], "texture": "#2"},
				"south": {"uv": [0.984, 0.016, 0.016, 15.984], "texture": "#2"},
				"west": {"uv": [0.984, 0.016, 0.016, 15.984], "texture": "#2"}
			}
		},
		{
			"name": "hexadecagon",
			"from": [3.30381, 24.69619, 0.5],
			"to": [4.69619, 25.69619, 1.5],
			"rotation": {"angle": 22.5, "axis": "z", "origin": [4, 22.19619, 1]},
			"faces": {
				"north": {"uv": [0.5, 0.016, 0.016, 0.5], "texture": "#2"},
				"east": {"uv": [0.5, 0.016, 0.016, 0.5], "texture": "#2"},
				"south": {"uv": [0.5, 0.016, 0.016, 0.5], "texture": "#2"},
				"west": {"uv": [0.5, 0.016, 0.016, 0.5], "texture": "#2"},
				"up": {"uv": [0.016, 0.5, 0.5, 0.016], "texture": "#2"},
				"down": {"uv": [0.016, 0.5, 0.5, 0.016], "texture": "#2"}
			}
		},
		{
			"name": "hexadecagon",
			"from": [3.30381, 24.69619, 0.5],
			"to": [4.69619, 25.69619, 1.5],
			"rotation": {"angle": 45, "axis": "z", "origin": [4, 22.19619, 1]},
			"faces": {
				"north": {"uv": [0.5, 0.016, 0.016, 0.5], "texture": "#2"},
				"east": {"uv": [0.5, 0.016, 0.016, 0.5], "texture": "#2"},
				"south": {"uv": [0.5, 0.016, 0.016, 0.5], "texture": "#2"},
				"up": {"uv": [0.016, 0.5, 0.5, 0.016], "texture": "#2"},
				"down": {"uv": [0.016, 0.5, 0.5, 0.016], "texture": "#2"}
			}
		},
		{
			"name": "hexadecagon",
			"from": [0.5, 21.5, 0.5],
			"to": [1.5, 22.89239, 1.5],
			"rotation": {"angle": -22.5, "axis": "z", "origin": [4, 22.19619, 1]},
			"faces": {
				"north": {"uv": [0.5, 0.016, 0.016, 0.5], "texture": "#2"},
				"east": {"uv": [0.5, 0.016, 0.016, 0.5], "texture": "#2"},
				"south": {"uv": [0.5, 0.016, 0.016, 0.5], "texture": "#2"},
				"west": {"uv": [0.5, 0.016, 0.016, 0.5], "texture": "#2"},
				"up": {"uv": [0.016, 0.5, 0.5, 0.016], "texture": "#2"}
			}
		},
		{
			"name": "hexadecagon",
			"from": [0.5, 21.5, 0.5],
			"to": [1.5, 22.89239, 1.5],
			"faces": {
				"north": {"uv": [0.5, 0.016, 0.016, 0.5], "texture": "#2"},
				"east": {"uv": [0.5, 0.016, 0.016, 0.5], "texture": "#2"},
				"south": {"uv": [0.5, 0.016, 0.016, 0.5], "texture": "#2"},
				"west": {"uv": [0.5, 0.016, 0.016, 0.5], "texture": "#2"},
				"up": {"uv": [0.016, 0.5, 0.5, 0.016], "texture": "#2"}
			}
		},
		{
			"from": [14.5, 0, 0],
			"to": [16, 0.5, 1.5],
			"faces": {
				"north": {"uv": [0.016, 0.016, 1.5, 0.5], "texture": "#2"},
				"east": {"uv": [0.016, 0.016, 1.5, 0.5], "texture": "#2"},
				"south": {"uv": [0.016, 0.016, 1.5, 0.5], "texture": "#2"},
				"west": {"uv": [0.016, 0.016, 1.5, 0.5], "texture": "#2"},
				"up": {"uv": [1.5, 1.5, 0.016, 0.016], "texture": "#2"},
				"down": {"uv": [1.5, 1.5, 0.016, 0.016], "texture": "#2"}
			}
		},
		{
			"from": [14.5, 0.5, 0.5],
			"to": [15.5, 21.5, 1.5],
			"faces": {
				"north": {"uv": [0.016, 0.016, 0.984, 15.984], "texture": "#2"},
				"east": {"uv": [0.016, 0.016, 0.984, 15.984], "texture": "#2"},
				"south": {"uv": [0.016, 0.016, 0.984, 15.984], "texture": "#2"},
				"west": {"uv": [0.016, 0.016, 0.984, 15.984], "texture": "#2"}
			}
		},
		{
			"name": "hexadecagon",
			"from": [3.30381, 24.69619, 0.5],
			"to": [12.69619, 25.69619, 1.5],
			"faces": {
				"north": {"uv": [0.016, 0.016, 0.5, 0.5], "texture": "#2"},
				"east": {"uv": [0.016, 0.016, 0.5, 0.5], "texture": "#2"},
				"south": {"uv": [0.016, 0.016, 0.5, 0.5], "texture": "#2"},
				"west": {"uv": [0.016, 0.016, 0.5, 0.5], "texture": "#2"},
				"up": {"uv": [0.5, 0.5, 0.016, 0.016], "texture": "#2"},
				"down": {"uv": [0.5, 0.5, 0.016, 0.016], "texture": "#2"}
			}
		},
		{
			"name": "hexadecagon",
			"from": [11.30381, 24.69619, 0.5],
			"to": [12.69619, 25.69619, 1.5],
			"rotation": {"angle": -22.5, "axis": "z", "origin": [12, 22.19619, 1]},
			"faces": {
				"north": {"uv": [0.016, 0.016, 0.5, 0.5], "texture": "#2"},
				"east": {"uv": [0.016, 0.016, 0.5, 0.5], "texture": "#2"},
				"south": {"uv": [0.016, 0.016, 0.5, 0.5], "texture": "#2"},
				"west": {"uv": [0.016, 0.016, 0.5, 0.5], "texture": "#2"},
				"up": {"uv": [0.5, 0.5, 0.016, 0.016], "texture": "#2"},
				"down": {"uv": [0.5, 0.5, 0.016, 0.016], "texture": "#2"}
			}
		},
		{
			"name": "hexadecagon",
			"from": [11.30381, 24.69619, 0.5],
			"to": [12.69619, 25.69619, 1.5],
			"rotation": {"angle": -45, "axis": "z", "origin": [12, 22.19619, 1]},
			"faces": {
				"north": {"uv": [0.016, 0.016, 0.5, 0.5], "texture": "#2"},
				"south": {"uv": [0.016, 0.016, 0.5, 0.5], "texture": "#2"},
				"west": {"uv": [0.016, 0.016, 0.5, 0.5], "texture": "#2"},
				"up": {"uv": [0.5, 0.5, 0.016, 0.016], "texture": "#2"},
				"down": {"uv": [0.5, 0.5, 0.016, 0.016], "texture": "#2"}
			}
		},
		{
			"name": "hexadecagon",
			"from": [14.5, 21.5, 0.5],
			"to": [15.5, 22.89239, 1.5],
			"rotation": {"angle": 22.5, "axis": "z", "origin": [12, 22.19619, 1]},
			"faces": {
				"north": {"uv": [0.016, 0.016, 0.5, 0.5], "texture": "#2"},
				"east": {"uv": [0.016, 0.016, 0.5, 0.5], "texture": "#2"},
				"south": {"uv": [0.016, 0.016, 0.5, 0.5], "texture": "#2"},
				"west": {"uv": [0.016, 0.016, 0.5, 0.5], "texture": "#2"},
				"up": {"uv": [0.5, 0.5, 0.016, 0.016], "texture": "#2"}
			}
		},
		{
			"name": "hexadecagon",
			"from": [14.5, 21.5, 0.5],
			"to": [15.5, 22.89239, 1.5],
			"faces": {
				"north": {"uv": [0.016, 0.016, 0.5, 0.5], "texture": "#2"},
				"east": {"uv": [0.016, 0.016, 0.5, 0.5], "texture": "#2"},
				"south": {"uv": [0.016, 0.016, 0.5, 0.5], "texture": "#2"},
				"west": {"uv": [0.016, 0.016, 0.5, 0.5], "texture": "#2"},
				"up": {"uv": [0.5, 0.5, 0.016, 0.016], "texture": "#2"}
			}
		},
		{
			"from": [14.5, 0, 14.5],
			"to": [16, 0.5, 16],
			"faces": {
				"north": {"uv": [1.5, 0.016, 0.016, 0.5], "texture": "#2"},
				"east": {"uv": [1.5, 0.016, 0.016, 0.5], "texture": "#2"},
				"south": {"uv": [1.5, 0.016, 0.016, 0.5], "texture": "#2"},
				"west": {"uv": [1.5, 0.016, 0.016, 0.5], "texture": "#2"},
				"up": {"uv": [1.5, 0.016, 0.016, 1.5], "texture": "#2"},
				"down": {"uv": [1.5, 0.016, 0.016, 1.5], "texture": "#2"}
			}
		},
		{
			"from": [14.5, 0.5, 14.5],
			"to": [15.5, 21.5, 15.5],
			"faces": {
				"north": {"uv": [0.984, 0.016, 0.016, 15.984], "texture": "#2"},
				"east": {"uv": [0.984, 0.016, 0.016, 15.984], "texture": "#2"},
				"south": {"uv": [0.984, 0.016, 0.016, 15.984], "texture": "#2"},
				"west": {"uv": [0.984, 0.016, 0.016, 15.984], "texture": "#2"}
			}
		},
		{
			"name": "hexadecagon",
			"from": [3.30381, 24.69619, 14.5],
			"to": [12.69619, 25.69619, 15.5],
			"faces": {
				"north": {"uv": [0.5, 0.016, 0.016, 0.5], "texture": "#2"},
				"east": {"uv": [0.5, 0.016, 0.016, 0.5], "texture": "#2"},
				"south": {"uv": [0.5, 0.016, 0.016, 0.5], "texture": "#2"},
				"west": {"uv": [0.5, 0.016, 0.016, 0.5], "texture": "#2"},
				"up": {"uv": [0.5, 0.016, 0.016, 0.5], "texture": "#2"},
				"down": {"uv": [0.5, 0.016, 0.016, 0.5], "texture": "#2"}
			}
		},
		{
			"name": "hexadecagon",
			"from": [11.30381, 24.69619, 14.5],
			"to": [12.69619, 25.69619, 15.5],
			"rotation": {"angle": -22.5, "axis": "z", "origin": [12, 22.19619, 15]},
			"faces": {
				"north": {"uv": [0.5, 0.016, 0.016, 0.5], "texture": "#2"},
				"east": {"uv": [0.5, 0.016, 0.016, 0.5], "texture": "#2"},
				"south": {"uv": [0.5, 0.016, 0.016, 0.5], "texture": "#2"},
				"west": {"uv": [0.5, 0.016, 0.016, 0.5], "texture": "#2"},
				"up": {"uv": [0.5, 0.016, 0.016, 0.5], "texture": "#2"},
				"down": {"uv": [0.5, 0.016, 0.016, 0.5], "texture": "#2"}
			}
		},
		{
			"name": "hexadecagon",
			"from": [11.30381, 24.69619, 14.5],
			"to": [12.69619, 25.69619, 15.5],
			"rotation": {"angle": -45, "axis": "z", "origin": [12, 22.19619, 15]},
			"faces": {
				"north": {"uv": [0.5, 0.016, 0.016, 0.5], "texture": "#2"},
				"south": {"uv": [0.5, 0.016, 0.016, 0.5], "texture": "#2"},
				"west": {"uv": [0.5, 0.016, 0.016, 0.5], "texture": "#2"},
				"up": {"uv": [0.5, 0.016, 0.016, 0.5], "texture": "#2"},
				"down": {"uv": [0.5, 0.016, 0.016, 0.5], "texture": "#2"}
			}
		},
		{
			"name": "hexadecagon",
			"from": [14.5, 21.5, 14.5],
			"to": [15.5, 22.89239, 15.5],
			"rotation": {"angle": 22.5, "axis": "z", "origin": [12, 22.19619, 15]},
			"faces": {
				"north": {"uv": [0.5, 0.016, 0.016, 0.5], "texture": "#2"},
				"east": {"uv": [0.5, 0.016, 0.016, 0.5], "texture": "#2"},
				"south": {"uv": [0.5, 0.016, 0.016, 0.5], "texture": "#2"},
				"west": {"uv": [0.5, 0.016, 0.016, 0.5], "texture": "#2"},
				"up": {"uv": [0.5, 0.016, 0.016, 0.5], "texture": "#2"}
			}
		},
		{
			"name": "hexadecagon",
			"from": [14.5, 21.5, 14.5],
			"to": [15.5, 22.89239, 15.5],
			"faces": {
				"north": {"uv": [0.5, 0.016, 0.016, 0.5], "texture": "#2"},
				"east": {"uv": [0.5, 0.016, 0.016, 0.5], "texture": "#2"},
				"south": {"uv": [0.5, 0.016, 0.016, 0.5], "texture": "#2"},
				"west": {"uv": [0.5, 0.016, 0.016, 0.5], "texture": "#2"},
				"up": {"uv": [0.5, 0.016, 0.016, 0.5], "texture": "#2"}
			}
		},
		{
			"from": [0, 0, 14.5],
			"to": [1.5, 0.5, 16],
			"faces": {
				"north": {"uv": [0.016, 0.016, 1.5, 0.5], "texture": "#2"},
				"east": {"uv": [0.016, 0.016, 1.5, 0.5], "texture": "#2"},
				"south": {"uv": [0.016, 0.016, 1.5, 0.5], "texture": "#2"},
				"west": {"uv": [0.016, 0.016, 1.5, 0.5], "texture": "#2"},
				"up": {"uv": [0.016, 0.016, 1.5, 1.5], "texture": "#2"},
				"down": {"uv": [0.016, 0.016, 1.5, 1.5], "texture": "#2"}
			}
		},
		{
			"from": [0.5, 0.5, 14.5],
			"to": [1.5, 21.5, 15.5],
			"faces": {
				"north": {"uv": [0.016, 0.016, 0.984, 15.984], "texture": "#2"},
				"east": {"uv": [0.016, 0.016, 0.984, 15.984], "texture": "#2"},
				"south": {"uv": [0.016, 0.016, 0.984, 15.984], "texture": "#2"},
				"west": {"uv": [0.016, 0.016, 0.984, 15.984], "texture": "#2"}
			}
		},
		{
			"name": "hexadecagon",
			"from": [3.30381, 24.69619, 14.5],
			"to": [4.69619, 25.69619, 15.5],
			"rotation": {"angle": 22.5, "axis": "z", "origin": [4, 22.19619, 15]},
			"faces": {
				"north": {"uv": [0.016, 0.016, 0.5, 0.5], "texture": "#2"},
				"east": {"uv": [0.016, 0.016, 0.5, 0.5], "texture": "#2"},
				"south": {"uv": [0.016, 0.016, 0.5, 0.5], "texture": "#2"},
				"west": {"uv": [0.016, 0.016, 0.5, 0.5], "texture": "#2"},
				"up": {"uv": [0.016, 0.016, 0.5, 0.5], "texture": "#2"},
				"down": {"uv": [0.016, 0.016, 0.5, 0.5], "texture": "#2"}
			}
		},
		{
			"name": "hexadecagon",
			"from": [3.30381, 24.69619, 14.5],
			"to": [4.69619, 25.69619, 15.5],
			"rotation": {"angle": 45, "axis": "z", "origin": [4, 22.19619, 15]},
			"faces": {
				"north": {"uv": [0.016, 0.016, 0.5, 0.5], "texture": "#2"},
				"east": {"uv": [0.016, 0.016, 0.5, 0.5], "texture": "#2"},
				"south": {"uv": [0.016, 0.016, 0.5, 0.5], "texture": "#2"},
				"up": {"uv": [0.016, 0.016, 0.5, 0.5], "texture": "#2"},
				"down": {"uv": [0.016, 0.016, 0.5, 0.5], "texture": "#2"}
			}
		},
		{
			"name": "hexadecagon",
			"from": [0.5, 21.5, 14.5],
			"to": [1.5, 22.89239, 15.5],
			"rotation": {"angle": -22.5, "axis": "z", "origin": [4, 22.19619, 15]},
			"faces": {
				"north": {"uv": [0.016, 0.016, 0.5, 0.5], "texture": "#2"},
				"east": {"uv": [0.016, 0.016, 0.5, 0.5], "texture": "#2"},
				"south": {"uv": [0.016, 0.016, 0.5, 0.5], "texture": "#2"},
				"west": {"uv": [0.016, 0.016, 0.5, 0.5], "texture": "#2"},
				"up": {"uv": [0.016, 0.016, 0.5, 0.5], "texture": "#2"}
			}
		},
		{
			"name": "hexadecagon",
			"from": [0.5, 21.5, 14.5],
			"to": [1.5, 22.89239, 15.5],
			"faces": {
				"north": {"uv": [0.016, 0.016, 0.5, 0.5], "texture": "#2"},
				"east": {"uv": [0.016, 0.016, 0.5, 0.5], "texture": "#2"},
				"south": {"uv": [0.016, 0.016, 0.5, 0.5], "texture": "#2"},
				"west": {"uv": [0.016, 0.016, 0.5, 0.5], "texture": "#2"},
				"up": {"uv": [0.016, 0.016, 0.5, 0.5], "texture": "#2"}
			}
		},
		{
			"from": [14.5, 0.5, 1.5],
			"to": [15, 21.4, 14.5],
			"faces": {
				"east": {"uv": [1.016, 0.016, 13.984, 15.984], "texture": "#4"},
				"west": {"uv": [1.016, 0.016, 13.984, 15.984], "texture": "#4"},
				"up": {"uv": [1.016, 0.016, 1.5, 12.984], "texture": "#4"},
				"down": {"uv": [1.016, 0.016, 1.5, 12.984], "texture": "#4"}
			}
		},
		{
			"from": [1, 0.5, 1.5],
			"to": [1.5, 21.4, 14.5],
			"faces": {
				"east": {"uv": [1.016, 0.016, 13.984, 15.984], "texture": "#4"},
				"west": {"uv": [1.016, 0.016, 13.984, 15.984], "texture": "#4"},
				"up": {"uv": [1.016, 0.016, 1.5, 12.984], "texture": "#4"},
				"down": {"uv": [1.016, 0.016, 1.5, 12.984], "texture": "#4"}
			}
		},
		{
			"from": [1.5, 0.5, 1],
			"to": [14.5, 19.5, 1.5],
			"faces": {
				"north": {"uv": [1.016, 0.016, 13.984, 15.984], "texture": "#4"},
				"south": {"uv": [1.016, 0.016, 13.984, 15.984], "texture": "#4"},
				"up": {"uv": [1.016, 0.016, 1.5, 12.984], "rotation": 90, "texture": "#4"},
				"down": {"uv": [1.016, 0.016, 1.5, 12.984], "rotation": 270, "texture": "#4"}
			}
		},
		{
			"from": [1.5, 0.5, 14.5],
			"to": [14.5, 19.5, 15],
			"faces": {
				"north": {"uv": [1.016, 0.016, 13.984, 15.984], "texture": "#4"},
				"south": {"uv": [1.016, 0.016, 13.984, 15.984], "texture": "#4"},
				"up": {"uv": [1.016, 0.016, 1.5, 12.984], "rotation": 90, "texture": "#4"},
				"down": {"uv": [1.016, 0.016, 1.5, 12.984], "rotation": 270, "texture": "#4"}
			}
		},
		{
			"name": "hexadecagon",
			"from": [11.40326, 24.69674, 1.5],
			"to": [12.59674, 25.19674, 14.5],
			"rotation": {"angle": -45, "axis": "z", "origin": [12, 22.19674, 2]},
			"faces": {
				"east": {"uv": [0.016, 0.016, 0.5, 0.5], "texture": "#4"},
				"west": {"uv": [0.016, 0.016, 0.5, 0.5], "texture": "#4"},
				"up": {"uv": [0.016, 0.016, 0.5, 0.5], "texture": "#4"},
				"down": {"uv": [0.016, 0.016, 0.5, 0.5], "texture": "#4"}
			}
		},
		{
			"name": "hexadecagon",
			"from": [11.40326, 24.69674, 1.5],
			"to": [12.59674, 25.19674, 14.5],
			"rotation": {"angle": -22.5, "axis": "z", "origin": [12, 22.19674, 2]},
			"faces": {
				"east": {"uv": [0.016, 0.016, 0.5, 0.5], "texture": "#4"},
				"west": {"uv": [0.016, 0.016, 0.5, 0.5], "texture": "#4"},
				"up": {"uv": [0.016, 0.016, 0.5, 0.5], "texture": "#4"},
				"down": {"uv": [0.016, 0.016, 0.5, 0.5], "texture": "#4"}
			}
		},
		{
			"name": "hexadecagon",
			"from": [14.5, 21.6, 1.5],
			"to": [15, 22.79347, 14.5],
			"faces": {
				"east": {"uv": [0.016, 0.016, 0.5, 0.5], "texture": "#4"},
				"west": {"uv": [0.016, 0.016, 0.5, 0.5], "texture": "#4"},
				"up": {"uv": [0.016, 0.016, 0.5, 0.5], "texture": "#4"},
				"down": {"uv": [0.016, 0.016, 0.5, 0.5], "texture": "#4"}
			}
		},
		{
			"name": "hexadecagon",
			"from": [14.5, 21.6, 1.5],
			"to": [15, 22.79347, 14.5],
			"rotation": {"angle": 22.5, "axis": "z", "origin": [12, 22.19674, 2]},
			"faces": {
				"east": {"uv": [0.016, 0.016, 0.5, 0.5], "texture": "#4"},
				"west": {"uv": [0.016, 0.016, 0.5, 0.5], "texture": "#4"},
				"up": {"uv": [0.016, 0.016, 0.5, 0.5], "texture": "#4"},
				"down": {"uv": [0.016, 0.016, 0.5, 0.5], "texture": "#4"}
			}
		},
		{
			"name": "hexadecagon",
			"from": [3.40326, 24.69674, 1.5],
			"to": [12.59674, 25.19674, 14.5],
			"faces": {
				"east": {"uv": [0.016, 0.016, 0.5, 0.5], "texture": "#4"},
				"west": {"uv": [0.016, 0.016, 0.5, 0.5], "texture": "#4"},
				"up": {"uv": [0.016, 0.016, 0.5, 0.5], "texture": "#4"},
				"down": {"uv": [0.016, 0.016, 0.5, 0.5], "texture": "#4"}
			}
		},
		{
			"name": "hexadecagon",
			"from": [1, 21.6, 1.5],
			"to": [1.5, 22.79347, 14.5],
			"faces": {
				"east": {"uv": [0.016, 0.016, 0.5, 0.5], "texture": "#4"},
				"west": {"uv": [0.016, 0.016, 0.5, 0.5], "texture": "#4"},
				"up": {"uv": [0.016, 0.016, 0.5, 0.5], "texture": "#4"},
				"down": {"uv": [0.016, 0.016, 0.5, 0.5], "texture": "#4"}
			}
		},
		{
			"name": "hexadecagon",
			"from": [3.40326, 24.69674, 1.5],
			"to": [4.59674, 25.19674, 14.5],
			"rotation": {"angle": 22.5, "axis": "z", "origin": [4, 22.19674, 2]},
			"faces": {
				"east": {"uv": [0.016, 0.016, 0.5, 0.5], "texture": "#4"},
				"west": {"uv": [0.016, 0.016, 0.5, 0.5], "texture": "#4"},
				"up": {"uv": [0.016, 0.016, 0.5, 0.5], "texture": "#4"},
				"down": {"uv": [0.016, 0.016, 0.5, 0.5], "texture": "#4"}
			}
		},
		{
			"name": "hexadecagon",
			"from": [3.40326, 24.69674, 1.5],
			"to": [4.59674, 25.19674, 14.5],
			"rotation": {"angle": 45, "axis": "z", "origin": [4, 22.19674, 2]},
			"faces": {
				"east": {"uv": [0.016, 0.016, 0.5, 0.5], "texture": "#4"},
				"west": {"uv": [0.016, 0.016, 0.5, 0.5], "texture": "#4"},
				"up": {"uv": [0.016, 0.016, 0.5, 0.5], "texture": "#4"},
				"down": {"uv": [0.016, 0.016, 0.5, 0.5], "texture": "#4"}
			}
		},
		{
			"name": "hexadecagon",
			"from": [1, 21.6, 1.5],
			"to": [1.5, 22.79347, 14.5],
			"rotation": {"angle": -22.5, "axis": "z", "origin": [4, 22.19674, 2]},
			"faces": {
				"east": {"uv": [0.016, 0.016, 0.5, 0.5], "texture": "#4"},
				"west": {"uv": [0.016, 0.016, 0.5, 0.5], "texture": "#4"},
				"up": {"uv": [0.016, 0.016, 0.5, 0.5], "texture": "#4"},
				"down": {"uv": [0.016, 0.016, 0.5, 0.5], "texture": "#4"}
			}
		},
		{
			"from": [1.5, 1, 1.5],
			"to": [14.5, 1.5, 14.5],
			"faces": {
				"up": {"uv": [1.016, 0.016, 13.984, 12.984], "texture": "#4"},
				"down": {"uv": [1.016, 0.016, 13.984, 12.984], "texture": "#4"}
			}
		},
		{
			"from": [1.2, 21.3, 1.5],
			"to": [1.5, 21.6, 14.5],
			"faces": {
				"east": {"uv": [1.016, 0.016, 13.984, 0.3], "texture": "#4"},
				"west": {"uv": [1.016, 0.016, 13.984, 0.3], "texture": "#4"}
			}
		},
		{
			"from": [14.5, 21.4, 1.5],
			"to": [14.8, 21.6, 14.5],
			"faces": {
				"east": {"uv": [1.016, 0.016, 13.984, 0.2], "texture": "#4"},
				"west": {"uv": [1.016, 0.016, 13.984, 0.2], "texture": "#4"}
			}
		},
		{
			"name": "hexadecagon",
			"from": [11.55272, 22.25554, 1],
			"to": [12.54728, 24.75554, 1.5],
			"rotation": {"angle": -45, "axis": "z", "origin": [12.05, 22.25554, 1.5]},
			"faces": {
				"north": {"uv": [0.016, 0.016, 0.5, 0.5], "texture": "#0"},
				"south": {"uv": [0.016, 0.016, 0.5, 0.5], "texture": "#0"}
			}
		},
		{
			"name": "hexadecagon",
			"from": [11.55272, 22.25554, 1],
			"to": [12.54728, 24.75554, 1.5],
			"rotation": {"angle": -22.5, "axis": "z", "origin": [12.05, 22.25554, 1.5]},
			"faces": {
				"north": {"uv": [0.016, 0.016, 0.5, 0.5], "texture": "#0"},
				"south": {"uv": [0.016, 0.016, 0.5, 0.5], "texture": "#0"}
			}
		},
		{
			"name": "hexadecagon",
			"from": [3.45272, 22.75554, 1],
			"to": [6.04728, 24.75554, 1.5],
			"faces": {
				"north": {"uv": [0.016, 0.016, 0.5, 0.5], "texture": "#0"},
				"south": {"uv": [0.016, 0.016, 0.5, 0.5], "texture": "#0"}
			}
		},
		{
			"name": "hexadecagon",
			"from": [3.45272, 22.25554, 1],
			"to": [4.44728, 24.75554, 1.5],
			"rotation": {"angle": 22.5, "axis": "z", "origin": [3.95, 22.25554, 1.5]},
			"faces": {
				"north": {"uv": [0.016, 0.016, 0.5, 0.5], "texture": "#0"},
				"south": {"uv": [0.016, 0.016, 0.5, 0.5], "texture": "#0"}
			}
		},
		{
			"name": "hexadecagon",
			"from": [3.45272, 22.25554, 1],
			"to": [4.44728, 24.75554, 1.5],
			"rotation": {"angle": 45, "axis": "z", "origin": [3.95, 22.25554, 1.5]},
			"faces": {
				"north": {"uv": [0.016, 0.016, 0.5, 0.5], "texture": "#0"},
				"south": {"uv": [0.016, 0.016, 0.5, 0.5], "texture": "#0"}
			}
		},
		{
			"name": "hexadecagon",
			"from": [1.45, 21.75826, 1],
			"to": [3.95, 22.75282, 1.5],
			"rotation": {"angle": -22.5, "axis": "z", "origin": [3.95, 22.25554, 1.5]},
			"faces": {
				"north": {"uv": [0.016, 0.016, 0.5, 0.5], "texture": "#0"},
				"south": {"uv": [0.016, 0.016, 0.5, 0.5], "texture": "#0"}
			}
		},
		{
			"name": "hexadecagon",
			"from": [1.45, 19.65826, 1],
			"to": [5.95, 22.85282, 1.5],
			"faces": {
				"north": {"uv": [0.016, 0.016, 0.5, 0.5], "texture": "#0"},
				"south": {"uv": [0.016, 0.016, 0.5, 0.5], "texture": "#0"},
				"down": {"uv": [0.016, 0.016, 0.5, 0.5], "texture": "#0"}
			}
		},
		{
			"name": "hexadecagon",
			"from": [12.05, 21.75826, 1],
			"to": [14.55, 22.75282, 1.5],
			"rotation": {"angle": 22.5, "axis": "z", "origin": [12.05, 22.25554, 1.5]},
			"faces": {
				"north": {"uv": [0.016, 0.016, 0.5, 0.5], "texture": "#0"},
				"south": {"uv": [0.016, 0.016, 0.5, 0.5], "texture": "#0"}
			}
		},
		{
			"name": "hexadecagon",
			"from": [10.05, 19.65826, 1],
			"to": [14.55, 22.85282, 1.5],
			"faces": {
				"north": {"uv": [0.016, 0.016, 0.5, 0.5], "texture": "#0"},
				"south": {"uv": [0.016, 0.016, 0.5, 0.5], "texture": "#0"},
				"down": {"uv": [0.016, 0.016, 0.5, 0.5], "texture": "#0"}
			}
		},
		{
			"name": "hexadecagon",
			"from": [9.95272, 22.75554, 1],
			"to": [12.54728, 24.75554, 1.5],
			"faces": {
				"north": {"uv": [0.016, 0.016, 0.5, 0.5], "texture": "#0"},
				"south": {"uv": [0.016, 0.016, 0.5, 0.5], "texture": "#0"}
			}
		},
		{
			"name": "hexadecagon",
			"from": [9.45, 19.65826, 1],
			"to": [10.05, 20.75282, 1.5],
			"faces": {
				"north": {"uv": [0.016, 0.016, 0.5, 0.5], "texture": "#0"},
				"south": {"uv": [0.016, 0.016, 0.5, 0.5], "texture": "#0"},
				"down": {"uv": [0.016, 0.016, 0.5, 0.5], "texture": "#0"}
			}
		},
		{
			"name": "hexadecagon",
			"from": [8.75, 19.65826, 1],
			"to": [9.45, 20.35282, 1.5],
			"faces": {
				"north": {"uv": [0.016, 0.016, 0.5, 0.5], "texture": "#0"},
				"south": {"uv": [0.016, 0.016, 0.5, 0.5], "texture": "#0"},
				"down": {"uv": [0.016, 0.016, 0.5, 0.5], "texture": "#0"}
			}
		},
		{
			"name": "hexadecagon",
			"from": [7.95, 19.65826, 1],
			"to": [8.75, 20.15282, 1.5],
			"faces": {
				"north": {"uv": [0.016, 0.016, 0.5, 0.5], "texture": "#0"},
				"south": {"uv": [0.016, 0.016, 0.5, 0.5], "texture": "#0"},
				"down": {"uv": [0.016, 0.016, 0.5, 0.5], "texture": "#0"}
			}
		},
		{
			"name": "hexadecagon",
			"from": [5.95, 19.65826, 1],
			"to": [6.55, 20.75282, 1.5],
			"faces": {
				"north": {"uv": [0.5, 0.016, 0.016, 0.5], "texture": "#0"},
				"south": {"uv": [0.5, 0.016, 0.016, 0.5], "texture": "#0"},
				"down": {"uv": [0.5, 0.016, 0.016, 0.5], "texture": "#0"}
			}
		},
		{
			"name": "hexadecagon",
			"from": [6.55, 19.65826, 1],
			"to": [7.25, 20.35282, 1.5],
			"faces": {
				"north": {"uv": [0.5, 0.016, 0.016, 0.5], "texture": "#0"},
				"south": {"uv": [0.5, 0.016, 0.016, 0.5], "texture": "#0"},
				"down": {"uv": [0.5, 0.016, 0.016, 0.5], "texture": "#0"}
			}
		},
		{
			"name": "hexadecagon",
			"from": [7.25, 19.65826, 1],
			"to": [8.05, 20.15282, 1.5],
			"faces": {
				"north": {"uv": [0.5, 0.016, 0.016, 0.5], "texture": "#0"},
				"south": {"uv": [0.5, 0.016, 0.016, 0.5], "texture": "#0"},
				"down": {"uv": [0.5, 0.016, 0.016, 0.5], "texture": "#0"}
			}
		},
		{
			"name": "hexadecagon",
			"from": [9.45816, 23.55554, 1],
			"to": [9.95272, 24.75554, 1.5],
			"faces": {
				"north": {"uv": [0.016, 0.016, 0.5, 0.5], "texture": "#0"},
				"south": {"uv": [0.016, 0.016, 0.5, 0.5], "texture": "#0"}
			}
		},
		{
			"name": "hexadecagon",
			"from": [7.8636, 24.25554, 1],
			"to": [9.45816, 24.75554, 1.5],
			"faces": {
				"north": {"uv": [0.016, 0.016, 0.5, 0.5], "texture": "#0"},
				"south": {"uv": [0.016, 0.016, 0.5, 0.5], "texture": "#0"}
			}
		},
		{
			"name": "hexadecagon",
			"from": [6.04728, 23.55554, 1],
			"to": [6.54184, 24.75554, 1.5],
			"faces": {
				"north": {"uv": [0.5, 0.016, 0.016, 0.5], "texture": "#0"},
				"south": {"uv": [0.5, 0.016, 0.016, 0.5], "texture": "#0"}
			}
		},
		{
			"name": "hexadecagon",
			"from": [6.54184, 24.25554, 1],
			"to": [8.1364, 24.75554, 1.5],
			"faces": {
				"north": {"uv": [0.5, 0.016, 0.016, 0.5], "texture": "#0"},
				"south": {"uv": [0.5, 0.016, 0.016, 0.5], "texture": "#0"}
			}
		},
		{
			"name": "hexadecagon",
			"from": [7.50272, 19.7, 1],
			"to": [8.49728, 20.7, 1.5],
			"rotation": {"angle": -45, "axis": "z", "origin": [8, 22.2, 1.5]},
			"faces": {
				"north": {"uv": [0.016, 0.016, 0.5, 0.5], "texture": "#0"},
				"south": {"uv": [0.016, 0.016, 0.5, 0.5], "texture": "#0"},
				"up": {"uv": [0.016, 0.016, 0.5, 0.5], "texture": "#0"}
			}
		},
		{
			"name": "hexadecagon",
			"from": [7.50272, 19.7, 1],
			"to": [8.49728, 20.7, 1.5],
			"rotation": {"angle": -22.5, "axis": "z", "origin": [8, 22.2, 1.5]},
			"faces": {
				"north": {"uv": [0.016, 0.016, 0.5, 0.5], "texture": "#0"},
				"south": {"uv": [0.016, 0.016, 0.5, 0.5], "texture": "#0"},
				"up": {"uv": [0.016, 0.016, 0.5, 0.5], "texture": "#0"}
			}
		},
		{
			"name": "hexadecagon",
			"from": [7.50272, 19.7, 1],
			"to": [8.49728, 20.7, 1.5],
			"faces": {
				"north": {"uv": [0.016, 0.016, 0.5, 0.5], "texture": "#0"},
				"south": {"uv": [0.016, 0.016, 0.5, 0.5], "texture": "#0"},
				"up": {"uv": [0.016, 0.016, 0.5, 0.5], "texture": "#0"}
			}
		},
		{
			"name": "hexadecagon",
			"from": [7.50272, 19.7, 1],
			"to": [8.49728, 20.7, 1.5],
			"rotation": {"angle": 22.5, "axis": "z", "origin": [8, 22.2, 1.5]},
			"faces": {
				"north": {"uv": [0.016, 0.016, 0.5, 0.5], "texture": "#0"},
				"south": {"uv": [0.016, 0.016, 0.5, 0.5], "texture": "#0"},
				"up": {"uv": [0.016, 0.016, 0.5, 0.5], "texture": "#0"}
			}
		},
		{
			"name": "hexadecagon",
			"from": [7.50272, 19.7, 1],
			"to": [8.49728, 20.7, 1.5],
			"rotation": {"angle": 45, "axis": "z", "origin": [8, 22.2, 1.5]},
			"faces": {
				"north": {"uv": [0.016, 0.016, 0.5, 0.5], "texture": "#0"},
				"south": {"uv": [0.016, 0.016, 0.5, 0.5], "texture": "#0"},
				"up": {"uv": [0.016, 0.016, 0.5, 0.5], "texture": "#0"}
			}
		},
		{
			"name": "hexadecagon",
			"from": [7.50272, 23.7, 1],
			"to": [8.49728, 24.7, 1.5],
			"rotation": {"angle": -45, "axis": "z", "origin": [8, 22.2, 1.5]},
			"faces": {
				"north": {"uv": [0.016, 0.016, 0.5, 0.5], "texture": "#0"},
				"south": {"uv": [0.016, 0.016, 0.5, 0.5], "texture": "#0"},
				"down": {"uv": [0.016, 0.016, 0.5, 0.5], "texture": "#0"}
			}
		},
		{
			"name": "hexadecagon",
			"from": [7.50272, 23.7, 1],
			"to": [8.49728, 24.7, 1.5],
			"rotation": {"angle": -22.5, "axis": "z", "origin": [8, 22.2, 1.5]},
			"faces": {
				"north": {"uv": [0.016, 0.016, 0.5, 0.5], "texture": "#0"},
				"south": {"uv": [0.016, 0.016, 0.5, 0.5], "texture": "#0"},
				"down": {"uv": [0.016, 0.016, 0.5, 0.5], "texture": "#0"}
			}
		},
		{
			"name": "hexadecagon",
			"from": [7.50272, 23.7, 1],
			"to": [8.49728, 24.7, 1.5],
			"faces": {
				"north": {"uv": [0.016, 0.016, 0.5, 0.5], "texture": "#0"},
				"south": {"uv": [0.016, 0.016, 0.5, 0.5], "texture": "#0"},
				"down": {"uv": [0.016, 0.016, 0.5, 0.5], "texture": "#0"}
			}
		},
		{
			"name": "hexadecagon",
			"from": [7.50272, 23.7, 1],
			"to": [8.49728, 24.7, 1.5],
			"rotation": {"angle": 22.5, "axis": "z", "origin": [8, 22.2, 1.5]},
			"faces": {
				"north": {"uv": [0.016, 0.016, 0.5, 0.5], "texture": "#0"},
				"south": {"uv": [0.016, 0.016, 0.5, 0.5], "texture": "#0"},
				"down": {"uv": [0.016, 0.016, 0.5, 0.5], "texture": "#0"}
			}
		},
		{
			"name": "hexadecagon",
			"from": [7.50272, 23.7, 1],
			"to": [8.49728, 24.7, 1.5],
			"rotation": {"angle": 45, "axis": "z", "origin": [8, 22.2, 1.5]},
			"faces": {
				"north": {"uv": [0.016, 0.016, 0.5, 0.5], "texture": "#0"},
				"south": {"uv": [0.016, 0.016, 0.5, 0.5], "texture": "#0"},
				"down": {"uv": [0.016, 0.016, 0.5, 0.5], "texture": "#0"}
			}
		},
		{
			"name": "hexadecagon",
			"from": [5.5, 21.70272, 1],
			"to": [6.5, 22.69728, 1.5],
			"rotation": {"angle": -22.5, "axis": "z", "origin": [8, 22.2, 1.5]},
			"faces": {
				"north": {"uv": [0.016, 0.016, 0.5, 0.5], "texture": "#0"},
				"east": {"uv": [0.016, 0.016, 0.5, 0.5], "texture": "#0"},
				"south": {"uv": [0.016, 0.016, 0.5, 0.5], "texture": "#0"}
			}
		},
		{
			"name": "hexadecagon",
			"from": [5.5, 21.70272, 1],
			"to": [6.5, 22.69728, 1.5],
			"faces": {
				"north": {"uv": [0.016, 0.016, 0.5, 0.5], "texture": "#0"},
				"east": {"uv": [0.016, 0.016, 0.5, 0.5], "texture": "#0"},
				"south": {"uv": [0.016, 0.016, 0.5, 0.5], "texture": "#0"}
			}
		},
		{
			"name": "hexadecagon",
			"from": [5.5, 21.70272, 1],
			"to": [6.5, 22.69728, 1.5],
			"rotation": {"angle": 22.5, "axis": "z", "origin": [8, 22.2, 1.5]},
			"faces": {
				"north": {"uv": [0.016, 0.016, 0.5, 0.5], "texture": "#0"},
				"east": {"uv": [0.016, 0.016, 0.5, 0.5], "texture": "#0"},
				"south": {"uv": [0.016, 0.016, 0.5, 0.5], "texture": "#0"}
			}
		},
		{
			"name": "hexadecagon",
			"from": [9.5, 21.70272, 1],
			"to": [10.5, 22.69728, 1.5],
			"rotation": {"angle": -22.5, "axis": "z", "origin": [8, 22.2, 1.5]},
			"faces": {
				"north": {"uv": [0.016, 0.016, 0.5, 0.5], "texture": "#0"},
				"south": {"uv": [0.016, 0.016, 0.5, 0.5], "texture": "#0"},
				"west": {"uv": [0.016, 0.016, 0.5, 0.5], "texture": "#0"}
			}
		},
		{
			"name": "hexadecagon",
			"from": [9.5, 21.70272, 1],
			"to": [10.5, 22.69728, 1.5],
			"faces": {
				"north": {"uv": [0.016, 0.016, 0.5, 0.5], "texture": "#0"},
				"south": {"uv": [0.016, 0.016, 0.5, 0.5], "texture": "#0"},
				"west": {"uv": [0.016, 0.016, 0.5, 0.5], "texture": "#0"}
			}
		},
		{
			"name": "hexadecagon",
			"from": [9.5, 21.70272, 1],
			"to": [10.5, 22.69728, 1.5],
			"rotation": {"angle": 22.5, "axis": "z", "origin": [8, 22.2, 1.5]},
			"faces": {
				"north": {"uv": [0.016, 0.016, 0.5, 0.5], "texture": "#0"},
				"south": {"uv": [0.016, 0.016, 0.5, 0.5], "texture": "#0"},
				"west": {"uv": [0.016, 0.016, 0.5, 0.5], "texture": "#0"}
			}
		},
		{
			"name": "hexadecagon",
			"from": [11.55272, 22.25554, 14.5],
			"to": [12.54728, 24.75554, 15],
			"rotation": {"angle": -45, "axis": "z", "origin": [12.05, 22.25554, 14.5]},
			"faces": {
				"north": {"uv": [0.5, 0.016, 0.016, 0.5], "texture": "#0"},
				"south": {"uv": [0.5, 0.016, 0.016, 0.5], "texture": "#0"}
			}
		},
		{
			"name": "hexadecagon",
			"from": [11.55272, 22.25554, 14.5],
			"to": [12.54728, 24.75554, 15],
			"rotation": {"angle": -22.5, "axis": "z", "origin": [12.05, 22.25554, 14.5]},
			"faces": {
				"north": {"uv": [0.5, 0.016, 0.016, 0.5], "texture": "#0"},
				"south": {"uv": [0.5, 0.016, 0.016, 0.5], "texture": "#0"}
			}
		},
		{
			"name": "hexadecagon",
			"from": [3.45272, 22.75554, 14.5],
			"to": [6.04728, 24.75554, 15],
			"faces": {
				"north": {"uv": [0.5, 0.016, 0.016, 0.5], "texture": "#0"},
				"south": {"uv": [0.5, 0.016, 0.016, 0.5], "texture": "#0"}
			}
		},
		{
			"name": "hexadecagon",
			"from": [3.45272, 22.25554, 14.5],
			"to": [4.44728, 24.75554, 15],
			"rotation": {"angle": 22.5, "axis": "z", "origin": [3.95, 22.25554, 14.5]},
			"faces": {
				"north": {"uv": [0.5, 0.016, 0.016, 0.5], "texture": "#0"},
				"south": {"uv": [0.5, 0.016, 0.016, 0.5], "texture": "#0"}
			}
		},
		{
			"name": "hexadecagon",
			"from": [3.45272, 22.25554, 14.5],
			"to": [4.44728, 24.75554, 15],
			"rotation": {"angle": 45, "axis": "z", "origin": [3.95, 22.25554, 14.5]},
			"faces": {
				"north": {"uv": [0.5, 0.016, 0.016, 0.5], "texture": "#0"},
				"south": {"uv": [0.5, 0.016, 0.016, 0.5], "texture": "#0"}
			}
		},
		{
			"name": "hexadecagon",
			"from": [1.45, 21.75826, 14.5],
			"to": [3.95, 22.75282, 15],
			"rotation": {"angle": -22.5, "axis": "z", "origin": [3.95, 22.25554, 14.5]},
			"faces": {
				"north": {"uv": [0.5, 0.016, 0.016, 0.5], "texture": "#0"},
				"south": {"uv": [0.5, 0.016, 0.016, 0.5], "texture": "#0"}
			}
		},
		{
			"name": "hexadecagon",
			"from": [1.45, 19.65826, 14.5],
			"to": [5.95, 22.85282, 15],
			"faces": {
				"north": {"uv": [0.5, 0.016, 0.016, 0.5], "texture": "#0"},
				"south": {"uv": [0.5, 0.016, 0.016, 0.5], "texture": "#0"},
				"down": {"uv": [0.016, 0.5, 0.5, 0.016], "texture": "#0"}
			}
		},
		{
			"name": "hexadecagon",
			"from": [12.05, 21.75826, 14.5],
			"to": [14.55, 22.75282, 15],
			"rotation": {"angle": 22.5, "axis": "z", "origin": [12.05, 22.25554, 14.5]},
			"faces": {
				"north": {"uv": [0.5, 0.016, 0.016, 0.5], "texture": "#0"},
				"south": {"uv": [0.5, 0.016, 0.016, 0.5], "texture": "#0"}
			}
		},
		{
			"name": "hexadecagon",
			"from": [10.05, 19.65826, 14.5],
			"to": [14.55, 22.85282, 15],
			"faces": {
				"north": {"uv": [0.5, 0.016, 0.016, 0.5], "texture": "#0"},
				"south": {"uv": [0.5, 0.016, 0.016, 0.5], "texture": "#0"},
				"down": {"uv": [0.016, 0.5, 0.5, 0.016], "texture": "#0"}
			}
		},
		{
			"name": "hexadecagon",
			"from": [9.95272, 22.75554, 14.5],
			"to": [12.54728, 24.75554, 15],
			"faces": {
				"north": {"uv": [0.5, 0.016, 0.016, 0.5], "texture": "#0"},
				"south": {"uv": [0.5, 0.016, 0.016, 0.5], "texture": "#0"}
			}
		},
		{
			"name": "hexadecagon",
			"from": [9.45, 19.65826, 14.5],
			"to": [10.05, 20.75282, 15],
			"faces": {
				"north": {"uv": [0.5, 0.016, 0.016, 0.5], "texture": "#0"},
				"south": {"uv": [0.5, 0.016, 0.016, 0.5], "texture": "#0"},
				"down": {"uv": [0.016, 0.5, 0.5, 0.016], "texture": "#0"}
			}
		},
		{
			"name": "hexadecagon",
			"from": [8.75, 19.65826, 14.5],
			"to": [9.45, 20.35282, 15],
			"faces": {
				"north": {"uv": [0.5, 0.016, 0.016, 0.5], "texture": "#0"},
				"south": {"uv": [0.5, 0.016, 0.016, 0.5], "texture": "#0"},
				"down": {"uv": [0.016, 0.5, 0.5, 0.016], "texture": "#0"}
			}
		},
		{
			"name": "hexadecagon",
			"from": [7.95, 19.65826, 14.5],
			"to": [8.75, 20.15282, 15],
			"faces": {
				"north": {"uv": [0.5, 0.016, 0.016, 0.5], "texture": "#0"},
				"south": {"uv": [0.5, 0.016, 0.016, 0.5], "texture": "#0"},
				"down": {"uv": [0.016, 0.5, 0.5, 0.016], "texture": "#0"}
			}
		},
		{
			"name": "hexadecagon",
			"from": [5.95, 19.65826, 14.5],
			"to": [6.55, 20.75282, 15],
			"faces": {
				"north": {"uv": [0.016, 0.016, 0.5, 0.5], "texture": "#0"},
				"south": {"uv": [0.016, 0.016, 0.5, 0.5], "texture": "#0"},
				"down": {"uv": [0.5, 0.5, 0.016, 0.016], "texture": "#0"}
			}
		},
		{
			"name": "hexadecagon",
			"from": [6.55, 19.65826, 14.5],
			"to": [7.25, 20.35282, 15],
			"faces": {
				"north": {"uv": [0.016, 0.016, 0.5, 0.5], "texture": "#0"},
				"south": {"uv": [0.016, 0.016, 0.5, 0.5], "texture": "#0"},
				"down": {"uv": [0.5, 0.5, 0.016, 0.016], "texture": "#0"}
			}
		},
		{
			"name": "hexadecagon",
			"from": [7.25, 19.65826, 14.5],
			"to": [8.05, 20.15282, 15],
			"faces": {
				"north": {"uv": [0.016, 0.016, 0.5, 0.5], "texture": "#0"},
				"south": {"uv": [0.016, 0.016, 0.5, 0.5], "texture": "#0"},
				"down": {"uv": [0.5, 0.5, 0.016, 0.016], "texture": "#0"}
			}
		},
		{
			"name": "hexadecagon",
			"from": [9.45816, 23.55554, 14.5],
			"to": [9.95272, 24.75554, 15],
			"faces": {
				"north": {"uv": [0.5, 0.016, 0.016, 0.5], "texture": "#0"},
				"south": {"uv": [0.5, 0.016, 0.016, 0.5], "texture": "#0"}
			}
		},
		{
			"name": "hexadecagon",
			"from": [7.8636, 24.25554, 14.5],
			"to": [9.45816, 24.75554, 15],
			"faces": {
				"north": {"uv": [0.5, 0.016, 0.016, 0.5], "texture": "#0"},
				"south": {"uv": [0.5, 0.016, 0.016, 0.5], "texture": "#0"}
			}
		},
		{
			"name": "hexadecagon",
			"from": [6.04728, 23.55554, 14.5],
			"to": [6.54184, 24.75554, 15],
			"faces": {
				"north": {"uv": [0.016, 0.016, 0.5, 0.5], "texture": "#0"},
				"south": {"uv": [0.016, 0.016, 0.5, 0.5], "texture": "#0"}
			}
		},
		{
			"name": "hexadecagon",
			"from": [6.54184, 24.25554, 14.5],
			"to": [8.1364, 24.75554, 15],
			"faces": {
				"north": {"uv": [0.016, 0.016, 0.5, 0.5], "texture": "#0"},
				"south": {"uv": [0.016, 0.016, 0.5, 0.5], "texture": "#0"}
			}
		},
		{
			"name": "hexadecagon",
			"from": [7.50272, 19.7, 14.5],
			"to": [8.49728, 20.7, 15],
			"rotation": {"angle": -45, "axis": "z", "origin": [8, 22.2, 14.5]},
			"faces": {
				"north": {"uv": [0.5, 0.016, 0.016, 0.5], "texture": "#0"},
				"south": {"uv": [0.5, 0.016, 0.016, 0.5], "texture": "#0"},
				"up": {"uv": [0.016, 0.5, 0.5, 0.016], "texture": "#0"}
			}
		},
		{
			"name": "hexadecagon",
			"from": [7.50272, 19.7, 14.5],
			"to": [8.49728, 20.7, 15],
			"rotation": {"angle": -22.5, "axis": "z", "origin": [8, 22.2, 14.5]},
			"faces": {
				"north": {"uv": [0.5, 0.016, 0.016, 0.5], "texture": "#0"},
				"south": {"uv": [0.5, 0.016, 0.016, 0.5], "texture": "#0"},
				"up": {"uv": [0.016, 0.5, 0.5, 0.016], "texture": "#0"}
			}
		},
		{
			"name": "hexadecagon",
			"from": [7.50272, 19.7, 14.5],
			"to": [8.49728, 20.7, 15],
			"faces": {
				"north": {"uv": [0.5, 0.016, 0.016, 0.5], "texture": "#0"},
				"south": {"uv": [0.5, 0.016, 0.016, 0.5], "texture": "#0"},
				"up": {"uv": [0.016, 0.5, 0.5, 0.016], "texture": "#0"}
			}
		},
		{
			"name": "hexadecagon",
			"from": [7.50272, 19.7, 14.5],
			"to": [8.49728, 20.7, 15],
			"rotation": {"angle": 22.5, "axis": "z", "origin": [8, 22.2, 14.5]},
			"faces": {
				"north": {"uv": [0.5, 0.016, 0.016, 0.5], "texture": "#0"},
				"south": {"uv": [0.5, 0.016, 0.016, 0.5], "texture": "#0"},
				"up": {"uv": [0.016, 0.5, 0.5, 0.016], "texture": "#0"}
			}
		},
		{
			"name": "hexadecagon",
			"from": [7.50272, 19.7, 14.5],
			"to": [8.49728, 20.7, 15],
			"rotation": {"angle": 45, "axis": "z", "origin": [8, 22.2, 14.5]},
			"faces": {
				"north": {"uv": [0.5, 0.016, 0.016, 0.5], "texture": "#0"},
				"south": {"uv": [0.5, 0.016, 0.016, 0.5], "texture": "#0"},
				"up": {"uv": [0.016, 0.5, 0.5, 0.016], "texture": "#0"}
			}
		},
		{
			"name": "hexadecagon",
			"from": [7.50272, 23.7, 14.5],
			"to": [8.49728, 24.7, 15],
			"rotation": {"angle": -45, "axis": "z", "origin": [8, 22.2, 14.5]},
			"faces": {
				"north": {"uv": [0.5, 0.016, 0.016, 0.5], "texture": "#0"},
				"south": {"uv": [0.5, 0.016, 0.016, 0.5], "texture": "#0"},
				"down": {"uv": [0.016, 0.5, 0.5, 0.016], "texture": "#0"}
			}
		},
		{
			"name": "hexadecagon",
			"from": [7.50272, 23.7, 14.5],
			"to": [8.49728, 24.7, 15],
			"rotation": {"angle": -22.5, "axis": "z", "origin": [8, 22.2, 14.5]},
			"faces": {
				"north": {"uv": [0.5, 0.016, 0.016, 0.5], "texture": "#0"},
				"south": {"uv": [0.5, 0.016, 0.016, 0.5], "texture": "#0"},
				"down": {"uv": [0.016, 0.5, 0.5, 0.016], "texture": "#0"}
			}
		},
		{
			"name": "hexadecagon",
			"from": [7.50272, 23.7, 14.5],
			"to": [8.49728, 24.7, 15],
			"faces": {
				"north": {"uv": [0.5, 0.016, 0.016, 0.5], "texture": "#0"},
				"south": {"uv": [0.5, 0.016, 0.016, 0.5], "texture": "#0"},
				"down": {"uv": [0.016, 0.5, 0.5, 0.016], "texture": "#0"}
			}
		},
		{
			"name": "hexadecagon",
			"from": [7.50272, 23.7, 14.5],
			"to": [8.49728, 24.7, 15],
			"rotation": {"angle": 22.5, "axis": "z", "origin": [8, 22.2, 14.5]},
			"faces": {
				"north": {"uv": [0.5, 0.016, 0.016, 0.5], "texture": "#0"},
				"south": {"uv": [0.5, 0.016, 0.016, 0.5], "texture": "#0"},
				"down": {"uv": [0.016, 0.5, 0.5, 0.016], "texture": "#0"}
			}
		},
		{
			"name": "hexadecagon",
			"from": [7.50272, 23.7, 14.5],
			"to": [8.49728, 24.7, 15],
			"rotation": {"angle": 45, "axis": "z", "origin": [8, 22.2, 14.5]},
			"faces": {
				"north": {"uv": [0.5, 0.016, 0.016, 0.5], "texture": "#0"},
				"south": {"uv": [0.5, 0.016, 0.016, 0.5], "texture": "#0"},
				"down": {"uv": [0.016, 0.5, 0.5, 0.016], "texture": "#0"}
			}
		},
		{
			"name": "hexadecagon",
			"from": [5.5, 21.70272, 14.5],
			"to": [6.5, 22.69728, 15],
			"rotation": {"angle": -22.5, "axis": "z", "origin": [8, 22.2, 14.5]},
			"faces": {
				"north": {"uv": [0.5, 0.016, 0.016, 0.5], "texture": "#0"},
				"east": {"uv": [0.5, 0.016, 0.016, 0.5], "texture": "#0"},
				"south": {"uv": [0.5, 0.016, 0.016, 0.5], "texture": "#0"}
			}
		},
		{
			"name": "hexadecagon",
			"from": [5.5, 21.70272, 14.5],
			"to": [6.5, 22.69728, 15],
			"faces": {
				"north": {"uv": [0.5, 0.016, 0.016, 0.5], "texture": "#0"},
				"east": {"uv": [0.5, 0.016, 0.016, 0.5], "texture": "#0"},
				"south": {"uv": [0.5, 0.016, 0.016, 0.5], "texture": "#0"}
			}
		},
		{
			"name": "hexadecagon",
			"from": [5.5, 21.70272, 14.5],
			"to": [6.5, 22.69728, 15],
			"rotation": {"angle": 22.5, "axis": "z", "origin": [8, 22.2, 14.5]},
			"faces": {
				"north": {"uv": [0.5, 0.016, 0.016, 0.5], "texture": "#0"},
				"east": {"uv": [0.5, 0.016, 0.016, 0.5], "texture": "#0"},
				"south": {"uv": [0.5, 0.016, 0.016, 0.5], "texture": "#0"}
			}
		},
		{
			"name": "hexadecagon",
			"from": [9.5, 21.70272, 14.5],
			"to": [10.5, 22.69728, 15],
			"rotation": {"angle": -22.5, "axis": "z", "origin": [8, 22.2, 14.5]},
			"faces": {
				"north": {"uv": [0.5, 0.016, 0.016, 0.5], "texture": "#0"},
				"south": {"uv": [0.5, 0.016, 0.016, 0.5], "texture": "#0"},
				"west": {"uv": [0.5, 0.016, 0.016, 0.5], "texture": "#0"}
			}
		},
		{
			"name": "hexadecagon",
			"from": [9.5, 21.70272, 14.5],
			"to": [10.5, 22.69728, 15],
			"faces": {
				"north": {"uv": [0.5, 0.016, 0.016, 0.5], "texture": "#0"},
				"south": {"uv": [0.5, 0.016, 0.016, 0.5], "texture": "#0"},
				"west": {"uv": [0.5, 0.016, 0.016, 0.5], "texture": "#0"}
			}
		},
		{
			"name": "hexadecagon",
			"from": [9.5, 21.70272, 14.5],
			"to": [10.5, 22.69728, 15],
			"rotation": {"angle": 22.5, "axis": "z", "origin": [8, 22.2, 14.5]},
			"faces": {
				"north": {"uv": [0.5, 0.016, 0.016, 0.5], "texture": "#0"},
				"south": {"uv": [0.5, 0.016, 0.016, 0.5], "texture": "#0"},
				"west": {"uv": [0.5, 0.016, 0.016, 0.5], "texture": "#0"}
			}
		},
		{
			"from": [-1, 0.5, 15],
			"to": [17, 18.5, 15.1],
			"faces": {
				"south": {"uv": [0, 0, 16, 16], "texture": "#7"}
			}
		},
		{
			"from": [15, 0.5, -2],
			"to": [15.1, 20.5, 18],
			"faces": {
				"east": {"uv": [0, 0, 16, 16], "texture": "#8"}
			}
		},
		{
			"from": [-1, 0.5, 0.9],
			"to": [17, 18.5, 1],
			"faces": {
				"north": {"uv": [0, 0, 16, 16], "texture": "#6"}
			}
		},
		{
			"from": [0.9, 0.5, -2],
			"to": [1, 20.5, 18],
			"faces": {
				"west": {"uv": [0, 0, 16, 16], "texture": "#9"}
			}
		},
		{
			"from": [1.5, 15.7, 15],
			"to": [14.5, 28.7, 15.1],
			"faces": {
				"south": {"uv": [0, 0, 16, 16], "texture": "#5"}
			}
		},
		{
			"from": [1.5, 15.7, 0.9],
			"to": [14.5, 28.7, 1],
			"faces": {
				"north": {"uv": [0, 0, 16, 16], "texture": "#5"}
			}
		}
	],
	"display": {
		"thirdperson_righthand": {
			"translation": [1.75, -3.25, -3.5],
			"scale": [0.5, 0.5, 0.5]
		},
		"thirdperson_lefthand": {
			"translation": [1.75, -3.25, -3.5],
			"scale": [0.5, 0.5, 0.5]
		},
		"firstperson_righthand": {
			"translation": [6.5, 0, 0]
		},
		"firstperson_lefthand": {
			"translation": [10, 0, 0]
		},
		"ground": {
			"translation": [0, 4.25, 0]
		},
		"gui": {
			"translation": [0, -3, 0],
			"scale": [0.62, 0.62, 0.62]
		},
		"head": {
			"translation": [0, -32.8, 0],
			"scale": [1.3, 1.3, 1.3]
		},
		"fixed": {
			"translation": [0, -5, -7.25],
			"scale": [1.11, 1.11, 1.11]
		}
	},
	"groups": [
		{
			"name": "Posts",
			"children": [
				{
					"name": "Post4",
					"children": [
						{
							"name": "group",
							"children": [0, 1, 2, 3, 4, 5]
						}
					]
				},
				{
					"name": "Post3",
					"children": [
						{
							"name": "group",
							"children": [6, 7, 8, 9, 10, 11, 12]
						}
					]
				},
				{
					"name": "Post2",
					"children": [
						{
							"name": "group",
							"children": [13, 14, 15, 16, 17, 18, 19]
						}
					]
				},
				{
					"name": "Post1",
					"children": [
						{
							"name": "group",
							"children": [20, 21, 22, 23, 24, 25]
						}
					]
				}
			]
		},
		{
			"name": "Walls",
			"children": [26, 27, 28, 29,
				{
					"name": "Topcurves",
					"children": [
						{
							"name": "TopCurve1",
							"children": [30, 31, 32, 33, 34]
						},
						{
							"name": "TopCurve2",
							"children": [35, 36, 37, 38]
						}
					]
				}, 39, 40, 41]
		},
		{
			"name": "Flaps",
			"children": [
				{
					"name": "Flap1",
					"children": [42, 43, 44, 45, 46, 47, 48, 49, 50, 51, 52, 53, 54, 55, 56, 57, 58, 59, 60, 61,
						{
							"name": "hole",
							"children": [62, 63, 64, 65, 66, 67, 68, 69, 70, 71, 72, 73, 74, 75, 76, 77]
						}
					]
				},
				{
					"name": "Flap2",
					"children": [78, 79, 80, 81, 82, 83, 84, 85, 86, 87, 88, 89, 90, 91, 92, 93, 94, 95, 96, 97,
						{
							"name": "hole",
							"children": [98, 99, 100, 101, 102, 103, 104, 105, 106, 107, 108, 109, 110, 111, 112, 113]
						}
					]
				}
			]
		},
		{
			"name": "Display",
			"children": [
				{
					"name": "Body",
					"children": [114, 115, 116, 117]
				},
				{
					"name": "Hole",
					"children": [118, 119]
				}
			]
		}
	]
}