{
	"credit": "Made by _Kastle. Message Kastle#4801 on Discord for inquiries. If you recieved this model from someone other than myself without context, it was probably stolen.",
  "parent": "item/_custom/parents/trashcan",
	"textures": {
		"0": "block/light_blue_concrete",
		"2": "block/snow",
		"3": "custom/fantasyland/swtrashcan",
		"4": "block/snow",
		"5": "custom/fantasyland/swtrashcan",
		"6": "custom/fantasyland/swtrashdies",
		"7": "custom/fantasyland/swtrashdies",
		"particle": "block/snow"
  }
}
