{
	"credit": "Made by _Kastle with Blockbench. Message Kastle#4801 on Discord for inquiries. If you recieved this model from someone other than myself without context, it was probably stolen.",
	"textures": {
		"0": "custom/entranceplaza/dlmapfull",
		"1": "block/white_concrete",
		"particle": "custom/entranceplaza/dlmapfull"
	},
	"elements": [
		{
			"from": [-15.89712, 0.45861, 7.94369],
			"to": [31.94288, 20.03361, 8.09319],
			"faces": {
				"north": {"uv": [0, 0, 16, 6.326], "texture": "#0"},
				"east": {"uv": [0, 0, 0.1, 7.26], "texture": "#1"},
				"south": {"uv": [0, 9.586, 16, 15.911], "texture": "#0"},
				"west": {"uv": [0, 0, 0.1, 7.26], "texture": "#1"},
				"up": {"uv": [0, 0, 0.1, 16], "rotation": 270, "texture": "#1"},
				"down": {"uv": [0, 0, 1.049, 6], "rotation": 90, "texture": "#1"}
			}
		}
	],
	"display": {
		"thirdperson_righthand": {
			"translation": [-6, 5.25, 0],
			"scale": [0.65, 0.65, 0.65]
		},
		"thirdperson_lefthand": {
			"translation": [-6, 5.25, 0],
			"scale": [0.65, 0.65, 0.65]
		},
		"firstperson_righthand": {
			"translation": [-9, 4.5, 0],
			"scale": [0.5, 0.5, 0.5]
		},
		"firstperson_lefthand": {
			"translation": [-9, 4.5, 0],
			"scale": [0.5, 0.5, 0.5]
		},
		"ground": {
			"translation": [0, 8.75, 0],
			"scale": [1.5, 1.5, 1.5]
		},
		"gui": {
			"rotation": [0, 180, 0],
			"translation": [0, -5.25, 0],
			"scale": [0.33, 0.33, 0.33]
		},
		"head": {
			"rotation": [0, 180, 0],
			"translation": [0, 8.25, 9.75],
			"scale": [4, 4, 4]
		},
		"fixed": {
			"rotation": [0, 180, 0],
			"translation": [0, -7.75, -1],
			"scale": [4, 4, 4]
		}
	}
}