{
  "parent": "item/generated",
  "textures": {
    "layer0": "item/diamond"
  },
  "overrides": [
    {"predicate": {"custom_model_data": 1},"model": "item/_custom/mainstreetusa/signage/colasign"},
    {"predicate": {"custom_model_data": 2},"model": "item/_custom/accessories/items/dirtjar"},
    {"predicate": {"custom_model_data": 3},"model": "item/_custom/accessories/items/barrel"},
    {"predicate": {"custom_model_data": 4},"model": "item/_custom/mainstreetusa/lighting/streetlamp1"},
    {"predicate": {"custom_model_data": 5},"model": "item/_custom/entranceplaza/lighting/lamp1"},
    {"predicate": {"custom_model_data": 6},"model": "item/_custom/entranceplaza/turnstiles/turnstiledl"},
    {"predicate": {"custom_model_data": 7},"model": "item/_custom/entranceplaza/security/metaldetector"},
    {"predicate": {"custom_model_data": 8},"model": "item/_custom/entranceplaza/security/clothfence"},
    {"predicate": {"custom_model_data": 9},"model": "item/_custom/grizzlypeak/grizzlyriverrun/dryer"},
    {"predicate": {"custom_model_data": 10},"model": "item/_custom/tomorrowland/spacemountain/spacemtncar"},
    {"predicate": {"custom_model_data": 11},"model": "item/_custom/adventureland/indiannajonesadventure/indyjeep"},
    {"predicate": {"custom_model_data": 12},"model": "item/_custom/mainstreetusa/vehicles/doubledeckerbus"},
    {"predicate": {"custom_model_data": 13},"model": "item/_custom/entranceplaza/turnstiles/turnstiledca1"},
    {"predicate": {"custom_model_data": 14},"model": "item/_custom/entranceplaza/turnstiles/turnstiledca2"},
    {"predicate": {"custom_model_data": 15},"model": "item/_custom/pixarpier/lighting/pixarlamp1"},
    {"predicate": {"custom_model_data": 16},"model": "item/_custom/tomorrowland/trashcans/tlrecyclebin"},
    {"predicate": {"custom_model_data": 17},"model": "item/_custom/tomorrowland/trashcans/tltrashcan"},
    {"predicate": {"custom_model_data": 18},"model": "item/_custom/entranceplaza/trashcans/eprecyclebin"},
    {"predicate": {"custom_model_data": 19},"model": "item/_custom/entranceplaza/trashcans/eptrashcan"},
    {"predicate": {"custom_model_data": 20},"model": "item/_custom/mainstreetusa/trashcans/msrecyclebin"},
    {"predicate": {"custom_model_data": 21},"model": "item/_custom/mainstreetusa/trashcans/mstrashcan"},
    {"predicate": {"custom_model_data": 22},"model": "item/_custom/pixarpier/trashcans/pixrecyclebin"},
    {"predicate": {"custom_model_data": 23},"model": "item/_custom/pixarpier/trashcans/pixtrashcan"},
    {"predicate": {"custom_model_data": 24},"model": "item/_custom/pixarpier/incredicoaster/trashcans/icrecyclebin"},
    {"predicate": {"custom_model_data": 25},"model": "item/_custom/pixarpier/incredicoaster/trashcans/ictrashcan"},
    {"predicate": {"custom_model_data": 26},"model": "item/_custom/fantasyland/smallworld/trashcans/swrecyclebin"},
    {"predicate": {"custom_model_data": 27},"model": "item/_custom/fantasyland/smallworld/trashcans/swtrashcan"},
    {"predicate": {"custom_model_data": 28},"model": "item/_custom/adventureland/indiannajonesadventure/trashcans/indyrecyclebin"},
    {"predicate": {"custom_model_data": 29},"model": "item/_custom/adventureland/indiannajonesadventure/trashcans/indytrashcan"},
    {"predicate": {"custom_model_data": 30},"model": "item/_custom/adventureland/trashcans/alrecyclebin"},
    {"predicate": {"custom_model_data": 31},"model": "item/_custom/adventureland/trashcans/altrashcan"},
    {"predicate": {"custom_model_data": 32},"model": "item/_custom/pacificwharf/trashcans/pwrecyclebin"},
    {"predicate": {"custom_model_data": 33},"model": "item/_custom/pacificwharf/trashcans/pwtrashcan"},
    {"predicate": {"custom_model_data": 34},"model": "item/_custom/downtowndisney/trashcans/ddrecyclebin"},
    {"predicate": {"custom_model_data": 35},"model": "item/_custom/downtowndisney/trashcans/ddtrashcan"},
    {"predicate": {"custom_model_data": 36},"model": "item/_custom/mainstreetusa/seating/bench"},
    {"predicate": {"custom_model_data": 37},"model": "item/_custom/carsland/trashcans/rsrecyclebin"},
    {"predicate": {"custom_model_data": 38},"model": "item/_custom/carsland/trashcans/rstrashcan"},
    {"predicate": {"custom_model_data": 39},"model": "item/_custom/carsland/rsr/trashcans/rsrrecyclebin"},
    {"predicate": {"custom_model_data": 40},"model": "item/_custom/carsland/rsr/trashcans/rsrtrashcan"},
    {"predicate": {"custom_model_data": 41},"model": "item/_custom/neworleanssquare/trashcans/nsqrecyclebin"},
    {"predicate": {"custom_model_data": 42},"model": "item/_custom/neworleanssquare/trashcans/nsqtrashcan"},
    {"predicate": {"custom_model_data": 43},"model": "item/_custom/neworleanssquare/hauntedmansion/trashcans/hmrecyclebin"},
    {"predicate": {"custom_model_data": 44},"model": "item/_custom/neworleanssquare/hauntedmansion/trashcans/hmtrashcan"},
    {"predicate": {"custom_model_data": 45},"model": "item/_custom/mainstreetusa/trainstation/locomotive"},
    {"predicate": {"custom_model_data": 46},"model": "item/_custom/grizzlypeak/trashcans/gpaltrecyclebin"},
    {"predicate": {"custom_model_data": 47},"model": "item/_custom/grizzlypeak/trashcans/gpalttrashcan"},
    {"predicate": {"custom_model_data": 48},"model": "item/_custom/grizzlypeak/trashcans/gprecyclebin"},
    {"predicate": {"custom_model_data": 49},"model": "item/_custom/grizzlypeak/trashcans/gptrashcan"},
    {"predicate": {"custom_model_data": 50},"model": "item/_custom/fantasyland/trashcans/flrecyclebin"},
    {"predicate": {"custom_model_data": 51},"model": "item/_custom/fantasyland/trashcans/fltrashcan"},
    {"predicate": {"custom_model_data": 52},"model": "item/_custom/toontown/trashcans/ttrecyclebin"},
    {"predicate": {"custom_model_data": 53},"model": "item/_custom/toontown/trashcans/tttrashcan"},
    {"predicate": {"custom_model_data": 54},"model": "item/_custom/entranceplaza/tram/tramengine"},
    {"predicate": {"custom_model_data": 55},"model": "item/_custom/crittercountry/trashcans/ccrecyclebin"},
    {"predicate": {"custom_model_data": 56},"model": "item/_custom/crittercountry/trashcans/cctrashcan"},
    {"predicate": {"custom_model_data": 57},"model": "item/_custom/tomorrowland/startours/trashcans/strecyclebin"},
    {"predicate": {"custom_model_data": 58},"model": "item/_custom/tomorrowland/startours/trashcans/sttrashcan"},
    {"predicate": {"custom_model_data": 59},"model": "item/_custom/buenavistastreet/trashcans/bsrecyclebin"},
    {"predicate": {"custom_model_data": 60},"model": "item/_custom/buenavistastreet/trashcans/bstrashcan"},
    {"predicate": {"custom_model_data": 61},"model": "item/_custom/hollywoodland/trashcans/hlrecyclebin"},
    {"predicate": {"custom_model_data": 62},"model": "item/_custom/hollywoodland/trashcans/hltrashcan"},
    {"predicate": {"custom_model_data": 63},"model": "item/_custom/hollywoodland/monstersinc/trashcans/mirecyclebin"},
    {"predicate": {"custom_model_data": 64},"model": "item/_custom/hollywoodland/monstersinc/trashcans/mitrashcan"},
    {"predicate": {"custom_model_data": 65},"model": "item/_custom/hollywoodland/missionbreakout/trashcans/hlrecyclebin"},
    {"predicate": {"custom_model_data": 66},"model": "item/_custom/hollywoodland/missionbreakout/trashcans/hltrashcan"},
    {"predicate": {"custom_model_data": 67},"model": "item/_custom/pixarpier/toystorymania/trashcans/pixrecyclebin"},
    {"predicate": {"custom_model_data": 68},"model": "item/_custom/pixarpier/toystorymania/trashcans/pixtrashcan"},
    {"predicate": {"custom_model_data": 69},"model": "item/_custom/entranceplaza/signage/dcaletters"},
    {"predicate": {"custom_model_data": 70}, "model": "item/_custom/entranceplaza/maps/dlmap"},
		{"predicate": {"custom_model_data": 71}, "model": "item/_custom/entranceplaza/maps/dcamap"},
		{"predicate": {"custom_model_data": 72}, "model": "item/_custom/buenavistastreet/seating/bench"},
		{"predicate": {"custom_model_data": 73}, "model": "item/_custom/accessories/items/starwarslamp"},
		{"predicate": {"custom_model_data": 74}, "model": "item/_custom/fantasyland/castle/castlebanner"}
	]
}
