{
	"parent": "builtin/entity",
	"display": {
		"thirdperson_righthand": {
			"rotation": [ 0, 90, 0 ],
			"translation": [ 10.51, 6, -4 ]
		},
		"thirdperson_lefthand": {
			"rotation": [ 0, 90, 0 ],
			"translation": [ 10.51, 6, 12 ]
		},
		"firstperson_righthand": {
			"rotation": [ 0, 180, 5 ],
			"translation": [ -10, 2, -10 ],
			"scale": [ 1.25, 1.25, 1.25 ]
		},
		"firstperson_lefthand": {
			"rotation": [ 0, 180, 5 ],
			"translation": [ 10, 0, -10 ],
			"scale": [ 1.25, 1.25, 1.25 ]
		},
		"gui": {
			"rotation": [ 15, -25, -5 ],
			"translation": [ 2, 3, 0 ],
			"scale": [ 0.65, 0.65, 0.65 ]
		},
		"fixed": {
			"rotation": [ 0, 180, 0 ],
			"translation": [ -2, 4, -5],
			"scale":[ 0.5, 0.5, 0.5]
		},
		"ground": {
			"translation": [ 4, 4, 2],
			"scale":[ 0.25, 0.25, 0.25]
		}
	},
	"overrides": [
		{
				"predicate": {
						"blocking": 1
				},
				"model": "item/shield_blocking"
		},
    {"predicate": {"custom_model_data": 1},"model": "item/_custom/accessories/shields/mickeyshield"},
		{ "predicate": {"custom_model_data": 1, "blocking": 1}, "model": "item/_custom/accessories/shields/mickeyshield" }
	]
}
