{
	"credit": "Made by _Kastle. Message Kastle#4801 on Discord for inquiries. If you recieved this model from someone other than myself without context, it was probably stolen.",
	"textures": {
		"0": "custom/adventureland/indytrash",
		"1": "custom/adventureland/indytrashside",
		"particle": "custom/adventureland/indytrash"
	},
	"elements": [
		{
			"from": [0, 0, 0],
			"to": [1.5, 0.5, 1.5],
			"faces": {
				"north": {"uv": [1.5, 0.016, 0.016, 0.5], "texture": "#1"},
				"east": {"uv": [1.5, 0.016, 0.016, 0.5], "texture": "#1"},
				"south": {"uv": [1.5, 0.016, 0.016, 0.5], "texture": "#1"},
				"west": {"uv": [1.5, 0.016, 0.016, 0.5], "texture": "#1"},
				"up": {"uv": [0.016, 1.5, 1.5, 0.016], "texture": "#1"},
				"down": {"uv": [0.016, 1.5, 1.5, 0.016], "texture": "#1"}
			}
		},
		{
			"from": [0.5, 0.5, 0.5],
			"to": [1.5, 21.5, 1.5],
			"faces": {
				"north": {"uv": [0.984, 0.016, 0.016, 15.984], "texture": "#1"},
				"east": {"uv": [0.984, 0.016, 0.016, 15.984], "texture": "#1"},
				"south": {"uv": [0.984, 0.016, 0.016, 15.984], "texture": "#1"},
				"west": {"uv": [0.984, 0.016, 0.016, 15.984], "texture": "#1"}
			}
		},
		{
			"name": "hexadecagon",
			"from": [3.30381, 24.69619, 0.5],
			"to": [4.69619, 25.69619, 1.5],
			"rotation": {"angle": 22.5, "axis": "z", "origin": [4, 22.19619, 1]},
			"faces": {
				"north": {"uv": [0, 0, 1.39238, 1], "texture": "#1"},
				"east": {"uv": [0.5, 0.016, 0.016, 0.5], "texture": "#1"},
				"south": {"uv": [0, 0, 1.39238, 1], "texture": "#1"},
				"west": {"uv": [0.5, 0.016, 0.016, 0.5], "texture": "#1"},
				"up": {"uv": [0, 0, 1.39238, 1], "texture": "#1"},
				"down": {"uv": [0.016, 0.5, 0.5, 0.016], "texture": "#1"}
			}
		},
		{
			"name": "hexadecagon",
			"from": [3.30381, 24.69619, 0.5],
			"to": [4.69619, 25.69619, 1.5],
			"rotation": {"angle": 45, "axis": "z", "origin": [4, 22.19619, 1]},
			"faces": {
				"north": {"uv": [0, 0, 1.39238, 1], "texture": "#1"},
				"east": {"uv": [0.5, 0.016, 0.016, 0.5], "texture": "#1"},
				"south": {"uv": [0, 0, 1.39238, 1], "texture": "#1"},
				"up": {"uv": [0, 0, 1.39238, 1], "texture": "#1"},
				"down": {"uv": [0.016, 0.5, 0.5, 0.016], "texture": "#1"}
			}
		},
		{
			"name": "hexadecagon",
			"from": [0.5, 21.5, 0.5],
			"to": [1.5, 22.89239, 1.5],
			"rotation": {"angle": -22.5, "axis": "z", "origin": [4, 22.19619, 1]},
			"faces": {
				"north": {"uv": [0, 0, 1, 1.39239], "texture": "#1"},
				"east": {"uv": [0.5, 0.016, 0.016, 0.5], "texture": "#1"},
				"south": {"uv": [0, 0, 1, 1.39239], "texture": "#1"},
				"west": {"uv": [0, 0, 1, 1.39239], "texture": "#1"},
				"up": {"uv": [0.016, 0.5, 0.5, 0.016], "texture": "#1"}
			}
		},
		{
			"name": "hexadecagon",
			"from": [0.5, 21.5, 0.5],
			"to": [1.5, 22.89239, 1.5],
			"faces": {
				"north": {"uv": [0, 0, 1, 1.39239], "texture": "#1"},
				"east": {"uv": [0.5, 0.016, 0.016, 0.5], "texture": "#1"},
				"south": {"uv": [0, 0, 1, 1.39239], "texture": "#1"},
				"west": {"uv": [0, 0, 1, 1.39239], "texture": "#1"},
				"up": {"uv": [0.016, 0.5, 0.5, 0.016], "texture": "#1"}
			}
		},
		{
			"from": [14.5, 0, 0],
			"to": [16, 0.5, 1.5],
			"faces": {
				"north": {"uv": [0.016, 0.016, 1.5, 0.5], "texture": "#1"},
				"east": {"uv": [0.016, 0.016, 1.5, 0.5], "texture": "#1"},
				"south": {"uv": [0.016, 0.016, 1.5, 0.5], "texture": "#1"},
				"west": {"uv": [0.016, 0.016, 1.5, 0.5], "texture": "#1"},
				"up": {"uv": [1.5, 1.5, 0.016, 0.016], "texture": "#1"},
				"down": {"uv": [1.5, 1.5, 0.016, 0.016], "texture": "#1"}
			}
		},
		{
			"from": [14.5, 0.5, 0.5],
			"to": [15.5, 21.5, 1.5],
			"faces": {
				"north": {"uv": [0.016, 0.016, 0.984, 15.984], "texture": "#1"},
				"east": {"uv": [0.016, 0.016, 0.984, 15.984], "texture": "#1"},
				"south": {"uv": [0.016, 0.016, 0.984, 15.984], "texture": "#1"},
				"west": {"uv": [0.016, 0.016, 0.984, 15.984], "texture": "#1"}
			}
		},
		{
			"name": "hexadecagon",
			"from": [3.30381, 24.69619, 0.5],
			"to": [12.69619, 25.69619, 1.5],
			"faces": {
				"north": {"uv": [0, 0, 9.39238, 1], "texture": "#1"},
				"east": {"uv": [0.016, 0.016, 0.5, 0.5], "texture": "#1"},
				"south": {"uv": [0, 0, 9.39238, 1], "texture": "#1"},
				"west": {"uv": [0.016, 0.016, 0.5, 0.5], "texture": "#1"},
				"up": {"uv": [0, 0, 9.39238, 1], "texture": "#1"},
				"down": {"uv": [0.5, 0.5, 0.016, 0.016], "texture": "#1"}
			}
		},
		{
			"name": "hexadecagon",
			"from": [11.30381, 24.69619, 0.5],
			"to": [12.69619, 25.69619, 1.5],
			"rotation": {"angle": -22.5, "axis": "z", "origin": [12, 22.19619, 1]},
			"faces": {
				"north": {"uv": [0, 0, 1.39238, 1], "texture": "#1"},
				"east": {"uv": [0.016, 0.016, 0.5, 0.5], "texture": "#1"},
				"south": {"uv": [0, 0, 1.39238, 1], "texture": "#1"},
				"west": {"uv": [0.016, 0.016, 0.5, 0.5], "texture": "#1"},
				"up": {"uv": [0, 0, 1.39238, 1], "texture": "#1"},
				"down": {"uv": [0.5, 0.5, 0.016, 0.016], "texture": "#1"}
			}
		},
		{
			"name": "hexadecagon",
			"from": [11.30381, 24.69619, 0.5],
			"to": [12.69619, 25.69619, 1.5],
			"rotation": {"angle": -45, "axis": "z", "origin": [12, 22.19619, 1]},
			"faces": {
				"north": {"uv": [0, 0, 1.39238, 1], "texture": "#1"},
				"south": {"uv": [0, 0, 1.39238, 1], "texture": "#1"},
				"west": {"uv": [0.016, 0.016, 0.5, 0.5], "texture": "#1"},
				"up": {"uv": [0, 0, 1.39238, 1], "texture": "#1"},
				"down": {"uv": [0.5, 0.5, 0.016, 0.016], "texture": "#1"}
			}
		},
		{
			"name": "hexadecagon",
			"from": [14.5, 21.5, 0.5],
			"to": [15.5, 22.89239, 1.5],
			"rotation": {"angle": 22.5, "axis": "z", "origin": [12, 22.19619, 1]},
			"faces": {
				"north": {"uv": [0, 0, 1, 1.39239], "texture": "#1"},
				"east": {"uv": [0, 0, 1, 1.39239], "texture": "#1"},
				"south": {"uv": [0, 0, 1, 1.39239], "texture": "#1"},
				"west": {"uv": [0.016, 0.016, 0.5, 0.5], "texture": "#1"},
				"up": {"uv": [0.5, 0.5, 0.016, 0.016], "texture": "#1"}
			}
		},
		{
			"name": "hexadecagon",
			"from": [14.5, 21.5, 0.5],
			"to": [15.5, 22.89239, 1.5],
			"faces": {
				"north": {"uv": [0, 0, 1, 1.39239], "texture": "#1"},
				"east": {"uv": [0, 0, 1, 1.39239], "texture": "#1"},
				"south": {"uv": [0, 0, 1, 1.39239], "texture": "#1"},
				"west": {"uv": [0.016, 0.016, 0.5, 0.5], "texture": "#1"},
				"up": {"uv": [0.5, 0.5, 0.016, 0.016], "texture": "#1"}
			}
		},
		{
			"from": [14.5, 0, 14.5],
			"to": [16, 0.5, 16],
			"faces": {
				"north": {"uv": [1.5, 0.016, 0.016, 0.5], "texture": "#1"},
				"east": {"uv": [1.5, 0.016, 0.016, 0.5], "texture": "#1"},
				"south": {"uv": [1.5, 0.016, 0.016, 0.5], "texture": "#1"},
				"west": {"uv": [1.5, 0.016, 0.016, 0.5], "texture": "#1"},
				"up": {"uv": [1.5, 0.016, 0.016, 1.5], "texture": "#1"},
				"down": {"uv": [1.5, 0.016, 0.016, 1.5], "texture": "#1"}
			}
		},
		{
			"from": [14.5, 0.5, 14.5],
			"to": [15.5, 21.5, 15.5],
			"faces": {
				"north": {"uv": [0.984, 0.016, 0.016, 15.984], "texture": "#1"},
				"east": {"uv": [0.984, 0.016, 0.016, 15.984], "texture": "#1"},
				"south": {"uv": [0.984, 0.016, 0.016, 15.984], "texture": "#1"},
				"west": {"uv": [0.984, 0.016, 0.016, 15.984], "texture": "#1"}
			}
		},
		{
			"name": "hexadecagon",
			"from": [3.30381, 24.69619, 14.5],
			"to": [12.69619, 25.69619, 15.5],
			"faces": {
				"north": {"uv": [0, 0, 9.39238, 1], "texture": "#1"},
				"east": {"uv": [0.5, 0.016, 0.016, 0.5], "texture": "#1"},
				"south": {"uv": [0, 0, 9.39238, 1], "texture": "#1"},
				"west": {"uv": [0.5, 0.016, 0.016, 0.5], "texture": "#1"},
				"up": {"uv": [0, 0, 9.39238, 1], "texture": "#1"},
				"down": {"uv": [0.5, 0.016, 0.016, 0.5], "texture": "#1"}
			}
		},
		{
			"name": "hexadecagon",
			"from": [11.30381, 24.69619, 14.5],
			"to": [12.69619, 25.69619, 15.5],
			"rotation": {"angle": -22.5, "axis": "z", "origin": [12, 22.19619, 15]},
			"faces": {
				"north": {"uv": [0, 0, 1.39238, 1], "texture": "#1"},
				"east": {"uv": [0.5, 0.016, 0.016, 0.5], "texture": "#1"},
				"south": {"uv": [0, 0, 1.39238, 1], "texture": "#1"},
				"west": {"uv": [0.5, 0.016, 0.016, 0.5], "texture": "#1"},
				"up": {"uv": [0, 0, 1.39238, 1], "texture": "#1"},
				"down": {"uv": [0.5, 0.016, 0.016, 0.5], "texture": "#1"}
			}
		},
		{
			"name": "hexadecagon",
			"from": [11.30381, 24.69619, 14.5],
			"to": [12.69619, 25.69619, 15.5],
			"rotation": {"angle": -45, "axis": "z", "origin": [12, 22.19619, 15]},
			"faces": {
				"north": {"uv": [0, 0, 1.39238, 1], "texture": "#1"},
				"south": {"uv": [0, 0, 1.39238, 1], "texture": "#1"},
				"west": {"uv": [0.5, 0.016, 0.016, 0.5], "texture": "#1"},
				"up": {"uv": [0, 0, 1.39238, 1], "texture": "#1"},
				"down": {"uv": [0.5, 0.016, 0.016, 0.5], "texture": "#1"}
			}
		},
		{
			"name": "hexadecagon",
			"from": [14.5, 21.5, 14.5],
			"to": [15.5, 22.89239, 15.5],
			"rotation": {"angle": 22.5, "axis": "z", "origin": [12, 22.19619, 15]},
			"faces": {
				"north": {"uv": [0, 0, 1, 1.39239], "texture": "#1"},
				"east": {"uv": [0, 0, 1, 1.39239], "texture": "#1"},
				"south": {"uv": [0, 0, 1, 1.39239], "texture": "#1"},
				"west": {"uv": [0.5, 0.016, 0.016, 0.5], "texture": "#1"},
				"up": {"uv": [0, 0, 1, 1], "texture": "#1"}
			}
		},
		{
			"name": "hexadecagon",
			"from": [14.5, 21.5, 14.5],
			"to": [15.5, 22.89239, 15.5],
			"faces": {
				"north": {"uv": [0, 0, 1, 1.39239], "texture": "#1"},
				"east": {"uv": [0, 0, 1, 1.39239], "texture": "#1"},
				"south": {"uv": [0, 0, 1, 1.39239], "texture": "#1"},
				"west": {"uv": [0.5, 0.016, 0.016, 0.5], "texture": "#1"},
				"up": {"uv": [0, 0, 1, 1], "texture": "#1"}
			}
		},
		{
			"from": [0, 0, 14.5],
			"to": [1.5, 0.5, 16],
			"faces": {
				"north": {"uv": [0.016, 0.016, 1.5, 0.5], "texture": "#1"},
				"east": {"uv": [0.016, 0.016, 1.5, 0.5], "texture": "#1"},
				"south": {"uv": [0.016, 0.016, 1.5, 0.5], "texture": "#1"},
				"west": {"uv": [0.016, 0.016, 1.5, 0.5], "texture": "#1"},
				"up": {"uv": [0.016, 0.016, 1.5, 1.5], "texture": "#1"},
				"down": {"uv": [0.016, 0.016, 1.5, 1.5], "texture": "#1"}
			}
		},
		{
			"from": [0.5, 0.5, 14.5],
			"to": [1.5, 21.5, 15.5],
			"faces": {
				"north": {"uv": [0.016, 0.016, 0.984, 15.984], "texture": "#1"},
				"east": {"uv": [0.016, 0.016, 0.984, 15.984], "texture": "#1"},
				"south": {"uv": [0.016, 0.016, 0.984, 15.984], "texture": "#1"},
				"west": {"uv": [0.016, 0.016, 0.984, 15.984], "texture": "#1"}
			}
		},
		{
			"name": "hexadecagon",
			"from": [3.30381, 24.69619, 14.5],
			"to": [4.69619, 25.69619, 15.5],
			"rotation": {"angle": 22.5, "axis": "z", "origin": [4, 22.19619, 15]},
			"faces": {
				"north": {"uv": [0, 0, 1.39238, 1], "texture": "#1"},
				"east": {"uv": [0.016, 0.016, 0.5, 0.5], "texture": "#1"},
				"south": {"uv": [0, 0, 1.39238, 1], "texture": "#1"},
				"west": {"uv": [0.016, 0.016, 0.5, 0.5], "texture": "#1"},
				"up": {"uv": [0, 0, 1.39238, 1], "texture": "#1"},
				"down": {"uv": [0.016, 0.016, 0.5, 0.5], "texture": "#1"}
			}
		},
		{
			"name": "hexadecagon",
			"from": [3.30381, 24.69619, 14.5],
			"to": [4.69619, 25.69619, 15.5],
			"rotation": {"angle": 45, "axis": "z", "origin": [4, 22.19619, 15]},
			"faces": {
				"north": {"uv": [0, 0, 1.39238, 1], "texture": "#1"},
				"east": {"uv": [0.016, 0.016, 0.5, 0.5], "texture": "#1"},
				"south": {"uv": [0, 0, 1.39238, 1], "texture": "#1"},
				"up": {"uv": [0, 0, 1.39238, 1], "texture": "#1"},
				"down": {"uv": [0.016, 0.016, 0.5, 0.5], "texture": "#1"}
			}
		},
		{
			"name": "hexadecagon",
			"from": [0.5, 21.5, 14.5],
			"to": [1.5, 22.89239, 15.5],
			"rotation": {"angle": -22.5, "axis": "z", "origin": [4, 22.19619, 15]},
			"faces": {
				"north": {"uv": [0, 0, 1, 1.39239], "texture": "#1"},
				"east": {"uv": [0.016, 0.016, 0.5, 0.5], "texture": "#1"},
				"south": {"uv": [0, 0, 1, 1.39239], "texture": "#1"},
				"west": {"uv": [0, 0, 1, 1.39239], "texture": "#1"},
				"up": {"uv": [0, 0, 1, 1], "texture": "#1"}
			}
		},
		{
			"name": "hexadecagon",
			"from": [0.5, 21.5, 14.5],
			"to": [1.5, 22.89239, 15.5],
			"faces": {
				"north": {"uv": [0, 0, 1, 1.39239], "texture": "#1"},
				"east": {"uv": [0.016, 0.016, 0.5, 0.5], "texture": "#1"},
				"south": {"uv": [0, 0, 1, 1.39239], "texture": "#1"},
				"west": {"uv": [0, 0, 1, 1.39239], "texture": "#1"},
				"up": {"uv": [0.016, 0.016, 0.5, 0.5], "texture": "#1"}
			}
		},
		{
			"from": [14.5, 0.5, 1.5],
			"to": [15, 21.4, 14.5],
			"faces": {
				"east": {"uv": [3, 0, 15.968, 15.968], "texture": "#1"},
				"west": {"uv": [1.016, 0.016, 13.984, 15.984], "texture": "#1"},
				"up": {"uv": [1.016, 0.016, 1.5, 12.984], "texture": "#1"},
				"down": {"uv": [1.016, 0.016, 1.5, 12.984], "texture": "#1"}
			}
		},
		{
			"from": [1, 0.5, 1.5],
			"to": [1.5, 21.4, 14.5],
			"faces": {
				"east": {"uv": [1.016, 0.016, 13.984, 15.984], "texture": "#1"},
				"west": {"uv": [1.016, 0.016, 13.984, 15.984], "texture": "#1"},
				"up": {"uv": [1.016, 0.016, 1.5, 12.984], "texture": "#1"},
				"down": {"uv": [1.016, 0.016, 1.5, 12.984], "texture": "#1"}
			}
		},
		{
			"from": [1.5, 0.5, 1],
			"to": [14.5, 19.5, 1.5],
			"faces": {
				"north": {"uv": [0, 0, 12.968, 15.968], "texture": "#1"},
				"south": {"uv": [1.016, 0.016, 13.984, 15.984], "texture": "#1"},
				"up": {"uv": [1.016, 0.016, 1.5, 12.984], "rotation": 90, "texture": "#1"},
				"down": {"uv": [1.016, 0.016, 1.5, 12.984], "rotation": 270, "texture": "#1"}
			}
		},
		{
			"from": [1.5, 0.5, 14.5],
			"to": [14.5, 19.5, 15],
			"faces": {
				"north": {"uv": [1.016, 0.016, 13.984, 15.984], "texture": "#1"},
				"south": {"uv": [0, 0, 12.968, 15.968], "texture": "#1"},
				"up": {"uv": [1.016, 0.016, 1.5, 12.984], "rotation": 90, "texture": "#1"},
				"down": {"uv": [1.016, 0.016, 1.5, 12.984], "rotation": 270, "texture": "#1"}
			}
		},
		{
			"name": "hexadecagon",
			"from": [11.40326, 24.69674, 1.5],
			"to": [12.59674, 25.19674, 14.5],
			"rotation": {"angle": -45, "axis": "z", "origin": [12, 22.19674, 2]},
			"faces": {
				"east": {"uv": [0.016, 0.016, 0.5, 0.5], "texture": "#1"},
				"west": {"uv": [0.016, 0.016, 0.5, 0.5], "texture": "#1"},
				"up": {"uv": [0, 0, 1.19348, 13], "texture": "#1"},
				"down": {"uv": [0.016, 0.016, 0.5, 0.5], "texture": "#1"}
			}
		},
		{
			"name": "hexadecagon",
			"from": [11.40326, 24.69674, 1.5],
			"to": [12.59674, 25.19674, 14.5],
			"rotation": {"angle": -22.5, "axis": "z", "origin": [12, 22.19674, 2]},
			"faces": {
				"east": {"uv": [0.016, 0.016, 0.5, 0.5], "texture": "#1"},
				"west": {"uv": [0.016, 0.016, 0.5, 0.5], "texture": "#1"},
				"up": {"uv": [0, 0, 1.19348, 13], "texture": "#1"},
				"down": {"uv": [0.016, 0.016, 0.5, 0.5], "texture": "#1"}
			}
		},
		{
			"name": "hexadecagon",
			"from": [14.5, 21.6, 1.5],
			"to": [15, 22.79347, 14.5],
			"faces": {
				"east": {"uv": [0, 0, 13, 1.19347], "texture": "#1"},
				"west": {"uv": [0.016, 0.016, 0.5, 0.5], "texture": "#1"},
				"up": {"uv": [0.016, 0.016, 0.5, 0.5], "texture": "#1"},
				"down": {"uv": [0.016, 0.016, 0.5, 0.5], "texture": "#1"}
			}
		},
		{
			"name": "hexadecagon",
			"from": [14.5, 21.6, 1.5],
			"to": [15, 22.79347, 14.5],
			"rotation": {"angle": 22.5, "axis": "z", "origin": [12, 22.19674, 2]},
			"faces": {
				"east": {"uv": [0, 0, 13, 1.19347], "texture": "#1"},
				"west": {"uv": [0.016, 0.016, 0.5, 0.5], "texture": "#1"},
				"up": {"uv": [0.016, 0.016, 0.5, 0.5], "texture": "#1"},
				"down": {"uv": [0.016, 0.016, 0.5, 0.5], "texture": "#1"}
			}
		},
		{
			"name": "hexadecagon",
			"from": [3.40326, 24.69674, 1.5],
			"to": [12.59674, 25.19674, 14.5],
			"faces": {
				"east": {"uv": [0.016, 0.016, 0.5, 0.5], "texture": "#1"},
				"west": {"uv": [0.016, 0.016, 0.5, 0.5], "texture": "#1"},
				"up": {"uv": [0, 0, 9.19348, 13], "texture": "#1"},
				"down": {"uv": [0.016, 0.016, 0.5, 0.5], "texture": "#1"}
			}
		},
		{
			"name": "hexadecagon",
			"from": [1, 21.6, 1.5],
			"to": [1.5, 22.79347, 14.5],
			"faces": {
				"east": {"uv": [0.016, 0.016, 0.5, 0.5], "texture": "#1"},
				"west": {"uv": [0, 0, 13, 1.19347], "texture": "#1"},
				"up": {"uv": [0.016, 0.016, 0.5, 0.5], "texture": "#1"},
				"down": {"uv": [0.016, 0.016, 0.5, 0.5], "texture": "#1"}
			}
		},
		{
			"name": "hexadecagon",
			"from": [3.40326, 24.69674, 1.5],
			"to": [4.59674, 25.19674, 14.5],
			"rotation": {"angle": 22.5, "axis": "z", "origin": [4, 22.19674, 2]},
			"faces": {
				"east": {"uv": [0.016, 0.016, 0.5, 0.5], "texture": "#1"},
				"west": {"uv": [0, 0, 13, 0.5], "texture": "#1"},
				"up": {"uv": [0, 0, 1.19348, 13], "texture": "#1"},
				"down": {"uv": [0.016, 0.016, 0.5, 0.5], "texture": "#1"}
			}
		},
		{
			"name": "hexadecagon",
			"from": [3.40326, 24.69674, 1.5],
			"to": [4.59674, 25.19674, 14.5],
			"rotation": {"angle": 45, "axis": "z", "origin": [4, 22.19674, 2]},
			"faces": {
				"east": {"uv": [0.016, 0.016, 0.5, 0.5], "texture": "#1"},
				"west": {"uv": [0, 0, 13, 0.5], "texture": "#1"},
				"up": {"uv": [0, 0, 1.19348, 13], "texture": "#1"},
				"down": {"uv": [0.016, 0.016, 0.5, 0.5], "texture": "#1"}
			}
		},
		{
			"name": "hexadecagon",
			"from": [1, 21.6, 1.5],
			"to": [1.5, 22.79347, 14.5],
			"rotation": {"angle": -22.5, "axis": "z", "origin": [4, 22.19674, 2]},
			"faces": {
				"east": {"uv": [0.016, 0.016, 0.5, 0.5], "texture": "#1"},
				"west": {"uv": [0, 0, 13, 1.19347], "texture": "#1"},
				"up": {"uv": [0.016, 0.016, 0.5, 0.5], "texture": "#1"},
				"down": {"uv": [0.016, 0.016, 0.5, 0.5], "texture": "#1"}
			}
		},
		{
			"from": [1.5, 1, 1.5],
			"to": [14.5, 1.5, 14.5],
			"faces": {
				"up": {"uv": [1.016, 0.016, 13.984, 12.984], "texture": "#1"},
				"down": {"uv": [1.016, 0.016, 13.984, 12.984], "texture": "#1"}
			}
		},
		{
			"from": [1.2, 21.3, 1.5],
			"to": [1.5, 21.6, 14.5],
			"faces": {
				"east": {"uv": [1.016, 0.016, 13.984, 0.3], "texture": "#1"},
				"west": {"uv": [1.016, 0.016, 13.984, 0.3], "texture": "#1"}
			}
		},
		{
			"from": [14.5, 21.4, 1.5],
			"to": [14.8, 21.6, 14.5],
			"faces": {
				"east": {"uv": [1.016, 0.016, 13.984, 0.2], "texture": "#1"},
				"west": {"uv": [1.016, 0.016, 13.984, 0.2], "texture": "#1"}
			}
		},
		{
			"name": "hexadecagon",
			"from": [11.55272, 22.25554, 1],
			"to": [12.54728, 24.75554, 1.5],
			"rotation": {"angle": -45, "axis": "z", "origin": [12.05, 22.25554, 1.5]},
			"faces": {
				"north": {"uv": [0, 4, 6.5, 7.5], "texture": "#1"},
				"south": {"uv": [0, 4, 6.5, 7.5], "texture": "#1"}
			}
		},
		{
			"name": "hexadecagon",
			"from": [11.55272, 22.25554, 1],
			"to": [12.54728, 24.75554, 1.5],
			"rotation": {"angle": -22.5, "axis": "z", "origin": [12.05, 22.25554, 1.5]},
			"faces": {
				"north": {"uv": [0, 4, 6.5, 7.5], "texture": "#1"},
				"south": {"uv": [0, 4, 6.5, 7.5], "texture": "#1"}
			}
		},
		{
			"name": "hexadecagon",
			"from": [3.45272, 22.75554, 1],
			"to": [12.54728, 24.75554, 1.5],
			"faces": {
				"north": {"uv": [0, 4, 6.5, 7.5], "texture": "#1"},
				"south": {"uv": [0, 4, 6.5, 7.5], "texture": "#1"}
			}
		},
		{
			"name": "hexadecagon",
			"from": [3.45272, 22.25554, 1],
			"to": [4.44728, 24.75554, 1.5],
			"rotation": {"angle": 22.5, "axis": "z", "origin": [3.95, 22.25554, 1.5]},
			"faces": {
				"north": {"uv": [0, 4, 6.5, 7.5], "texture": "#1"},
				"south": {"uv": [0, 4, 6.5, 7.5], "texture": "#1"}
			}
		},
		{
			"name": "hexadecagon",
			"from": [3.45272, 22.25554, 1],
			"to": [4.44728, 24.75554, 1.5],
			"rotation": {"angle": 45, "axis": "z", "origin": [3.95, 22.25554, 1.5]},
			"faces": {
				"north": {"uv": [0, 4, 6.5, 7.5], "texture": "#1"},
				"south": {"uv": [0, 4, 6.5, 7.5], "texture": "#1"}
			}
		},
		{
			"name": "hexadecagon",
			"from": [1.45, 21.75826, 1],
			"to": [3.95, 22.75282, 1.5],
			"rotation": {"angle": -22.5, "axis": "z", "origin": [3.95, 22.25554, 1.5]},
			"faces": {
				"north": {"uv": [0, 4, 6.5, 7.5], "texture": "#1"},
				"south": {"uv": [0, 4, 6.5, 7.5], "texture": "#1"}
			}
		},
		{
			"name": "hexadecagon",
			"from": [1.45, 19.65826, 1],
			"to": [14.55, 22.85282, 1.5],
			"faces": {
				"north": {"uv": [0, 4, 6.5, 7.5], "texture": "#1"},
				"south": {"uv": [0, 4, 6.5, 7.5], "texture": "#1"},
				"down": {"uv": [0, 4, 6.5, 7.5], "texture": "#1"}
			}
		},
		{
			"name": "hexadecagon",
			"from": [12.05, 21.75826, 1],
			"to": [14.55, 22.75282, 1.5],
			"rotation": {"angle": 22.5, "axis": "z", "origin": [12.05, 22.25554, 1.5]},
			"faces": {
				"north": {"uv": [0, 4, 6.5, 7.5], "texture": "#1"},
				"south": {"uv": [0, 4, 6.5, 7.5], "texture": "#1"}
			}
		},
		{
			"name": "hexadecagon",
			"from": [11.55272, 22.25554, 14.5],
			"to": [12.54728, 24.75554, 15],
			"rotation": {"angle": -45, "axis": "z", "origin": [12.05, 22.25554, 14.5]},
			"faces": {
				"north": {"uv": [0, 4, 6.5, 7.5], "texture": "#1"},
				"south": {"uv": [0, 4, 6.5, 7.5], "texture": "#1"}
			}
		},
		{
			"name": "hexadecagon",
			"from": [11.55272, 22.25554, 14.5],
			"to": [12.54728, 24.75554, 15],
			"rotation": {"angle": -22.5, "axis": "z", "origin": [12.05, 22.25554, 14.5]},
			"faces": {
				"north": {"uv": [0, 4, 6.5, 7.5], "texture": "#1"},
				"south": {"uv": [0, 4, 6.5, 7.5], "texture": "#1"}
			}
		},
		{
			"name": "hexadecagon",
			"from": [3.45272, 22.75554, 14.5],
			"to": [12.54728, 24.75554, 15],
			"faces": {
				"north": {"uv": [0, 4, 6.5, 7.5], "texture": "#1"},
				"south": {"uv": [0, 4, 6.5, 7.5], "texture": "#1"}
			}
		},
		{
			"name": "hexadecagon",
			"from": [3.45272, 22.25554, 14.5],
			"to": [4.44728, 24.75554, 15],
			"rotation": {"angle": 22.5, "axis": "z", "origin": [3.95, 22.25554, 14.5]},
			"faces": {
				"north": {"uv": [0, 4, 6.5, 7.5], "texture": "#1"},
				"south": {"uv": [0, 4, 6.5, 7.5], "texture": "#1"}
			}
		},
		{
			"name": "hexadecagon",
			"from": [3.45272, 22.25554, 14.5],
			"to": [4.44728, 24.75554, 15],
			"rotation": {"angle": 45, "axis": "z", "origin": [3.95, 22.25554, 14.5]},
			"faces": {
				"north": {"uv": [0, 4, 6.5, 7.5], "texture": "#1"},
				"south": {"uv": [0, 4, 6.5, 7.5], "texture": "#1"}
			}
		},
		{
			"name": "hexadecagon",
			"from": [1.45, 21.75826, 14.5],
			"to": [3.95, 22.75282, 15],
			"rotation": {"angle": -22.5, "axis": "z", "origin": [3.95, 22.25554, 14.5]},
			"faces": {
				"north": {"uv": [0, 4, 6.5, 7.5], "texture": "#1"},
				"south": {"uv": [0, 4, 6.5, 7.5], "texture": "#1"}
			}
		},
		{
			"name": "hexadecagon",
			"from": [1.45, 19.65826, 14.5],
			"to": [14.55, 22.85282, 15],
			"faces": {
				"north": {"uv": [0, 4, 6.5, 7.5], "texture": "#1"},
				"south": {"uv": [0, 4, 6.5, 7.5], "texture": "#1"},
				"down": {"uv": [0, 4, 6.5, 7.5], "texture": "#1"}
			}
		},
		{
			"name": "hexadecagon",
			"from": [12.05, 21.75826, 14.5],
			"to": [14.55, 22.75282, 15],
			"rotation": {"angle": 22.5, "axis": "z", "origin": [12.05, 22.25554, 14.5]},
			"faces": {
				"north": {"uv": [0, 4, 6.5, 7.5], "texture": "#1"},
				"south": {"uv": [0, 4, 6.5, 7.5], "texture": "#1"}
			}
		},
		{
			"from": [1.5, 6.5, 0.9],
			"to": [14.5, 19.5, 1],
			"faces": {
				"north": {"uv": [0, 0, 16, 16], "texture": "#0"}
			}
		},
		{
			"from": [1.5, 6.5, 15],
			"to": [14.5, 19.5, 15.1],
			"faces": {
				"south": {"uv": [0, 0, 16, 16], "texture": "#0"}
			}
		}
	],
	"display": {
		"thirdperson_righthand": {
			"translation": [1.75, -3.25, -3.5],
			"scale": [0.5, 0.5, 0.5]
		},
		"thirdperson_lefthand": {
			"translation": [1.75, -3.25, -3.5],
			"scale": [0.5, 0.5, 0.5]
		},
		"firstperson_righthand": {
			"translation": [6.5, 0, 0]
		},
		"firstperson_lefthand": {
			"translation": [10, 0, 0]
		},
		"ground": {
			"translation": [0, 4.25, 0]
		},
		"gui": {
			"translation": [0, -3, 0],
			"scale": [0.62, 0.62, 0.62]
		},
		"head": {
			"translation": [0, -32.8, 0],
			"scale": [1.3, 1.3, 1.3]
		},
		"fixed": {
			"translation": [0, -5, -7.25],
			"scale": [1.11, 1.11, 1.11]
		}
	},
	"groups": [
		{
			"name": "Posts",
			"children": [
				{
					"name": "Post4",
					"children": [
						{
							"name": "group",
							"children": [0, 1, 2, 3, 4, 5]
						}
					]
				},
				{
					"name": "Post3",
					"children": [
						{
							"name": "group",
							"children": [6, 7, 8, 9, 10, 11, 12]
						}
					]
				},
				{
					"name": "Post2",
					"children": [
						{
							"name": "group",
							"children": [13, 14, 15, 16, 17, 18, 19]
						}
					]
				},
				{
					"name": "Post1",
					"children": [
						{
							"name": "group",
							"children": [20, 21, 22, 23, 24, 25]
						}
					]
				}
			]
		},
		{
			"name": "Walls",
			"children": [26, 27, 28, 29,
				{
					"name": "Topcurves",
					"children": [
						{
							"name": "TopCurve1",
							"children": [30, 31, 32, 33, 34]
						},
						{
							"name": "TopCurve2",
							"children": [35, 36, 37, 38]
						}
					]
				}, 39, 40, 41]
		},
		{
			"name": "Flaps",
			"children": [
				{
					"name": "Flap1",
					"children": [42, 43, 44, 45, 46, 47, 48, 49]
				},
				{
					"name": "Flap2",
					"children": [50, 51, 52, 53, 54, 55, 56, 57]
				}
			]
		},
		{
			"name": "Displays",
			"children": [58, 59]
		}
	]
}