{
	"credit": "Made by _Kastle. Message Kastle#4801 on Discord for inquiries. If you recieved this model from someone other than myself without context, it was probably stolen.",
	"textures": {
		"0": "custom/entranceplaza/goawaygreen",
		"1": "block/stone_slab_top",
		"particle": "custom/entranceplaza/goawaygreen"
	},
	"elements": [
		{
			"from": [7.3, 15.5, -15.2],
			"to": [8.7, 18.5, -13.7],
			"faces": {
				"north": {"uv": [0.016, 0.016, 1.416, 3.016], "texture": "#0"},
				"east": {"uv": [0.016, 0.016, 1.516, 3.016], "texture": "#0"},
				"west": {"uv": [0.016, 0.016, 1.516, 3.016], "texture": "#0"},
				"up": {"uv": [0.016, 0.016, 1.416, 1.516], "texture": "#0"},
				"down": {"uv": [0.016, 0.016, 1.416, 1.516], "texture": "#0"}
			}
		},
		{
			"from": [7.3, 9, -15.2],
			"to": [8.7, 13, -13.7],
			"faces": {
				"north": {"uv": [0.016, 0.016, 1.416, 4.016], "texture": "#0"},
				"east": {"uv": [0.016, 0.016, 1.516, 4.016], "texture": "#0"},
				"west": {"uv": [0.016, 0.016, 1.516, 4.016], "texture": "#0"},
				"up": {"uv": [0.016, 0.016, 1.416, 1.516], "texture": "#0"},
				"down": {"uv": [0.016, 0.016, 1.416, 1.516], "texture": "#0"}
			}
		},
		{
			"from": [7.3, 2, -15.2],
			"to": [8.7, 6, -13.7],
			"faces": {
				"north": {"uv": [0.016, 0.016, 1.416, 4.016], "texture": "#0"},
				"east": {"uv": [0.016, 0.016, 1.516, 4.016], "texture": "#0"},
				"west": {"uv": [0.016, 0.016, 1.516, 4.016], "texture": "#0"},
				"up": {"uv": [0.016, 0.016, 1.416, 1.516], "texture": "#0"},
				"down": {"uv": [0.016, 0.016, 1.416, 1.516], "texture": "#0"}
			}
		},
		{
			"name": "hexadecagon",
			"from": [7.3, 17.3, -14.49782],
			"to": [8.7, 19.5, -9.90218],
			"rotation": {"angle": -45, "axis": "x", "origin": [8, 19.5, -13]},
			"faces": {
				"east": {"uv": [0.016, 0.016, 0.5, 0.5], "texture": "#0"},
				"south": {"uv": [0.016, 0.016, 0.5, 0.5], "texture": "#0"},
				"west": {"uv": [0.016, 0.016, 0.5, 0.5], "texture": "#0"},
				"up": {"uv": [0.016, 0.016, 0.5, 0.5], "texture": "#0"},
				"down": {"uv": [0.016, 0.016, 0.5, 0.5], "texture": "#0"}
			}
		},
		{
			"from": [3.5, -0.5, -15.5],
			"to": [12.5, 0.5, -13.5],
			"faces": {
				"north": {"uv": [0.016, 0.016, 8.984, 0.984], "texture": "#1"},
				"east": {"uv": [0.016, 0.016, 1.984, 0.984], "texture": "#1"},
				"south": {"uv": [0.016, 0.016, 8.984, 0.984], "texture": "#1"},
				"west": {"uv": [0.016, 0.016, 1.984, 0.984], "texture": "#1"},
				"up": {"uv": [0.016, 0.016, 8.984, 1.984], "texture": "#1"},
				"down": {"uv": [0.016, 0.016, 8.984, 1.984], "texture": "#1"}
			}
		},
		{
			"name": "hexadecagon",
			"from": [7.5, 19.10218, -15],
			"to": [8.5, 19.89782, -14],
			"faces": {
				"north": {"uv": [0.016, 0.016, 0.5, 0.5], "texture": "#1"},
				"east": {"uv": [0.016, 0.016, 0.5, 0.5], "texture": "#1"},
				"south": {"uv": [0.016, 0.016, 0.5, 0.5], "texture": "#1"},
				"west": {"uv": [0.016, 0.016, 0.5, 0.5], "texture": "#1"}
			}
		},
		{
			"name": "hexadecagon",
			"from": [7.5, 19.10218, -15],
			"to": [8.5, 19.89782, -14],
			"rotation": {"angle": 22.5, "axis": "x", "origin": [8, 19.5, -13]},
			"faces": {
				"north": {"uv": [0.016, 0.016, 0.5, 0.5], "texture": "#1"},
				"east": {"uv": [0.016, 0.016, 0.5, 0.5], "texture": "#1"},
				"south": {"uv": [0.016, 0.016, 0.5, 0.5], "texture": "#1"},
				"west": {"uv": [0.016, 0.016, 0.5, 0.5], "texture": "#1"}
			}
		},
		{
			"name": "hexadecagon",
			"from": [7.5, 19.10218, -15],
			"to": [8.5, 19.89782, -14],
			"rotation": {"angle": 45, "axis": "x", "origin": [8, 19.5, -13]},
			"faces": {
				"north": {"uv": [0.016, 0.016, 0.5, 0.5], "texture": "#1"},
				"east": {"uv": [0.016, 0.016, 0.5, 0.5], "texture": "#1"},
				"south": {"uv": [0.016, 0.016, 0.5, 0.5], "texture": "#1"},
				"west": {"uv": [0.016, 0.016, 0.5, 0.5], "texture": "#1"}
			}
		},
		{
			"name": "hexadecagon",
			"from": [7.5, 20.5, -13.39782],
			"to": [8.5, 21.5, -12.60218],
			"rotation": {"angle": -22.5, "axis": "x", "origin": [8, 19.5, -13]},
			"faces": {
				"east": {"uv": [0.016, 0.016, 0.5, 0.5], "texture": "#1"},
				"west": {"uv": [0.016, 0.016, 0.5, 0.5], "texture": "#1"},
				"up": {"uv": [0.016, 0.016, 0.5, 0.5], "texture": "#1"},
				"down": {"uv": [0.016, 0.016, 0.5, 0.5], "texture": "#1"}
			}
		},
		{
			"from": [7.5, -0.5, -15],
			"to": [8.5, 19.5, -14],
			"faces": {
				"north": {"uv": [0.016, 0.016, 0.984, 15.984], "texture": "#1"},
				"east": {"uv": [0.016, 0.016, 0.984, 15.984], "texture": "#1"},
				"south": {"uv": [0.016, 0.016, 0.984, 15.984], "texture": "#1"},
				"west": {"uv": [0.016, 0.016, 0.984, 15.984], "texture": "#1"}
			}
		},
		{
			"from": [7.3, 15.5, 29.7],
			"to": [8.7, 18.5, 31.2],
			"faces": {
				"east": {"uv": [1.2, 0.016, 2.7, 3.016], "texture": "#0"},
				"south": {"uv": [1.4, 0.016, 2.8, 3.016], "texture": "#0"},
				"west": {"uv": [1.2, 0.016, 2.7, 3.016], "texture": "#0"},
				"up": {"uv": [0.016, 1.2, 1.416, 2.7], "texture": "#0"},
				"down": {"uv": [0.016, 1.2, 1.416, 2.7], "texture": "#0"}
			}
		},
		{
			"from": [7.3, 9, 29.7],
			"to": [8.7, 13, 31.2],
			"faces": {
				"east": {"uv": [1.2, 0.016, 2.7, 4.016], "texture": "#0"},
				"south": {"uv": [1.4, 0.016, 2.8, 4.016], "texture": "#0"},
				"west": {"uv": [1.2, 0.016, 2.7, 4.016], "texture": "#0"},
				"up": {"uv": [0.016, 1.2, 1.416, 2.7], "texture": "#0"},
				"down": {"uv": [0.016, 1.2, 1.416, 2.7], "texture": "#0"}
			}
		},
		{
			"from": [7.3, 2, 29.7],
			"to": [8.7, 6, 31.2],
			"faces": {
				"east": {"uv": [1.2, 0.016, 2.7, 4.016], "texture": "#0"},
				"south": {"uv": [1.4, 0.016, 2.8, 4.016], "texture": "#0"},
				"west": {"uv": [1.2, 0.016, 2.7, 4.016], "texture": "#0"},
				"up": {"uv": [0.016, 1.2, 1.416, 2.7], "texture": "#0"},
				"down": {"uv": [0.016, 1.2, 1.416, 2.7], "texture": "#0"}
			}
		},
		{
			"from": [7.3, 2, -13.7],
			"to": [8.7, 18.5, 29.7],
			"faces": {
				"north": {"uv": [1.4, 0, 2.8, 16], "texture": "#0"},
				"east": {"uv": [0, 0, 16, 16], "texture": "#0"},
				"south": {"uv": [1.4, 0, 2.8, 16], "texture": "#0"},
				"west": {"uv": [0, 0, 16, 16], "texture": "#0"},
				"up": {"uv": [0.016, 0, 1.416, 16], "texture": "#0"},
				"down": {"uv": [0.016, 0, 1.416, 16], "texture": "#0"}
			}
		},
		{
			"name": "hexadecagon",
			"from": [7.3, 18.5, -10.79782],
			"to": [8.7, 21.7, 26.79782],
			"faces": {
				"north": {"uv": [0.5, 0.016, 0.016, 0.5], "texture": "#0"},
				"east": {"uv": [0.5, 0.016, 0.016, 0.5], "texture": "#0"},
				"south": {"uv": [0.5, 0.016, 0.016, 0.5], "texture": "#0"},
				"west": {"uv": [0.5, 0.016, 0.016, 0.5], "texture": "#0"},
				"up": {"uv": [0.016, 0.5, 0.5, 0.016], "texture": "#0"}
			}
		},
		{
			"name": "hexadecagon",
			"from": [7.3, 17.3, 25.90218],
			"to": [8.7, 19.5, 30.49782],
			"rotation": {"angle": 45, "axis": "x", "origin": [8, 19.5, 29]},
			"faces": {
				"north": {"uv": [0.5, 0.016, 0.016, 0.5], "texture": "#0"},
				"east": {"uv": [0.5, 0.016, 0.016, 0.5], "texture": "#0"},
				"west": {"uv": [0.5, 0.016, 0.016, 0.5], "texture": "#0"},
				"up": {"uv": [0.016, 0.5, 0.5, 0.016], "texture": "#0"},
				"down": {"uv": [0.016, 0.5, 0.5, 0.016], "texture": "#0"}
			}
		},
		{
			"from": [3.5, -0.5, 29.5],
			"to": [12.5, 0.5, 31.5],
			"faces": {
				"north": {"uv": [7.016, 0.016, 15.984, 0.984], "texture": "#1"},
				"east": {"uv": [2.016, 0.016, 3.984, 0.984], "texture": "#1"},
				"south": {"uv": [7.016, 0.016, 15.984, 0.984], "texture": "#1"},
				"west": {"uv": [2.016, 0.016, 3.984, 0.984], "texture": "#1"},
				"up": {"uv": [0.016, 2.016, 8.984, 3.984], "texture": "#1"},
				"down": {"uv": [0.016, 2.016, 8.984, 3.984], "texture": "#1"}
			}
		},
		{
			"name": "hexadecagon",
			"from": [7.5, 19.10218, 30],
			"to": [8.5, 19.89782, 31],
			"faces": {
				"north": {"uv": [0.5, 0.016, 0.016, 0.5], "texture": "#1"},
				"east": {"uv": [0.5, 0.016, 0.016, 0.5], "texture": "#1"},
				"south": {"uv": [0.5, 0.016, 0.016, 0.5], "texture": "#1"},
				"west": {"uv": [0.5, 0.016, 0.016, 0.5], "texture": "#1"}
			}
		},
		{
			"name": "hexadecagon",
			"from": [7.5, 19.10218, 30],
			"to": [8.5, 19.89782, 31],
			"rotation": {"angle": -22.5, "axis": "x", "origin": [8, 19.5, 29]},
			"faces": {
				"north": {"uv": [0.5, 0.016, 0.016, 0.5], "texture": "#1"},
				"east": {"uv": [0.5, 0.016, 0.016, 0.5], "texture": "#1"},
				"south": {"uv": [0.5, 0.016, 0.016, 0.5], "texture": "#1"},
				"west": {"uv": [0.5, 0.016, 0.016, 0.5], "texture": "#1"}
			}
		},
		{
			"name": "hexadecagon",
			"from": [7.5, 19.10218, 30],
			"to": [8.5, 19.89782, 31],
			"rotation": {"angle": -45, "axis": "x", "origin": [8, 19.5, 29]},
			"faces": {
				"north": {"uv": [0.5, 0.016, 0.016, 0.5], "texture": "#1"},
				"east": {"uv": [0.5, 0.016, 0.016, 0.5], "texture": "#1"},
				"south": {"uv": [0.5, 0.016, 0.016, 0.5], "texture": "#1"},
				"west": {"uv": [0.5, 0.016, 0.016, 0.5], "texture": "#1"}
			}
		},
		{
			"name": "hexadecagon",
			"from": [7.5, 20.5, 28.60218],
			"to": [8.5, 21.5, 29.39782],
			"rotation": {"angle": 22.5, "axis": "x", "origin": [8, 19.5, 29]},
			"faces": {
				"east": {"uv": [0.5, 0.016, 0.016, 0.5], "texture": "#1"},
				"west": {"uv": [0.5, 0.016, 0.016, 0.5], "texture": "#1"},
				"up": {"uv": [0.016, 0.5, 0.5, 0.016], "texture": "#1"},
				"down": {"uv": [0.016, 0.5, 0.5, 0.016], "texture": "#1"}
			}
		},
		{
			"name": "hexadecagon",
			"from": [7.5, 20.5, -13.39782],
			"to": [8.5, 21.5, 29.39782],
			"faces": {
				"east": {"uv": [0.5, 0.016, 0.016, 0.5], "texture": "#1"},
				"west": {"uv": [0.5, 0.016, 0.016, 0.5], "texture": "#1"},
				"up": {"uv": [0.016, 0.5, 0.5, 0.016], "texture": "#1"},
				"down": {"uv": [0.016, 0.5, 0.5, 0.016], "texture": "#1"}
			}
		},
		{
			"from": [7.5, -0.5, 30],
			"to": [8.5, 19.5, 31],
			"faces": {
				"north": {"uv": [0.984, 0.016, 0.016, 15.984], "texture": "#1"},
				"east": {"uv": [0.984, 0.016, 0.016, 15.984], "texture": "#1"},
				"south": {"uv": [0.984, 0.016, 0.016, 15.984], "texture": "#1"},
				"west": {"uv": [0.984, 0.016, 0.016, 15.984], "texture": "#1"}
			}
		}
	],
	"display": {
		"thirdperson_righthand": {
			"rotation": [67.5, 0, 0],
			"translation": [0, -5, -5.5],
			"scale": [0.8, 0.8, 0.8]
		},
		"thirdperson_lefthand": {
			"rotation": [67.5, 0, 0],
			"translation": [0, -5, -5.5],
			"scale": [0.8, 0.8, 0.8]
		},
		"firstperson_righthand": {
			"translation": [3.75, -2, -2]
		},
		"firstperson_lefthand": {
			"translation": [3.75, -2, 2]
		},
		"ground": {
			"translation": [0, 4.25, 0]
		},
		"gui": {
			"rotation": [0, 90, 0],
			"translation": [0, -5, 0],
			"scale": [0.35, 0.35, 0.35]
		},
		"head": {
			"translation": [0, -30.4, 0],
			"scale": [1.6, 1.6, 1.6]
		},
		"fixed": {
			"rotation": [0, 90, 0],
			"translation": [0, -1.75, -1.75],
			"scale": [0.65, 0.65, 0.65]
		}
	},
	"groups": [
		{
			"name": "Left Side",
			"children": [
				{
					"name": "Cloth",
					"children": [0, 1, 2, 3]
				},
				{
					"name": "Bar",
					"children": [4, 5, 6, 7, 8, 9]
				}
			]
		},
		{
			"name": "Right Side",
			"children": [
				{
					"name": "Cloth",
					"children": [10, 11, 12, 13, 14, 15]
				},
				{
					"name": "Bar",
					"children": [16, 17, 18, 19, 20, 21, 22]
				}
			]
		}
	]
}