{
	"credit": "Made by _Kastle. Message Kastle#4801 on Discord for inquiries. If you recieved this model from someone other than myself without context, it was probably stolen.",
	"textures": {
		"0": "block/white_concrete",
		"1": "block/light_gray_concrete",
		"2": "block/black_concrete",
		"3": "block/lime_terracotta",
		"4": "block/red_concrete",
		"5": "block/lime_concrete",
		"particle": "block/white_concrete"
	},
	"elements": [
		{
			"name": "hexadecagon",
			"from": [16.30109, -16, 12.7],
			"to": [16.69891, 19.8, 13.7],
			"rotation": {"angle": -45, "axis": "y", "origin": [16.5, 19, 12.7]},
			"faces": {
				"south": {"uv": [0.016, 0.016, 0.5, 0.5], "texture": "#1"},
				"up": {"uv": [0.016, 0.016, 0.5, 0.5], "texture": "#1"},
				"down": {"uv": [0.016, 0.016, 0.5, 0.5], "texture": "#1"}
			}
		},
		{
			"name": "hexadecagon",
			"from": [16.30109, -16, 12.7],
			"to": [16.69891, 19.8, 13.7],
			"rotation": {"angle": -22.5, "axis": "y", "origin": [16.5, 19, 12.7]},
			"faces": {
				"south": {"uv": [0.016, 0.016, 0.5, 0.5], "texture": "#1"},
				"up": {"uv": [0.016, 0.016, 0.5, 0.5], "texture": "#1"},
				"down": {"uv": [0.016, 0.016, 0.5, 0.5], "texture": "#1"}
			}
		},
		{
			"name": "hexadecagon",
			"from": [16.30109, -16, 12.7],
			"to": [16.69891, 19.8, 13.7],
			"faces": {
				"south": {"uv": [0.016, 0.016, 0.5, 0.5], "texture": "#1"},
				"up": {"uv": [0.016, 0.016, 0.5, 0.5], "texture": "#1"},
				"down": {"uv": [0.016, 0.016, 0.5, 0.5], "texture": "#1"}
			}
		},
		{
			"name": "hexadecagon",
			"from": [16.30109, -16, 12.7],
			"to": [16.69891, 19.8, 13.7],
			"rotation": {"angle": 22.5, "axis": "y", "origin": [16.5, 19, 12.7]},
			"faces": {
				"south": {"uv": [0.016, 0.016, 0.5, 0.5], "texture": "#1"},
				"up": {"uv": [0.016, 0.016, 0.5, 0.5], "texture": "#1"},
				"down": {"uv": [0.016, 0.016, 0.5, 0.5], "texture": "#1"}
			}
		},
		{
			"name": "hexadecagon",
			"from": [16.30109, -16, 12.7],
			"to": [16.69891, 19.8, 13.7],
			"rotation": {"angle": 45, "axis": "y", "origin": [16.5, 19, 12.7]},
			"faces": {
				"south": {"uv": [0.016, 0.016, 0.5, 0.5], "texture": "#1"},
				"up": {"uv": [0.016, 0.016, 0.5, 0.5], "texture": "#1"},
				"down": {"uv": [0.016, 0.016, 0.5, 0.5], "texture": "#1"}
			}
		},
		{
			"name": "hexadecagon",
			"from": [16.5, -16, 12.50109],
			"to": [17.5, 19.8, 12.89891],
			"rotation": {"angle": -22.5, "axis": "y", "origin": [16.5, 19, 12.7]},
			"faces": {
				"east": {"uv": [0.016, 0.016, 0.5, 0.5], "texture": "#1"},
				"up": {"uv": [0.016, 0.016, 0.5, 0.5], "texture": "#1"},
				"down": {"uv": [0.016, 0.016, 0.5, 0.5], "texture": "#1"}
			}
		},
		{
			"name": "hexadecagon",
			"from": [15.5, -16, 12.50109],
			"to": [16.5, 19.8, 12.89891],
			"rotation": {"angle": 22.5, "axis": "y", "origin": [16.5, 19, 12.7]},
			"faces": {
				"west": {"uv": [0.016, 0.016, 0.5, 0.5], "texture": "#1"},
				"up": {"uv": [0.016, 0.016, 0.5, 0.5], "texture": "#1"},
				"down": {"uv": [0.016, 0.016, 0.5, 0.5], "texture": "#1"}
			}
		},
		{
			"name": "hexadecagon",
			"from": [16.30109, -16, 2.3],
			"to": [16.69891, 19.8, 3.3],
			"rotation": {"angle": 45, "axis": "y", "origin": [16.5, 19, 3.3]},
			"faces": {
				"north": {"uv": [0.5, 0.016, 0.016, 0.5], "texture": "#1"},
				"up": {"uv": [0.016, 0.5, 0.5, 0.016], "texture": "#1"},
				"down": {"uv": [0.016, 0.5, 0.5, 0.016], "texture": "#1"}
			}
		},
		{
			"name": "hexadecagon",
			"from": [16.30109, -16, 2.3],
			"to": [16.69891, 19.8, 3.3],
			"rotation": {"angle": 22.5, "axis": "y", "origin": [16.5, 19, 3.3]},
			"faces": {
				"north": {"uv": [0.5, 0.016, 0.016, 0.5], "texture": "#1"},
				"up": {"uv": [0.016, 0.5, 0.5, 0.016], "texture": "#1"},
				"down": {"uv": [0.016, 0.5, 0.5, 0.016], "texture": "#1"}
			}
		},
		{
			"name": "hexadecagon",
			"from": [16.30109, -16, 2.3],
			"to": [16.69891, 19.8, 3.3],
			"faces": {
				"north": {"uv": [0.5, 0.016, 0.016, 0.5], "texture": "#1"},
				"up": {"uv": [0.016, 0.5, 0.5, 0.016], "texture": "#1"},
				"down": {"uv": [0.016, 0.5, 0.5, 0.016], "texture": "#1"}
			}
		},
		{
			"name": "hexadecagon",
			"from": [16.30109, -16, 2.3],
			"to": [16.69891, 19.8, 3.3],
			"rotation": {"angle": -22.5, "axis": "y", "origin": [16.5, 19, 3.3]},
			"faces": {
				"north": {"uv": [0.5, 0.016, 0.016, 0.5], "texture": "#1"},
				"up": {"uv": [0.016, 0.5, 0.5, 0.016], "texture": "#1"},
				"down": {"uv": [0.016, 0.5, 0.5, 0.016], "texture": "#1"}
			}
		},
		{
			"name": "hexadecagon",
			"from": [16.30109, -16, 2.3],
			"to": [16.69891, 19.8, 3.3],
			"rotation": {"angle": -45, "axis": "y", "origin": [16.5, 19, 3.3]},
			"faces": {
				"north": {"uv": [0.5, 0.016, 0.016, 0.5], "texture": "#1"},
				"up": {"uv": [0.016, 0.5, 0.5, 0.016], "texture": "#1"},
				"down": {"uv": [0.016, 0.5, 0.5, 0.016], "texture": "#1"}
			}
		},
		{
			"name": "hexadecagon",
			"from": [16.5, -16, 3.10109],
			"to": [17.5, 19.8, 3.49891],
			"rotation": {"angle": 22.5, "axis": "y", "origin": [16.5, 19, 3.3]},
			"faces": {
				"east": {"uv": [0.5, 0.016, 0.016, 0.5], "texture": "#1"},
				"up": {"uv": [0.016, 0.5, 0.5, 0.016], "texture": "#1"},
				"down": {"uv": [0.016, 0.5, 0.5, 0.016], "texture": "#1"}
			}
		},
		{
			"name": "hexadecagon",
			"from": [15.5, -16, 3.10109],
			"to": [16.5, 19.8, 3.49891],
			"rotation": {"angle": -22.5, "axis": "y", "origin": [16.5, 19, 3.3]},
			"faces": {
				"west": {"uv": [0.5, 0.016, 0.016, 0.5], "texture": "#1"},
				"up": {"uv": [0.016, 0.5, 0.5, 0.016], "texture": "#1"},
				"down": {"uv": [0.016, 0.5, 0.5, 0.016], "texture": "#1"}
			}
		},
		{
			"name": "hexadecagon",
			"from": [15.5, -16, 3.10109],
			"to": [17.5, 19.5, 12.99891],
			"faces": {
				"east": {"uv": [0.5, 0.016, 0.016, 0.5], "texture": "#0"},
				"south": {"uv": [0.5, 0.016, 0.016, 0.5], "texture": "#0"},
				"west": {"uv": [0.5, 0.016, 0.016, 0.5], "texture": "#0"},
				"down": {"uv": [0.016, 0.5, 0.5, 0.016], "texture": "#0"}
			}
		},
		{
			"name": "hexadecagon",
			"from": [-0.69891, -16, 12.7],
			"to": [-0.30109, 19.8, 13.7],
			"rotation": {"angle": 45, "axis": "y", "origin": [-0.5, 19, 12.7]},
			"faces": {
				"south": {"uv": [0.5, 0.016, 0.016, 0.5], "texture": "#1"},
				"up": {"uv": [0.5, 0.016, 0.016, 0.5], "texture": "#1"},
				"down": {"uv": [0.5, 0.016, 0.016, 0.5], "texture": "#1"}
			}
		},
		{
			"name": "hexadecagon",
			"from": [-0.69891, -16, 12.7],
			"to": [-0.30109, 19.8, 13.7],
			"rotation": {"angle": 22.5, "axis": "y", "origin": [-0.5, 19, 12.7]},
			"faces": {
				"south": {"uv": [0.5, 0.016, 0.016, 0.5], "texture": "#1"},
				"up": {"uv": [0.5, 0.016, 0.016, 0.5], "texture": "#1"},
				"down": {"uv": [0.5, 0.016, 0.016, 0.5], "texture": "#1"}
			}
		},
		{
			"name": "hexadecagon",
			"from": [-0.69891, -16, 12.7],
			"to": [-0.30109, 19.8, 13.7],
			"faces": {
				"south": {"uv": [0.5, 0.016, 0.016, 0.5], "texture": "#1"},
				"up": {"uv": [0.5, 0.016, 0.016, 0.5], "texture": "#1"},
				"down": {"uv": [0.5, 0.016, 0.016, 0.5], "texture": "#1"}
			}
		},
		{
			"name": "hexadecagon",
			"from": [-0.69891, -16, 12.7],
			"to": [-0.30109, 19.8, 13.7],
			"rotation": {"angle": -22.5, "axis": "y", "origin": [-0.5, 19, 12.7]},
			"faces": {
				"south": {"uv": [0.5, 0.016, 0.016, 0.5], "texture": "#1"},
				"up": {"uv": [0.5, 0.016, 0.016, 0.5], "texture": "#1"},
				"down": {"uv": [0.5, 0.016, 0.016, 0.5], "texture": "#1"}
			}
		},
		{
			"name": "hexadecagon",
			"from": [-0.69891, -16, 12.7],
			"to": [-0.30109, 19.8, 13.7],
			"rotation": {"angle": -45, "axis": "y", "origin": [-0.5, 19, 12.7]},
			"faces": {
				"south": {"uv": [0.5, 0.016, 0.016, 0.5], "texture": "#1"},
				"up": {"uv": [0.5, 0.016, 0.016, 0.5], "texture": "#1"},
				"down": {"uv": [0.5, 0.016, 0.016, 0.5], "texture": "#1"}
			}
		},
		{
			"name": "hexadecagon",
			"from": [-1.5, -16, 12.50109],
			"to": [-0.5, 19.8, 12.89891],
			"rotation": {"angle": 22.5, "axis": "y", "origin": [-0.5, 19, 12.7]},
			"faces": {
				"west": {"uv": [0.5, 0.016, 0.016, 0.5], "texture": "#1"},
				"up": {"uv": [0.5, 0.016, 0.016, 0.5], "texture": "#1"},
				"down": {"uv": [0.5, 0.016, 0.016, 0.5], "texture": "#1"}
			}
		},
		{
			"name": "hexadecagon",
			"from": [-0.5, -16, 12.50109],
			"to": [0.5, 19.8, 12.89891],
			"rotation": {"angle": -22.5, "axis": "y", "origin": [-0.5, 19, 12.7]},
			"faces": {
				"east": {"uv": [0.5, 0.016, 0.016, 0.5], "texture": "#1"},
				"up": {"uv": [0.5, 0.016, 0.016, 0.5], "texture": "#1"},
				"down": {"uv": [0.5, 0.016, 0.016, 0.5], "texture": "#1"}
			}
		},
		{
			"name": "hexadecagon",
			"from": [-0.69891, -16, 2.3],
			"to": [-0.30109, 19.8, 3.3],
			"rotation": {"angle": -45, "axis": "y", "origin": [-0.5, 19, 3.3]},
			"faces": {
				"north": {"uv": [0.016, 0.016, 0.5, 0.5], "texture": "#1"},
				"up": {"uv": [0.5, 0.5, 0.016, 0.016], "texture": "#1"},
				"down": {"uv": [0.5, 0.5, 0.016, 0.016], "texture": "#1"}
			}
		},
		{
			"name": "hexadecagon",
			"from": [-0.69891, -16, 2.3],
			"to": [-0.30109, 19.8, 3.3],
			"rotation": {"angle": -22.5, "axis": "y", "origin": [-0.5, 19, 3.3]},
			"faces": {
				"north": {"uv": [0.016, 0.016, 0.5, 0.5], "texture": "#1"},
				"up": {"uv": [0.5, 0.5, 0.016, 0.016], "texture": "#1"},
				"down": {"uv": [0.5, 0.5, 0.016, 0.016], "texture": "#1"}
			}
		},
		{
			"name": "hexadecagon",
			"from": [-0.69891, -16, 2.3],
			"to": [-0.30109, 19.8, 3.3],
			"faces": {
				"north": {"uv": [0.016, 0.016, 0.5, 0.5], "texture": "#1"},
				"up": {"uv": [0.5, 0.5, 0.016, 0.016], "texture": "#1"},
				"down": {"uv": [0.5, 0.5, 0.016, 0.016], "texture": "#1"}
			}
		},
		{
			"name": "hexadecagon",
			"from": [-0.69891, -16, 2.3],
			"to": [-0.30109, 19.8, 3.3],
			"rotation": {"angle": 22.5, "axis": "y", "origin": [-0.5, 19, 3.3]},
			"faces": {
				"north": {"uv": [0.016, 0.016, 0.5, 0.5], "texture": "#1"},
				"up": {"uv": [0.5, 0.5, 0.016, 0.016], "texture": "#1"},
				"down": {"uv": [0.5, 0.5, 0.016, 0.016], "texture": "#1"}
			}
		},
		{
			"name": "hexadecagon",
			"from": [-0.69891, -16, 2.3],
			"to": [-0.30109, 19.8, 3.3],
			"rotation": {"angle": 45, "axis": "y", "origin": [-0.5, 19, 3.3]},
			"faces": {
				"north": {"uv": [0.016, 0.016, 0.5, 0.5], "texture": "#1"},
				"up": {"uv": [0.5, 0.5, 0.016, 0.016], "texture": "#1"},
				"down": {"uv": [0.5, 0.5, 0.016, 0.016], "texture": "#1"}
			}
		},
		{
			"name": "hexadecagon",
			"from": [-1.5, -16, 3.10109],
			"to": [-0.5, 19.8, 3.49891],
			"rotation": {"angle": -22.5, "axis": "y", "origin": [-0.5, 19, 3.3]},
			"faces": {
				"west": {"uv": [0.016, 0.016, 0.5, 0.5], "texture": "#1"},
				"up": {"uv": [0.5, 0.5, 0.016, 0.016], "texture": "#1"},
				"down": {"uv": [0.5, 0.5, 0.016, 0.016], "texture": "#1"}
			}
		},
		{
			"name": "hexadecagon",
			"from": [-1.5, -16, 3.10109],
			"to": [0.5, 19.5, 12.99891],
			"faces": {
				"east": {"uv": [0.016, 0.016, 0.5, 0.5], "texture": "#0"},
				"south": {"uv": [0.016, 0.016, 0.5, 0.5], "texture": "#0"},
				"west": {"uv": [0.016, 0.016, 0.5, 0.5], "texture": "#0"},
				"down": {"uv": [0.5, 0.5, 0.016, 0.016], "texture": "#0"}
			}
		},
		{
			"name": "hexadecagon",
			"from": [-0.5, -16, 3.10109],
			"to": [0.5, 19.8, 3.49891],
			"rotation": {"angle": 22.5, "axis": "y", "origin": [-0.5, 19, 3.3]},
			"faces": {
				"east": {"uv": [0.016, 0.016, 0.5, 0.5], "texture": "#1"},
				"up": {"uv": [0.5, 0.5, 0.016, 0.016], "texture": "#1"},
				"down": {"uv": [0.5, 0.5, 0.016, 0.016], "texture": "#1"}
			}
		},
		{
			"name": "hexadecagon",
			"from": [-1.5, 19.5, 3.10109],
			"to": [0.5, 19.8, 12.99891],
			"faces": {
				"east": {"uv": [0.016, 0.016, 0.5, 0.5], "texture": "#1"},
				"south": {"uv": [0.016, 0.016, 0.5, 0.5], "texture": "#1"},
				"west": {"uv": [0.016, 0.016, 0.5, 0.5], "texture": "#1"},
				"up": {"uv": [0.5, 0.5, 0.016, 0.016], "texture": "#1"}
			}
		},
		{
			"name": "hexadecagon",
			"from": [15.5, 19.5, 3.10109],
			"to": [17.5, 19.8, 12.99891],
			"faces": {
				"east": {"uv": [0.5, 0.016, 0.016, 0.5], "texture": "#1"},
				"south": {"uv": [0.5, 0.016, 0.016, 0.5], "texture": "#1"},
				"west": {"uv": [0.5, 0.016, 0.016, 0.5], "texture": "#1"},
				"up": {"uv": [0.016, 0.5, 0.5, 0.016], "texture": "#1"}
			}
		},
		{
			"name": "hexadecagon",
			"from": [0.5, 15.5, 10.60109],
			"to": [15.5, 19, 12.49891],
			"faces": {
				"north": {"uv": [0.5, 0.016, 0.016, 0.5], "texture": "#1"},
				"south": {"uv": [0.5, 0.016, 0.016, 0.5], "texture": "#1"},
				"up": {"uv": [0.016, 0.5, 0.5, 0.016], "texture": "#1"},
				"down": {"uv": [0.016, 0.5, 0.5, 0.016], "texture": "#1"}
			}
		},
		{
			"name": "hexadecagon",
			"from": [0.5, 15.5, 3.50109],
			"to": [15.5, 19, 5.39891],
			"faces": {
				"north": {"uv": [0.016, 0.016, 0.5, 0.5], "texture": "#1"},
				"south": {"uv": [0.016, 0.016, 0.5, 0.5], "texture": "#1"},
				"up": {"uv": [0.016, 0.016, 0.5, 0.5], "texture": "#1"},
				"down": {"uv": [0.016, 0.016, 0.5, 0.5], "texture": "#1"}
			}
		},
		{
			"name": "hexadecagon",
			"from": [12, 16, 12.30109],
			"to": [14, 18, 12.69891],
			"faces": {
				"east": {"uv": [0.5, 0.016, 0.016, 0.5], "texture": "#0"},
				"south": {"uv": [0.5, 0.016, 0.016, 0.5], "texture": "#0"},
				"west": {"uv": [0.5, 0.016, 0.016, 0.5], "texture": "#0"},
				"up": {"uv": [0.016, 0.5, 0.5, 0.016], "texture": "#0"},
				"down": {"uv": [0.016, 0.5, 0.5, 0.016], "texture": "#0"}
			}
		},
		{
			"name": "hexadecagon",
			"from": [12.6, 16.2, 12.40109],
			"to": [12.9, 16.5, 12.79891],
			"faces": {
				"east": {"uv": [0.5, 0.016, 0.016, 0.5], "texture": "#2"},
				"south": {"uv": [0.5, 0.016, 0.016, 0.5], "texture": "#2"},
				"west": {"uv": [0.5, 0.016, 0.016, 0.5], "texture": "#2"},
				"up": {"uv": [0.016, 0.5, 0.5, 0.016], "texture": "#2"},
				"down": {"uv": [0.016, 0.5, 0.5, 0.016], "texture": "#2"}
			}
		},
		{
			"name": "hexadecagon",
			"from": [12.1, 16.2, 12.40109],
			"to": [12.4, 16.5, 12.79891],
			"faces": {
				"east": {"uv": [0.5, 0.016, 0.016, 0.5], "texture": "#2"},
				"south": {"uv": [0.5, 0.016, 0.016, 0.5], "texture": "#2"},
				"west": {"uv": [0.5, 0.016, 0.016, 0.5], "texture": "#2"},
				"up": {"uv": [0.016, 0.5, 0.5, 0.016], "texture": "#2"},
				"down": {"uv": [0.016, 0.5, 0.5, 0.016], "texture": "#2"}
			}
		},
		{
			"name": "hexadecagon",
			"from": [13.1, 16.2, 12.40109],
			"to": [13.4, 16.5, 12.79891],
			"faces": {
				"east": {"uv": [0.5, 0.016, 0.016, 0.5], "texture": "#2"},
				"south": {"uv": [0.5, 0.016, 0.016, 0.5], "texture": "#2"},
				"west": {"uv": [0.5, 0.016, 0.016, 0.5], "texture": "#2"},
				"up": {"uv": [0.016, 0.5, 0.5, 0.016], "texture": "#2"},
				"down": {"uv": [0.016, 0.5, 0.5, 0.016], "texture": "#2"}
			}
		},
		{
			"name": "hexadecagon",
			"from": [13.6, 16.2, 12.40109],
			"to": [13.9, 16.5, 12.79891],
			"faces": {
				"east": {"uv": [0.5, 0.016, 0.016, 0.5], "texture": "#2"},
				"south": {"uv": [0.5, 0.016, 0.016, 0.5], "texture": "#2"},
				"west": {"uv": [0.5, 0.016, 0.016, 0.5], "texture": "#2"},
				"up": {"uv": [0.016, 0.5, 0.5, 0.016], "texture": "#2"},
				"down": {"uv": [0.016, 0.5, 0.5, 0.016], "texture": "#2"}
			}
		},
		{
			"name": "hexadecagon",
			"from": [12.6, 16.7, 12.40109],
			"to": [12.9, 17, 12.79891],
			"faces": {
				"east": {"uv": [0.5, 0.016, 0.016, 0.5], "texture": "#2"},
				"south": {"uv": [0.5, 0.016, 0.016, 0.5], "texture": "#2"},
				"west": {"uv": [0.5, 0.016, 0.016, 0.5], "texture": "#2"},
				"up": {"uv": [0.016, 0.5, 0.5, 0.016], "texture": "#2"},
				"down": {"uv": [0.016, 0.5, 0.5, 0.016], "texture": "#2"}
			}
		},
		{
			"name": "hexadecagon",
			"from": [12.1, 16.7, 12.40109],
			"to": [12.4, 17, 12.79891],
			"faces": {
				"east": {"uv": [0.5, 0.016, 0.016, 0.5], "texture": "#2"},
				"south": {"uv": [0.5, 0.016, 0.016, 0.5], "texture": "#2"},
				"west": {"uv": [0.5, 0.016, 0.016, 0.5], "texture": "#2"},
				"up": {"uv": [0.016, 0.5, 0.5, 0.016], "texture": "#2"},
				"down": {"uv": [0.016, 0.5, 0.5, 0.016], "texture": "#2"}
			}
		},
		{
			"name": "hexadecagon",
			"from": [13.1, 16.7, 12.40109],
			"to": [13.4, 17, 12.79891],
			"faces": {
				"east": {"uv": [0.5, 0.016, 0.016, 0.5], "texture": "#2"},
				"south": {"uv": [0.5, 0.016, 0.016, 0.5], "texture": "#2"},
				"west": {"uv": [0.5, 0.016, 0.016, 0.5], "texture": "#2"},
				"up": {"uv": [0.016, 0.5, 0.5, 0.016], "texture": "#2"},
				"down": {"uv": [0.016, 0.5, 0.5, 0.016], "texture": "#2"}
			}
		},
		{
			"name": "hexadecagon",
			"from": [13.6, 16.7, 12.40109],
			"to": [13.9, 17, 12.79891],
			"faces": {
				"east": {"uv": [0.5, 0.016, 0.016, 0.5], "texture": "#2"},
				"south": {"uv": [0.5, 0.016, 0.016, 0.5], "texture": "#2"},
				"west": {"uv": [0.5, 0.016, 0.016, 0.5], "texture": "#2"},
				"up": {"uv": [0.016, 0.5, 0.5, 0.016], "texture": "#2"},
				"down": {"uv": [0.016, 0.5, 0.5, 0.016], "texture": "#2"}
			}
		},
		{
			"name": "hexadecagon",
			"from": [11.9, 17.1, 12.40109],
			"to": [14.1, 17.3, 12.79891],
			"faces": {
				"east": {"uv": [0.5, 0.016, 0.016, 0.5], "texture": "#2"},
				"south": {"uv": [0.5, 0.016, 0.016, 0.5], "texture": "#2"},
				"west": {"uv": [0.5, 0.016, 0.016, 0.5], "texture": "#2"},
				"up": {"uv": [0.016, 0.5, 0.5, 0.016], "texture": "#2"},
				"down": {"uv": [0.016, 0.5, 0.5, 0.016], "texture": "#2"}
			}
		},
		{
			"name": "hexadecagon",
			"from": [12.6, 17.4, 12.40109],
			"to": [13.4, 17.6, 12.79891],
			"faces": {
				"east": {"uv": [0.5, 0.016, 0.016, 0.5], "texture": "#3"},
				"south": {"uv": [0.5, 0.016, 0.016, 0.5], "texture": "#3"},
				"west": {"uv": [0.5, 0.016, 0.016, 0.5], "texture": "#3"},
				"up": {"uv": [0.016, 0.5, 0.5, 0.016], "texture": "#3"},
				"down": {"uv": [0.016, 0.5, 0.5, 0.016], "texture": "#3"}
			}
		},
		{
			"name": "hexadecagon",
			"from": [12.1, 17.5, 12.40109],
			"to": [12.5, 17.9, 12.79891],
			"faces": {
				"east": {"uv": [0.5, 0.016, 0.016, 0.5], "texture": "#5"},
				"south": {"uv": [0.5, 0.016, 0.016, 0.5], "texture": "#5"},
				"west": {"uv": [0.5, 0.016, 0.016, 0.5], "texture": "#5"},
				"up": {"uv": [0.016, 0.5, 0.5, 0.016], "texture": "#5"},
				"down": {"uv": [0.016, 0.5, 0.5, 0.016], "texture": "#5"}
			}
		},
		{
			"name": "hexadecagon",
			"from": [13.5, 17.5, 12.40109],
			"to": [13.9, 17.9, 12.79891],
			"faces": {
				"east": {"uv": [0.5, 0.016, 0.016, 0.5], "texture": "#4"},
				"south": {"uv": [0.5, 0.016, 0.016, 0.5], "texture": "#4"},
				"west": {"uv": [0.5, 0.016, 0.016, 0.5], "texture": "#4"},
				"up": {"uv": [0.016, 0.5, 0.5, 0.016], "texture": "#4"},
				"down": {"uv": [0.016, 0.5, 0.5, 0.016], "texture": "#4"}
			}
		},
		{
			"name": "hexadecagon",
			"from": [2, 16, 12.30109],
			"to": [9, 17, 12.69891],
			"faces": {
				"east": {"uv": [0.5, 0.016, 0.016, 0.5], "texture": "#0"},
				"south": {"uv": [0.5, 0.016, 0.016, 0.5], "texture": "#0"},
				"west": {"uv": [0.5, 0.016, 0.016, 0.5], "texture": "#0"},
				"up": {"uv": [0.016, 0.5, 0.5, 0.016], "texture": "#0"},
				"down": {"uv": [0.016, 0.5, 0.5, 0.016], "texture": "#0"}
			}
		},
		{
			"name": "hexadecagon",
			"from": [2.3, 16.2, 12.40109],
			"to": [8.7, 16.8, 12.70109],
			"faces": {
				"east": {"uv": [0.5, 0.016, 0.016, 0.5], "texture": "#2"},
				"south": {"uv": [0.5, 0.016, 0.016, 0.5], "texture": "#2"},
				"west": {"uv": [0.5, 0.016, 0.016, 0.5], "texture": "#2"},
				"up": {"uv": [0.016, 0.5, 0.5, 0.016], "texture": "#2"},
				"down": {"uv": [0.016, 0.5, 0.5, 0.016], "texture": "#2"}
			}
		},
		{
			"name": "hexadecagon",
			"from": [2.3, 16.2, 3.29891],
			"to": [8.7, 16.8, 3.59891],
			"faces": {
				"north": {"uv": [0.016, 0.016, 0.5, 0.5], "texture": "#2"},
				"east": {"uv": [0.016, 0.016, 0.5, 0.5], "texture": "#2"},
				"west": {"uv": [0.016, 0.016, 0.5, 0.5], "texture": "#2"},
				"up": {"uv": [0.016, 0.016, 0.5, 0.5], "texture": "#2"},
				"down": {"uv": [0.016, 0.016, 0.5, 0.5], "texture": "#2"}
			}
		},
		{
			"name": "hexadecagon",
			"from": [2, 16, 3.30109],
			"to": [9, 17, 3.69891],
			"faces": {
				"north": {"uv": [0.016, 0.016, 0.5, 0.5], "texture": "#0"},
				"east": {"uv": [0.016, 0.016, 0.5, 0.5], "texture": "#0"},
				"west": {"uv": [0.016, 0.016, 0.5, 0.5], "texture": "#0"},
				"up": {"uv": [0.016, 0.016, 0.5, 0.5], "texture": "#0"},
				"down": {"uv": [0.016, 0.016, 0.5, 0.5], "texture": "#0"}
			}
		}
	],
	"display": {
		"thirdperson_righthand": {
			"rotation": [0, 90, 0],
			"translation": [0, 2, -4],
			"scale": [0.62, 0.62, 0.62]
		},
		"thirdperson_lefthand": {
			"rotation": [0, 90, 0],
			"translation": [0, 2, -4],
			"scale": [0.62, 0.62, 0.62]
		},
		"ground": {
			"translation": [0, 19, 0]
		},
		"gui": {
			"translation": [0, 2.75, 0],
			"scale": [0.45, 0.45, 0.45]
		},
		"head": {
			"translation": [0, 4.5, 0],
			"scale": [2, 2, 2]
		},
		"fixed": {
			"rotation": [0, 180, 0],
			"translation": [0, 5.25, -3.75],
			"scale": [0.84, 0.84, 0.84]
		}
	},
	"groups": [
		{
			"name": "hexadecagon",
			"children": [0, 1, 2, 3, 4, 5, 6, 7, 8, 9, 10, 11, 12, 13, 14]
		},
		{
			"name": "hexadecagon",
			"children": [15, 16, 17, 18, 19, 20, 21, 22, 23, 24, 25, 26, 27, 28, 29, 30, 31]
		}, 32, 33,
		{
			"name": "Keypad",
			"children": [34, 35, 36, 37, 38, 39, 40, 41, 42, 43, 44, 45, 46, 47, 48, 49, 50]
		}
	]
}