{
	"credit": "Made by _Kastle with Blockbench. Message Kastle#4801 on Discord for inquiries. If you recieved this model from someone other than myself without context, it was probably stolen.",
	"ambientocclusion": false,
	"textures": {
		"1": "block/polished_andesite",
		"2": "block/cyan_concrete",
		"4": "block/white_concrete",
		"6": "block/light_gray_concrete",
		"7": "block/gray_concrete",
		"8": "custom/entranceplaza/lightred",
		"9": "custom/entranceplaza/dcamapfull",
		"particle": "block/polished_andesite"
	},
	"elements": [
		{
			"from": [16.5, -2.9, 0.5],
			"to": [18, 3.6, 3],
			"faces": {
				"north": {"uv": [0.5, 0.016, 0.016, 6.5], "texture": "#4"},
				"east": {"uv": [6.477, 0, 9.562, 8.023], "texture": "#9"},
				"south": {"uv": [0.5, 0.016, 0.016, 6.5], "texture": "#4"},
				"west": {"uv": [3.258, 0, 6.343, 8.023], "texture": "#9"},
				"up": {"uv": [0.016, 2.5, 0.5, 0.016], "texture": "#4"}
			}
		},
		{
			"from": [18, -3, -5.5],
			"to": [18.5, -0.5, 3.5],
			"faces": {
				"north": {"uv": [0.5, 0.016, 0.016, 2.5], "texture": "#1"},
				"east": {"uv": [8.984, 0.016, 0.016, 2.5], "texture": "#1"},
				"south": {"uv": [0.5, 0.016, 0.016, 2.5], "texture": "#1"},
				"west": {"uv": [8.984, 0.016, 0.016, 2.5], "texture": "#1"},
				"up": {"uv": [0.016, 8.984, 0.5, 0.016], "texture": "#1"},
				"down": {"uv": [0.016, 8.984, 0.5, 0.016], "texture": "#1"}
			}
		},
		{
			"from": [16.5, -3, 3],
			"to": [18, -0.5, 3.5],
			"faces": {
				"south": {"uv": [1.984, 0.016, 0.016, 2.5], "texture": "#1"},
				"up": {"uv": [0.016, 0.5, 1.984, 0.016], "texture": "#1"}
			}
		},
		{
			"from": [16, -3, -5.5],
			"to": [16.5, -0.5, 3.5],
			"faces": {
				"north": {"uv": [0.5, 0.016, 0.016, 2.5], "texture": "#1"},
				"east": {"uv": [8.984, 0.016, 0.016, 2.5], "texture": "#1"},
				"south": {"uv": [0.5, 0.016, 0.016, 2.5], "texture": "#1"},
				"west": {"uv": [8.984, 0.016, 0.016, 2.5], "texture": "#1"},
				"up": {"uv": [0.016, 8.984, 0.5, 0.016], "texture": "#1"},
				"down": {"uv": [0.016, 8.984, 0.5, 0.016], "texture": "#1"}
			}
		},
		{
			"from": [16.5, -3, -5.5],
			"to": [18, -2.5, 3.5],
			"faces": {
				"up": {"uv": [0.016, 8.984, 1.984, 0.016], "texture": "#1"},
				"down": {"uv": [0.016, 8.984, 1.984, 0.016], "texture": "#1"}
			}
		},
		{
			"from": [16.5, -3, -5.5],
			"to": [18, -0.5, -5],
			"faces": {
				"north": {"uv": [1.984, 0.016, 0.016, 2.5], "texture": "#1"},
				"up": {"uv": [0.016, 0.5, 1.984, 0.016], "texture": "#1"}
			}
		},
		{
			"from": [16.5, -2.9, -2.25],
			"to": [18, 3.6, 0.25],
			"faces": {
				"north": {"uv": [0.5, 0.016, 0.016, 6.5], "texture": "#4"},
				"east": {"uv": [6.477, 0, 9.562, 8.023], "texture": "#9"},
				"south": {"uv": [0.5, 0.016, 0.016, 6.5], "texture": "#4"},
				"west": {"uv": [3.258, 0, 6.343, 8.023], "texture": "#9"},
				"up": {"uv": [0.016, 2.5, 0.5, 0.016], "texture": "#4"}
			}
		},
		{
			"from": [16.5, -2.9, -5],
			"to": [18, 3.6, -2.5],
			"faces": {
				"north": {"uv": [0.5, 0.016, 0.016, 6.5], "texture": "#4"},
				"east": {"uv": [6.477, 0, 9.562, 8.023], "texture": "#9"},
				"south": {"uv": [0.5, 0.016, 0.016, 6.5], "texture": "#4"},
				"west": {"uv": [3.258, 0, 6.343, 8.023], "texture": "#9"},
				"up": {"uv": [0.016, 2.5, 0.5, 0.016], "texture": "#4"}
			}
		},
		{
			"from": [-6, -16, -8],
			"to": [10, -1, -4.5],
			"faces": {
				"north": {"uv": [15.984, 0.016, 0.016, 15.984], "texture": "#1"},
				"east": {"uv": [4.5, 0.016, 0.016, 15.984], "texture": "#1"},
				"south": {"uv": [15.984, 0.016, 0.016, 15.984], "texture": "#1"},
				"west": {"uv": [4.5, 0.016, 0.016, 15.984], "texture": "#1"},
				"up": {"uv": [0.016, 4.5, 15.984, 0.016], "texture": "#1"},
				"down": {"uv": [0.016, 4.5, 15.984, 0.016], "texture": "#1"}
			}
		},
		{
			"from": [10, -16, -4.5],
			"to": [16, -1, 2.5],
			"faces": {
				"north": {"uv": [5.984, 0.016, 0.016, 15.984], "texture": "#1"},
				"east": {"uv": [6.984, 0.016, 0.016, 15.984], "texture": "#1"},
				"south": {"uv": [5.984, 0.016, 0.016, 15.984], "texture": "#1"},
				"west": {"uv": [6.984, 0.016, 0.016, 15.984], "texture": "#1"},
				"up": {"uv": [0.016, 6.984, 5.984, 0.016], "texture": "#1"},
				"down": {"uv": [0.016, 6.984, 5.984, 0.016], "texture": "#1"}
			}
		},
		{
			"from": [-10, -6, -7],
			"to": [-8.5, -4.5, 2.5],
			"rotation": {"angle": -45, "axis": "y", "origin": [8, -11.5, 11.5]},
			"faces": {
				"north": {"uv": [15.984, 0.016, 0.016, 15.984], "texture": "#1"},
				"east": {"uv": [4.5, 0.016, 0.016, 15.984], "texture": "#1"},
				"south": {"uv": [15.984, 0.016, 0.016, 15.984], "texture": "#1"},
				"west": {"uv": [4.5, 0.016, 0.016, 15.984], "texture": "#1"},
				"up": {"uv": [0.016, 4.5, 15.984, 0.016], "texture": "#1"},
				"down": {"uv": [0.016, 4.5, 15.984, 0.016], "texture": "#1"}
			}
		},
		{
			"from": [1, 5, -7.5],
			"to": [2.5, 6.5, 2],
			"rotation": {"angle": -45, "axis": "x", "origin": [8, -11.5, 11.5]},
			"faces": {
				"north": {"uv": [15.984, 0.016, 0.016, 15.984], "texture": "#1"},
				"east": {"uv": [4.5, 0.016, 0.016, 15.984], "texture": "#1"},
				"south": {"uv": [15.984, 0.016, 0.016, 15.984], "texture": "#1"},
				"west": {"uv": [4.5, 0.016, 0.016, 15.984], "texture": "#1"},
				"up": {"uv": [0.016, 4.5, 15.984, 0.016], "texture": "#1"},
				"down": {"uv": [0.016, 4.5, 15.984, 0.016], "texture": "#1"}
			}
		},
		{
			"from": [15.5, -6, -16],
			"to": [17, -4.5, -6.5],
			"rotation": {"angle": 45, "axis": "y", "origin": [8, -11.5, 11.5]},
			"faces": {
				"north": {"uv": [0.016, 0.016, 15.984, 15.984], "texture": "#1"},
				"east": {"uv": [0.016, 0.016, 4.5, 15.984], "texture": "#1"},
				"south": {"uv": [0.016, 0.016, 15.984, 15.984], "texture": "#1"},
				"west": {"uv": [0.016, 0.016, 4.5, 15.984], "texture": "#1"},
				"up": {"uv": [15.984, 4.5, 0.016, 0.016], "texture": "#1"},
				"down": {"uv": [15.984, 4.5, 0.016, 0.016], "texture": "#1"}
			}
		},
		{
			"name": "hexadecagon",
			"from": [9.7, -7.39946, -1.2],
			"to": [10.7, -7.20054, -0.2],
			"rotation": {"angle": 45, "axis": "x", "origin": [10.2, -7.3, -0.7]},
			"faces": {
				"north": {"uv": [0.5, 0.016, 0.016, 0.5], "texture": "#7"},
				"east": {"uv": [0.5, 0.016, 0.016, 0.5], "texture": "#7"},
				"south": {"uv": [0.5, 0.016, 0.016, 0.5], "texture": "#7"},
				"west": {"uv": [0.5, 0.016, 0.016, 0.5], "texture": "#7"}
			}
		},
		{
			"name": "hexadecagon",
			"from": [9.7, -7.39946, -1.2],
			"to": [10.7, -7.20054, -0.2],
			"rotation": {"angle": 22.5, "axis": "x", "origin": [10.2, -7.3, -0.7]},
			"faces": {
				"north": {"uv": [0.5, 0.016, 0.016, 0.5], "texture": "#7"},
				"east": {"uv": [0.5, 0.016, 0.016, 0.5], "texture": "#7"},
				"south": {"uv": [0.5, 0.016, 0.016, 0.5], "texture": "#7"},
				"west": {"uv": [0.5, 0.016, 0.016, 0.5], "texture": "#7"}
			}
		},
		{
			"name": "hexadecagon",
			"from": [9.7, -7.39946, -1.2],
			"to": [10.7, -7.20054, -0.2],
			"faces": {
				"north": {"uv": [0.5, 0.016, 0.016, 0.5], "texture": "#7"},
				"south": {"uv": [0.5, 0.016, 0.016, 0.5], "texture": "#7"},
				"west": {"uv": [0.5, 0.016, 0.016, 0.5], "texture": "#7"}
			}
		},
		{
			"name": "hexadecagon",
			"from": [9.7, -7.39946, -1.2],
			"to": [10.7, -7.20054, -0.2],
			"rotation": {"angle": -22.5, "axis": "x", "origin": [10.2, -7.3, -0.7]},
			"faces": {
				"north": {"uv": [0.5, 0.016, 0.016, 0.5], "texture": "#7"},
				"east": {"uv": [0.5, 0.016, 0.016, 0.5], "texture": "#7"},
				"south": {"uv": [0.5, 0.016, 0.016, 0.5], "texture": "#7"},
				"west": {"uv": [0.5, 0.016, 0.016, 0.5], "texture": "#7"}
			}
		},
		{
			"name": "hexadecagon",
			"from": [9.7, -7.39946, -1.2],
			"to": [10.7, -7.20054, -0.2],
			"rotation": {"angle": -45, "axis": "x", "origin": [10.2, -7.3, -0.7]},
			"faces": {
				"east": {"uv": [0.5, 0.016, 0.016, 0.5], "texture": "#7"},
				"south": {"uv": [0.5, 0.016, 0.016, 0.5], "texture": "#7"},
				"west": {"uv": [0.5, 0.016, 0.016, 0.5], "texture": "#7"}
			}
		},
		{
			"name": "hexadecagon",
			"from": [9.7, -7.8, -0.79946],
			"to": [10.7, -6.8, -0.60054],
			"rotation": {"angle": 22.5, "axis": "x", "origin": [10.2, -7.3, -0.7]},
			"faces": {
				"east": {"uv": [0.5, 0.016, 0.016, 0.5], "texture": "#7"},
				"west": {"uv": [0.5, 0.016, 0.016, 0.5], "texture": "#7"},
				"up": {"uv": [0.016, 0.5, 0.5, 0.016], "texture": "#7"}
			}
		},
		{
			"name": "hexadecagon",
			"from": [9.7, -7.8, -0.79946],
			"to": [10.7, -6.8, -0.60054],
			"faces": {
				"west": {"uv": [0.5, 0.016, 0.016, 0.5], "texture": "#7"},
				"up": {"uv": [0.016, 0.5, 0.5, 0.016], "texture": "#7"},
				"down": {"uv": [0.016, 0.5, 0.5, 0.016], "texture": "#7"}
			}
		},
		{
			"name": "hexadecagon",
			"from": [9.7, -7.8, -0.79946],
			"to": [10.7, -6.8, -0.60054],
			"rotation": {"angle": -22.5, "axis": "x", "origin": [10.2, -7.3, -0.7]},
			"faces": {
				"east": {"uv": [0.5, 0.016, 0.016, 0.5], "texture": "#7"},
				"west": {"uv": [0.5, 0.016, 0.016, 0.5], "texture": "#7"},
				"up": {"uv": [0.016, 0.5, 0.5, 0.016], "texture": "#7"},
				"down": {"uv": [0.016, 0.5, 0.5, 0.016], "texture": "#7"}
			}
		},
		{
			"name": "hexadecagon",
			"from": [9.7, -8.69891, -2.5],
			"to": [10.7, -8.30109, -0.5],
			"rotation": {"angle": 45, "axis": "x", "origin": [10.2, -8.5, -1.5]},
			"faces": {
				"north": {"uv": [0.5, 0.016, 0.016, 0.5], "texture": "#7"},
				"east": {"uv": [0.5, 0.016, 0.016, 0.5], "texture": "#7"},
				"south": {"uv": [0.5, 0.016, 0.016, 0.5], "texture": "#7"},
				"west": {"uv": [0.5, 0.016, 0.016, 0.5], "texture": "#7"}
			}
		},
		{
			"name": "hexadecagon",
			"from": [9.7, -8.69891, -2.5],
			"to": [10.7, -8.30109, -0.5],
			"rotation": {"angle": 22.5, "axis": "x", "origin": [10.2, -8.5, -1.5]},
			"faces": {
				"north": {"uv": [0.5, 0.016, 0.016, 0.5], "texture": "#7"},
				"east": {"uv": [0.5, 0.016, 0.016, 0.5], "texture": "#7"},
				"south": {"uv": [0.5, 0.016, 0.016, 0.5], "texture": "#7"},
				"west": {"uv": [0.5, 0.016, 0.016, 0.5], "texture": "#7"}
			}
		},
		{
			"name": "hexadecagon",
			"from": [9.7, -8.69891, -2.5],
			"to": [10.7, -8.30109, -0.5],
			"faces": {
				"north": {"uv": [0.5, 0.016, 0.016, 0.5], "texture": "#7"},
				"south": {"uv": [0.5, 0.016, 0.016, 0.5], "texture": "#7"},
				"west": {"uv": [0.5, 0.016, 0.016, 0.5], "texture": "#7"}
			}
		},
		{
			"name": "hexadecagon",
			"from": [9.7, -8.69891, -2.5],
			"to": [10.7, -8.30109, -0.5],
			"rotation": {"angle": -22.5, "axis": "x", "origin": [10.2, -8.5, -1.5]},
			"faces": {
				"north": {"uv": [0.5, 0.016, 0.016, 0.5], "texture": "#7"},
				"east": {"uv": [0.5, 0.016, 0.016, 0.5], "texture": "#7"},
				"south": {"uv": [0.5, 0.016, 0.016, 0.5], "texture": "#7"},
				"west": {"uv": [0.5, 0.016, 0.016, 0.5], "texture": "#7"}
			}
		},
		{
			"name": "hexadecagon",
			"from": [9.7, -8.69891, -2.5],
			"to": [10.7, -8.30109, -0.5],
			"rotation": {"angle": -45, "axis": "x", "origin": [10.2, -8.5, -1.5]},
			"faces": {
				"north": {"uv": [0.5, 0.016, 0.016, 0.5], "texture": "#7"},
				"east": {"uv": [0.5, 0.016, 0.016, 0.5], "texture": "#7"},
				"south": {"uv": [0.5, 0.016, 0.016, 0.5], "texture": "#7"},
				"west": {"uv": [0.5, 0.016, 0.016, 0.5], "texture": "#7"}
			}
		},
		{
			"name": "hexadecagon",
			"from": [9.7, -9.5, -1.69891],
			"to": [10.7, -7.5, -1.30109],
			"rotation": {"angle": 22.5, "axis": "x", "origin": [10.2, -8.5, -1.5]},
			"faces": {
				"east": {"uv": [0.5, 0.016, 0.016, 0.5], "texture": "#7"},
				"west": {"uv": [0.5, 0.016, 0.016, 0.5], "texture": "#7"},
				"up": {"uv": [0.016, 0.5, 0.5, 0.016], "texture": "#7"},
				"down": {"uv": [0.016, 0.5, 0.5, 0.016], "texture": "#7"}
			}
		},
		{
			"name": "hexadecagon",
			"from": [9.7, -9.5, -1.69891],
			"to": [10.7, -7.5, -1.30109],
			"faces": {
				"west": {"uv": [0.5, 0.016, 0.016, 0.5], "texture": "#7"},
				"up": {"uv": [0.016, 0.5, 0.5, 0.016], "texture": "#7"},
				"down": {"uv": [0.016, 0.5, 0.5, 0.016], "texture": "#7"}
			}
		},
		{
			"name": "hexadecagon",
			"from": [9.7, -9.5, -1.69891],
			"to": [10.7, -7.5, -1.30109],
			"rotation": {"angle": -22.5, "axis": "x", "origin": [10.2, -8.5, -1.5]},
			"faces": {
				"east": {"uv": [0.5, 0.016, 0.016, 0.5], "texture": "#7"},
				"west": {"uv": [0.5, 0.016, 0.016, 0.5], "texture": "#7"},
				"up": {"uv": [0.016, 0.5, 0.5, 0.016], "texture": "#7"},
				"down": {"uv": [0.016, 0.5, 0.5, 0.016], "texture": "#7"}
			}
		},
		{
			"name": "hexadecagon",
			"from": [9.7, -7.39946, -2.8],
			"to": [10.7, -7.20054, -1.8],
			"rotation": {"angle": 45, "axis": "x", "origin": [10.2, -7.3, -2.3]},
			"faces": {
				"north": {"uv": [0.5, 0.016, 0.016, 0.5], "texture": "#7"},
				"east": {"uv": [0.5, 0.016, 0.016, 0.5], "texture": "#7"},
				"west": {"uv": [0.5, 0.016, 0.016, 0.5], "texture": "#7"}
			}
		},
		{
			"name": "hexadecagon",
			"from": [9.7, -7.39946, -2.8],
			"to": [10.7, -7.20054, -1.8],
			"rotation": {"angle": 22.5, "axis": "x", "origin": [10.2, -7.3, -2.3]},
			"faces": {
				"north": {"uv": [0.5, 0.016, 0.016, 0.5], "texture": "#7"},
				"east": {"uv": [0.5, 0.016, 0.016, 0.5], "texture": "#7"},
				"south": {"uv": [0.5, 0.016, 0.016, 0.5], "texture": "#7"},
				"west": {"uv": [0.5, 0.016, 0.016, 0.5], "texture": "#7"}
			}
		},
		{
			"name": "hexadecagon",
			"from": [9.7, -7.39946, -2.8],
			"to": [10.7, -7.20054, -1.8],
			"faces": {
				"north": {"uv": [0.5, 0.016, 0.016, 0.5], "texture": "#7"},
				"south": {"uv": [0.5, 0.016, 0.016, 0.5], "texture": "#7"},
				"west": {"uv": [0.5, 0.016, 0.016, 0.5], "texture": "#7"}
			}
		},
		{
			"name": "hexadecagon",
			"from": [9.7, -7.39946, -2.8],
			"to": [10.7, -7.20054, -1.8],
			"rotation": {"angle": -22.5, "axis": "x", "origin": [10.2, -7.3, -2.3]},
			"faces": {
				"north": {"uv": [0.5, 0.016, 0.016, 0.5], "texture": "#7"},
				"east": {"uv": [0.5, 0.016, 0.016, 0.5], "texture": "#7"},
				"south": {"uv": [0.5, 0.016, 0.016, 0.5], "texture": "#7"},
				"west": {"uv": [0.5, 0.016, 0.016, 0.5], "texture": "#7"}
			}
		},
		{
			"name": "hexadecagon",
			"from": [9.7, -7.39946, -2.8],
			"to": [10.7, -7.20054, -1.8],
			"rotation": {"angle": -45, "axis": "x", "origin": [10.2, -7.3, -2.3]},
			"faces": {
				"north": {"uv": [0.5, 0.016, 0.016, 0.5], "texture": "#7"},
				"east": {"uv": [0.5, 0.016, 0.016, 0.5], "texture": "#7"},
				"south": {"uv": [0.5, 0.016, 0.016, 0.5], "texture": "#7"},
				"west": {"uv": [0.5, 0.016, 0.016, 0.5], "texture": "#7"}
			}
		},
		{
			"name": "hexadecagon",
			"from": [9.7, -7.8, -2.39946],
			"to": [10.7, -6.8, -2.20054],
			"rotation": {"angle": 22.5, "axis": "x", "origin": [10.2, -7.3, -2.3]},
			"faces": {
				"east": {"uv": [0.5, 0.016, 0.016, 0.5], "texture": "#7"},
				"west": {"uv": [0.5, 0.016, 0.016, 0.5], "texture": "#7"},
				"up": {"uv": [0.016, 0.5, 0.5, 0.016], "texture": "#7"},
				"down": {"uv": [0.016, 0.5, 0.5, 0.016], "texture": "#7"}
			}
		},
		{
			"name": "hexadecagon",
			"from": [9.7, -7.8, -2.39946],
			"to": [10.7, -6.8, -2.20054],
			"faces": {
				"west": {"uv": [0.5, 0.016, 0.016, 0.5], "texture": "#7"},
				"up": {"uv": [0.016, 0.5, 0.5, 0.016], "texture": "#7"},
				"down": {"uv": [0.016, 0.5, 0.5, 0.016], "texture": "#7"}
			}
		},
		{
			"name": "hexadecagon",
			"from": [9.7, -7.8, -2.39946],
			"to": [10.7, -6.8, -2.20054],
			"rotation": {"angle": -22.5, "axis": "x", "origin": [10.2, -7.3, -2.3]},
			"faces": {
				"east": {"uv": [0.5, 0.016, 0.016, 0.5], "texture": "#7"},
				"west": {"uv": [0.5, 0.016, 0.016, 0.5], "texture": "#7"},
				"up": {"uv": [0.016, 0.5, 0.5, 0.016], "texture": "#7"}
			}
		},
		{
			"from": [0.5, 2, 1.5],
			"to": [1, 6, 2.5],
			"rotation": {"angle": -45, "axis": "z", "origin": [8, -11, 10]},
			"faces": {
				"north": {"uv": [5.984, 0.016, 0.016, 15.984], "texture": "#1"},
				"south": {"uv": [5.984, 0.016, 0.016, 15.984], "texture": "#1"},
				"west": {"uv": [10.984, 1.016, 5.016, 15.984], "texture": "#1"}
			}
		},
		{
			"from": [0.5, 6, -4.5],
			"to": [1, 7, 2.5],
			"rotation": {"angle": -45, "axis": "z", "origin": [8, -11, 10]},
			"faces": {
				"north": {"uv": [5.984, 0.016, 0.016, 15.984], "texture": "#1"},
				"south": {"uv": [5.984, 0.016, 0.016, 15.984], "texture": "#1"},
				"west": {"uv": [11.984, 0.016, 5.016, 15.984], "texture": "#1"},
				"up": {"uv": [0.016, 6.984, 5.984, 0.016], "texture": "#1"},
				"down": {"uv": [0.016, 6.984, 5.984, 0.016], "texture": "#1"}
			}
		},
		{
			"from": [0.5, 2, -4.5],
			"to": [1, 6, -3.5],
			"rotation": {"angle": -45, "axis": "z", "origin": [8, -11, 10]},
			"faces": {
				"north": {"uv": [5.984, 0.016, 0.016, 15.984], "texture": "#1"},
				"south": {"uv": [5.984, 0.016, 0.016, 15.984], "texture": "#1"},
				"west": {"uv": [11.984, 1.016, 6.016, 15.984], "texture": "#1"}
			}
		},
		{
			"from": [0.5, 1, -4.5],
			"to": [1, 2, 2.5],
			"rotation": {"angle": -45, "axis": "z", "origin": [8, -11, 10]},
			"faces": {
				"north": {"uv": [5.984, 0.016, 0.016, 15.984], "texture": "#1"},
				"south": {"uv": [5.984, 0.016, 0.016, 15.984], "texture": "#1"},
				"west": {"uv": [12.984, 0.016, 6.016, 15.984], "texture": "#1"},
				"up": {"uv": [0.016, 6.984, 5.984, 0.016], "texture": "#1"},
				"down": {"uv": [0.016, 6.984, 5.984, 0.016], "texture": "#1"}
			}
		},
		{
			"from": [0.8, 2, -3.5],
			"to": [1.3, 6, 1.5],
			"rotation": {"angle": -45, "axis": "z", "origin": [8, -11, 10]},
			"faces": {
				"west": {"uv": [6.984, 0.016, 0.016, 15.984], "texture": "#6"}
			}
		},
		{
			"from": [1, 1, -4.5],
			"to": [2.5, 7, 2.5],
			"rotation": {"angle": -45, "axis": "z", "origin": [8, -11, 10]},
			"faces": {
				"north": {"uv": [5.984, 0.016, 0.016, 15.984], "texture": "#1"},
				"east": {"uv": [6.984, 0.016, 0.016, 15.984], "texture": "#1"},
				"south": {"uv": [5.984, 0.016, 0.016, 15.984], "texture": "#1"},
				"up": {"uv": [0.016, 6.984, 5.984, 0.016], "texture": "#1"},
				"down": {"uv": [0.016, 6.984, 5.984, 0.016], "texture": "#1"}
			}
		},
		{
			"from": [14, -1, -3],
			"to": [16, 5, 1],
			"faces": {
				"north": {"uv": [5.984, 0.016, 0.016, 15.984], "texture": "#1"},
				"east": {"uv": [6.984, 0.016, 0.016, 15.984], "texture": "#1"},
				"south": {"uv": [5.984, 0.016, 0.016, 15.984], "texture": "#1"},
				"west": {"uv": [6.984, 0.016, 0.016, 15.984], "texture": "#1"}
			}
		},
		{
			"from": [1, 2.5, 2.5],
			"to": [1.4, 5, 3.3],
			"rotation": {"angle": -45, "axis": "z", "origin": [8, -11, 10]},
			"faces": {
				"east": {"uv": [6.984, 0.016, 0.016, 15.984], "texture": "#7"},
				"south": {"uv": [5.984, 0.016, 0.016, 15.984], "texture": "#7"},
				"west": {"uv": [11.984, 1.016, 6.016, 15.984], "texture": "#7"},
				"up": {"uv": [0.016, 6.984, 5.984, 0.016], "texture": "#7"},
				"down": {"uv": [0.016, 6.984, 5.984, 0.016], "texture": "#7"}
			}
		},
		{
			"from": [1.5, 2.5, 2.5],
			"to": [1.9, 5, 3.3],
			"rotation": {"angle": -45, "axis": "z", "origin": [8, -11, 10]},
			"faces": {
				"east": {"uv": [6.984, 0.016, 0.016, 15.984], "texture": "#7"},
				"south": {"uv": [5.984, 0.016, 0.016, 15.984], "texture": "#7"},
				"west": {"uv": [11.984, 1.016, 6.016, 15.984], "texture": "#7"},
				"up": {"uv": [0.016, 6.984, 5.984, 0.016], "texture": "#7"},
				"down": {"uv": [0.016, 6.984, 5.984, 0.016], "texture": "#7"}
			}
		},
		{
			"name": "hexadecagon",
			"from": [-4.14918, -2.25, -7.6],
			"to": [-3.85082, -0.75, -7.1],
			"rotation": {"angle": -45, "axis": "z", "origin": [-4, -1.5, -7.1]},
			"faces": {
				"north": {"uv": [0, 0, 0.5, 0.5], "texture": "#8"},
				"east": {"uv": [0, 0, 0.5, 0.5], "texture": "#8"},
				"south": {"uv": [0, 0, 0.5, 0.5], "texture": "#8"},
				"west": {"uv": [0, 0, 0.5, 0.5], "texture": "#8"},
				"up": {"uv": [0, 0, 0.5, 0.5], "texture": "#8"},
				"down": {"uv": [0, 0, 0.5, 0.5], "texture": "#8"}
			}
		},
		{
			"name": "hexadecagon",
			"from": [-4.14918, -2.25, -7.6],
			"to": [-3.85082, -0.75, -7.1],
			"rotation": {"angle": -22.5, "axis": "z", "origin": [-4, -1.5, -7.1]},
			"faces": {
				"north": {"uv": [0, 0, 0.5, 0.5], "texture": "#8"},
				"east": {"uv": [0, 0, 0.5, 0.5], "texture": "#8"},
				"south": {"uv": [0, 0, 0.5, 0.5], "texture": "#8"},
				"west": {"uv": [0, 0, 0.5, 0.5], "texture": "#8"},
				"up": {"uv": [0, 0, 0.5, 0.5], "texture": "#8"},
				"down": {"uv": [0, 0, 0.5, 0.5], "texture": "#8"}
			}
		},
		{
			"name": "hexadecagon",
			"from": [-4.14918, -2.25, -7.6],
			"to": [-3.85082, -0.75, -7.1],
			"faces": {
				"north": {"uv": [0, 0, 0.5, 0.5], "texture": "#8"},
				"east": {"uv": [0, 0, 0.5, 0.5], "texture": "#8"},
				"south": {"uv": [0, 0, 0.5, 0.5], "texture": "#8"},
				"west": {"uv": [0, 0, 0.5, 0.5], "texture": "#8"},
				"up": {"uv": [0, 0, 0.5, 0.5], "texture": "#8"},
				"down": {"uv": [0, 0, 0.5, 0.5], "texture": "#8"}
			}
		},
		{
			"name": "hexadecagon",
			"from": [-4.14918, -2.25, -7.6],
			"to": [-3.85082, -0.75, -7.1],
			"rotation": {"angle": 22.5, "axis": "z", "origin": [-4, -1.5, -7.1]},
			"faces": {
				"north": {"uv": [0, 0, 0.5, 0.5], "texture": "#8"},
				"east": {"uv": [0, 0, 0.5, 0.5], "texture": "#8"},
				"south": {"uv": [0, 0, 0.5, 0.5], "texture": "#8"},
				"west": {"uv": [0, 0, 0.5, 0.5], "texture": "#8"},
				"up": {"uv": [0, 0, 0.5, 0.5], "texture": "#8"},
				"down": {"uv": [0, 0, 0.5, 0.5], "texture": "#8"}
			}
		},
		{
			"name": "hexadecagon",
			"from": [-4.14918, -2.25, -7.6],
			"to": [-3.85082, -0.75, -7.1],
			"rotation": {"angle": 45, "axis": "z", "origin": [-4, -1.5, -7.1]},
			"faces": {
				"north": {"uv": [0, 0, 0.5, 0.5], "texture": "#8"},
				"east": {"uv": [0, 0, 0.5, 0.5], "texture": "#8"},
				"south": {"uv": [0, 0, 0.5, 0.5], "texture": "#8"},
				"west": {"uv": [0, 0, 0.5, 0.5], "texture": "#8"},
				"up": {"uv": [0, 0, 0.5, 0.5], "texture": "#8"},
				"down": {"uv": [0, 0, 0.5, 0.5], "texture": "#8"}
			}
		},
		{
			"name": "hexadecagon",
			"from": [-4.75, -1.64918, -7.6],
			"to": [-3.25, -1.35082, -7.1],
			"rotation": {"angle": -22.5, "axis": "z", "origin": [-4, -1.5, -7.1]},
			"faces": {
				"north": {"uv": [0, 0, 0.5, 0.5], "texture": "#8"},
				"east": {"uv": [0, 0, 0.5, 0.5], "texture": "#8"},
				"south": {"uv": [0, 0, 0.5, 0.5], "texture": "#8"},
				"west": {"uv": [0, 0, 0.5, 0.5], "texture": "#8"},
				"up": {"uv": [0, 0, 0.5, 0.5], "texture": "#8"},
				"down": {"uv": [0, 0, 0.5, 0.5], "texture": "#8"}
			}
		},
		{
			"name": "hexadecagon",
			"from": [-4.75, -1.64918, -7.6],
			"to": [-3.25, -1.35082, -7.1],
			"faces": {
				"north": {"uv": [0, 0, 0.5, 0.5], "texture": "#8"},
				"east": {"uv": [0, 0, 0.5, 0.5], "texture": "#8"},
				"south": {"uv": [0, 0, 0.5, 0.5], "texture": "#8"},
				"west": {"uv": [0, 0, 0.5, 0.5], "texture": "#8"},
				"up": {"uv": [0, 0, 0.5, 0.5], "texture": "#8"},
				"down": {"uv": [0, 0, 0.5, 0.5], "texture": "#8"}
			}
		},
		{
			"name": "hexadecagon",
			"from": [-4.75, -1.64918, -7.6],
			"to": [-3.25, -1.35082, -7.1],
			"rotation": {"angle": 22.5, "axis": "z", "origin": [-4, -1.5, -7.1]},
			"faces": {
				"north": {"uv": [0, 0, 0.5, 0.5], "texture": "#8"},
				"east": {"uv": [0, 0, 0.5, 0.5], "texture": "#8"},
				"south": {"uv": [0, 0, 0.5, 0.5], "texture": "#8"},
				"west": {"uv": [0, 0, 0.5, 0.5], "texture": "#8"},
				"up": {"uv": [0, 0, 0.5, 0.5], "texture": "#8"},
				"down": {"uv": [0, 0, 0.5, 0.5], "texture": "#8"}
			}
		},
		{
			"name": "hexadecagon",
			"from": [-4.14918, -2.25, -6.6],
			"to": [-3.85082, -0.75, -6.1],
			"rotation": {"angle": -45, "axis": "z", "origin": [-4, -1.5, -6.1]},
			"faces": {
				"north": {"uv": [0, 0, 0.5, 0.5], "texture": "#4"},
				"east": {"uv": [0, 0, 0.5, 0.5], "texture": "#4"},
				"south": {"uv": [0, 0, 0.5, 0.5], "texture": "#4"},
				"west": {"uv": [0, 0, 0.5, 0.5], "texture": "#4"},
				"up": {"uv": [0, 0, 0.5, 0.5], "texture": "#4"},
				"down": {"uv": [0, 0, 0.5, 0.5], "texture": "#4"}
			}
		},
		{
			"name": "hexadecagon",
			"from": [-4.14918, -2.25, -6.6],
			"to": [-3.85082, -0.75, -6.1],
			"rotation": {"angle": -22.5, "axis": "z", "origin": [-4, -1.5, -6.1]},
			"faces": {
				"north": {"uv": [0, 0, 0.5, 0.5], "texture": "#4"},
				"east": {"uv": [0, 0, 0.5, 0.5], "texture": "#4"},
				"south": {"uv": [0, 0, 0.5, 0.5], "texture": "#4"},
				"west": {"uv": [0, 0, 0.5, 0.5], "texture": "#4"},
				"up": {"uv": [0, 0, 0.5, 0.5], "texture": "#4"},
				"down": {"uv": [0, 0, 0.5, 0.5], "texture": "#4"}
			}
		},
		{
			"name": "hexadecagon",
			"from": [-4.14918, -2.25, -6.6],
			"to": [-3.85082, -0.75, -6.1],
			"faces": {
				"north": {"uv": [0, 0, 0.5, 0.5], "texture": "#4"},
				"east": {"uv": [0, 0, 0.5, 0.5], "texture": "#4"},
				"south": {"uv": [0, 0, 0.5, 0.5], "texture": "#4"},
				"west": {"uv": [0, 0, 0.5, 0.5], "texture": "#4"},
				"up": {"uv": [0, 0, 0.5, 0.5], "texture": "#4"},
				"down": {"uv": [0, 0, 0.5, 0.5], "texture": "#4"}
			}
		},
		{
			"name": "hexadecagon",
			"from": [-4.14918, -2.25, -6.6],
			"to": [-3.85082, -0.75, -6.1],
			"rotation": {"angle": 22.5, "axis": "z", "origin": [-4, -1.5, -6.1]},
			"faces": {
				"north": {"uv": [0, 0, 0.5, 0.5], "texture": "#4"},
				"east": {"uv": [0, 0, 0.5, 0.5], "texture": "#4"},
				"south": {"uv": [0, 0, 0.5, 0.5], "texture": "#4"},
				"west": {"uv": [0, 0, 0.5, 0.5], "texture": "#4"},
				"up": {"uv": [0, 0, 0.5, 0.5], "texture": "#4"},
				"down": {"uv": [0, 0, 0.5, 0.5], "texture": "#4"}
			}
		},
		{
			"name": "hexadecagon",
			"from": [-4.14918, -2.25, -6.6],
			"to": [-3.85082, -0.75, -6.1],
			"rotation": {"angle": 45, "axis": "z", "origin": [-4, -1.5, -6.1]},
			"faces": {
				"north": {"uv": [0, 0, 0.5, 0.5], "texture": "#4"},
				"east": {"uv": [0, 0, 0.5, 0.5], "texture": "#4"},
				"south": {"uv": [0, 0, 0.5, 0.5], "texture": "#4"},
				"west": {"uv": [0, 0, 0.5, 0.5], "texture": "#4"},
				"up": {"uv": [0, 0, 0.5, 0.5], "texture": "#4"},
				"down": {"uv": [0, 0, 0.5, 0.5], "texture": "#4"}
			}
		},
		{
			"name": "hexadecagon",
			"from": [-4.75, -1.64918, -6.6],
			"to": [-3.25, -1.35082, -6.1],
			"rotation": {"angle": -22.5, "axis": "z", "origin": [-4, -1.5, -6.1]},
			"faces": {
				"north": {"uv": [0, 0, 0.5, 0.5], "texture": "#4"},
				"east": {"uv": [0, 0, 0.5, 0.5], "texture": "#4"},
				"south": {"uv": [0, 0, 0.5, 0.5], "texture": "#4"},
				"west": {"uv": [0, 0, 0.5, 0.5], "texture": "#4"},
				"up": {"uv": [0, 0, 0.5, 0.5], "texture": "#4"},
				"down": {"uv": [0, 0, 0.5, 0.5], "texture": "#4"}
			}
		},
		{
			"name": "hexadecagon",
			"from": [-4.75, -1.64918, -6.6],
			"to": [-3.25, -1.35082, -6.1],
			"faces": {
				"north": {"uv": [0, 0, 0.5, 0.5], "texture": "#4"},
				"east": {"uv": [0, 0, 0.5, 0.5], "texture": "#4"},
				"south": {"uv": [0, 0, 0.5, 0.5], "texture": "#4"},
				"west": {"uv": [0, 0, 0.5, 0.5], "texture": "#4"},
				"up": {"uv": [0, 0, 0.5, 0.5], "texture": "#4"},
				"down": {"uv": [0, 0, 0.5, 0.5], "texture": "#4"}
			}
		},
		{
			"name": "hexadecagon",
			"from": [-4.75, -1.64918, -6.6],
			"to": [-3.25, -1.35082, -6.1],
			"rotation": {"angle": 22.5, "axis": "z", "origin": [-4, -1.5, -6.1]},
			"faces": {
				"north": {"uv": [0, 0, 0.5, 0.5], "texture": "#4"},
				"east": {"uv": [0, 0, 0.5, 0.5], "texture": "#4"},
				"south": {"uv": [0, 0, 0.5, 0.5], "texture": "#4"},
				"west": {"uv": [0, 0, 0.5, 0.5], "texture": "#4"},
				"up": {"uv": [0, 0, 0.5, 0.5], "texture": "#4"},
				"down": {"uv": [0, 0, 0.5, 0.5], "texture": "#4"}
			}
		},
		{
			"name": "hexadecagon",
			"from": [-4.14918, -2.25, -5.6],
			"to": [-3.85082, -0.75, -5.1],
			"rotation": {"angle": -45, "axis": "z", "origin": [-4, -1.5, -5.1]},
			"faces": {
				"north": {"uv": [0, 0, 0.5, 0.5], "texture": "#2"},
				"east": {"uv": [0, 0, 0.5, 0.5], "texture": "#2"},
				"south": {"uv": [0, 0, 0.5, 0.5], "texture": "#2"},
				"west": {"uv": [0, 0, 0.5, 0.5], "texture": "#2"},
				"up": {"uv": [0, 0, 0.5, 0.5], "texture": "#2"},
				"down": {"uv": [0, 0, 0.5, 0.5], "texture": "#2"}
			}
		},
		{
			"name": "hexadecagon",
			"from": [-4.14918, -2.25, -5.6],
			"to": [-3.85082, -0.75, -5.1],
			"rotation": {"angle": -22.5, "axis": "z", "origin": [-4, -1.5, -5.1]},
			"faces": {
				"north": {"uv": [0, 0, 0.5, 0.5], "texture": "#2"},
				"east": {"uv": [0, 0, 0.5, 0.5], "texture": "#2"},
				"south": {"uv": [0, 0, 0.5, 0.5], "texture": "#2"},
				"west": {"uv": [0, 0, 0.5, 0.5], "texture": "#2"},
				"up": {"uv": [0, 0, 0.5, 0.5], "texture": "#2"},
				"down": {"uv": [0, 0, 0.5, 0.5], "texture": "#2"}
			}
		},
		{
			"name": "hexadecagon",
			"from": [-4.14918, -2.25, -5.6],
			"to": [-3.85082, -0.75, -5.1],
			"faces": {
				"north": {"uv": [0, 0, 0.5, 0.5], "texture": "#2"},
				"east": {"uv": [0, 0, 0.5, 0.5], "texture": "#2"},
				"south": {"uv": [0, 0, 0.5, 0.5], "texture": "#2"},
				"west": {"uv": [0, 0, 0.5, 0.5], "texture": "#2"},
				"up": {"uv": [0, 0, 0.5, 0.5], "texture": "#2"},
				"down": {"uv": [0, 0, 0.5, 0.5], "texture": "#2"}
			}
		},
		{
			"name": "hexadecagon",
			"from": [-4.14918, -2.25, -5.6],
			"to": [-3.85082, -0.75, -5.1],
			"rotation": {"angle": 22.5, "axis": "z", "origin": [-4, -1.5, -5.1]},
			"faces": {
				"north": {"uv": [0, 0, 0.5, 0.5], "texture": "#2"},
				"east": {"uv": [0, 0, 0.5, 0.5], "texture": "#2"},
				"south": {"uv": [0, 0, 0.5, 0.5], "texture": "#2"},
				"west": {"uv": [0, 0, 0.5, 0.5], "texture": "#2"},
				"up": {"uv": [0, 0, 0.5, 0.5], "texture": "#2"},
				"down": {"uv": [0, 0, 0.5, 0.5], "texture": "#2"}
			}
		},
		{
			"name": "hexadecagon",
			"from": [-4.14918, -2.25, -5.6],
			"to": [-3.85082, -0.75, -5.1],
			"rotation": {"angle": 45, "axis": "z", "origin": [-4, -1.5, -5.1]},
			"faces": {
				"north": {"uv": [0, 0, 0.5, 0.5], "texture": "#2"},
				"east": {"uv": [0, 0, 0.5, 0.5], "texture": "#2"},
				"south": {"uv": [0, 0, 0.5, 0.5], "texture": "#2"},
				"west": {"uv": [0, 0, 0.5, 0.5], "texture": "#2"},
				"up": {"uv": [0, 0, 0.5, 0.5], "texture": "#2"},
				"down": {"uv": [0, 0, 0.5, 0.5], "texture": "#2"}
			}
		},
		{
			"name": "hexadecagon",
			"from": [-4.75, -1.64918, -5.6],
			"to": [-3.25, -1.35082, -5.1],
			"rotation": {"angle": -22.5, "axis": "z", "origin": [-4, -1.5, -5.1]},
			"faces": {
				"north": {"uv": [0, 0, 0.5, 0.5], "texture": "#2"},
				"east": {"uv": [0, 0, 0.5, 0.5], "texture": "#2"},
				"south": {"uv": [0, 0, 0.5, 0.5], "texture": "#2"},
				"west": {"uv": [0, 0, 0.5, 0.5], "texture": "#2"},
				"up": {"uv": [0, 0, 0.5, 0.5], "texture": "#2"},
				"down": {"uv": [0, 0, 0.5, 0.5], "texture": "#2"}
			}
		},
		{
			"name": "hexadecagon",
			"from": [-4.75, -1.64918, -5.6],
			"to": [-3.25, -1.35082, -5.1],
			"faces": {
				"north": {"uv": [0, 0, 0.5, 0.5], "texture": "#2"},
				"east": {"uv": [0, 0, 0.5, 0.5], "texture": "#2"},
				"south": {"uv": [0, 0, 0.5, 0.5], "texture": "#2"},
				"west": {"uv": [0, 0, 0.5, 0.5], "texture": "#2"},
				"up": {"uv": [0, 0, 0.5, 0.5], "texture": "#2"},
				"down": {"uv": [0, 0, 0.5, 0.5], "texture": "#2"}
			}
		},
		{
			"name": "hexadecagon",
			"from": [-4.75, -1.64918, -5.6],
			"to": [-3.25, -1.35082, -5.1],
			"rotation": {"angle": 22.5, "axis": "z", "origin": [-4, -1.5, -5.1]},
			"faces": {
				"north": {"uv": [0, 0, 0.5, 0.5], "texture": "#2"},
				"east": {"uv": [0, 0, 0.5, 0.5], "texture": "#2"},
				"south": {"uv": [0, 0, 0.5, 0.5], "texture": "#2"},
				"west": {"uv": [0, 0, 0.5, 0.5], "texture": "#2"},
				"up": {"uv": [0, 0, 0.5, 0.5], "texture": "#2"},
				"down": {"uv": [0, 0, 0.5, 0.5], "texture": "#2"}
			}
		},
		{
			"from": [16, -16, -2.5],
			"to": [16.5, -4.5, -2],
			"faces": {
				"north": {"uv": [0, 0, 4.5, 14.5], "texture": "#2"},
				"east": {"uv": [0, 0, 4.5, 14.5], "texture": "#2"},
				"south": {"uv": [0, 0, 4.5, 14.5], "texture": "#2"},
				"west": {"uv": [0, 0, 4.5, 14.5], "texture": "#2"},
				"up": {"uv": [0, 0, 4.5, 14.5], "texture": "#2"},
				"down": {"uv": [0, 0, 4.5, 14.5], "texture": "#2"}
			}
		},
		{
			"from": [16, -15, -2],
			"to": [16.5, -14.5, 6.8],
			"faces": {
				"north": {"uv": [0, 0, 4.5, 14.5], "texture": "#2"},
				"east": {"uv": [0, 0, 4.5, 14.5], "texture": "#2"},
				"south": {"uv": [0, 0, 4.5, 14.5], "texture": "#2"},
				"west": {"uv": [0, 0, 4.5, 14.5], "texture": "#2"},
				"up": {"uv": [0, 0, 4.5, 14.5], "texture": "#2"},
				"down": {"uv": [0, 0, 4.5, 14.5], "texture": "#2"}
			}
		},
		{
			"from": [16, -5, -2],
			"to": [16.5, -4.5, 6.8],
			"faces": {
				"north": {"uv": [0, 0, 4.5, 14.5], "texture": "#2"},
				"east": {"uv": [0, 0, 4.5, 14.5], "texture": "#2"},
				"south": {"uv": [0, 0, 4.5, 14.5], "texture": "#2"},
				"west": {"uv": [0, 0, 4.5, 14.5], "texture": "#2"},
				"up": {"uv": [0, 0, 4.5, 14.5], "texture": "#2"},
				"down": {"uv": [0, 0, 4.5, 14.5], "texture": "#2"}
			}
		},
		{
			"from": [16, -16, 6.3],
			"to": [16.5, -5, 6.8],
			"faces": {
				"north": {"uv": [0, 0, 4.5, 14.5], "texture": "#2"},
				"east": {"uv": [0, 0, 4.5, 14.5], "texture": "#2"},
				"south": {"uv": [0, 0, 4.5, 14.5], "texture": "#2"},
				"west": {"uv": [0, 0, 4.5, 14.5], "texture": "#2"},
				"up": {"uv": [0, 0, 4.5, 14.5], "texture": "#2"},
				"down": {"uv": [0, 0, 4.5, 14.5], "texture": "#2"}
			}
		},
		{
			"from": [16, -14.5, 3.4],
			"to": [16.5, -5, 3.9],
			"faces": {
				"north": {"uv": [0, 0, 4.5, 14.5], "texture": "#2"},
				"east": {"uv": [0, 0, 4.5, 14.5], "texture": "#2"},
				"south": {"uv": [0, 0, 4.5, 14.5], "texture": "#2"},
				"west": {"uv": [0, 0, 4.5, 14.5], "texture": "#2"},
				"up": {"uv": [0, 0, 4.5, 14.5], "texture": "#2"},
				"down": {"uv": [0, 0, 4.5, 14.5], "texture": "#2"}
			}
		},
		{
			"from": [16, -14.5, 0.4],
			"to": [16.5, -5, 0.9],
			"faces": {
				"north": {"uv": [0, 0, 4.5, 14.5], "texture": "#2"},
				"east": {"uv": [0, 0, 4.5, 14.5], "texture": "#2"},
				"south": {"uv": [0, 0, 4.5, 14.5], "texture": "#2"},
				"west": {"uv": [0, 0, 4.5, 14.5], "texture": "#2"},
				"up": {"uv": [0, 0, 4.5, 14.5], "texture": "#2"},
				"down": {"uv": [0, 0, 4.5, 14.5], "texture": "#2"}
			}
		},
		{
			"from": [16, -7, -2],
			"to": [16.5, -6.5, 6.5],
			"faces": {
				"north": {"uv": [0, 0, 4.5, 14.5], "texture": "#2"},
				"east": {"uv": [0, 0, 4.5, 14.5], "texture": "#2"},
				"south": {"uv": [0, 0, 4.5, 14.5], "texture": "#2"},
				"west": {"uv": [0, 0, 4.5, 14.5], "texture": "#2"},
				"up": {"uv": [0, 0, 4.5, 14.5], "texture": "#2"},
				"down": {"uv": [0, 0, 4.5, 14.5], "texture": "#2"}
			}
		}
	],
	"display": {
		"thirdperson_righthand": {
			"rotation": [0, -90, 0],
			"translation": [-2, 5.5, -4],
			"scale": [0.5, 0.5, 0.5]
		},
		"thirdperson_lefthand": {
			"rotation": [0, 90, 0],
			"translation": [9.25, 5.5, -0.25],
			"scale": [0.5, 0.5, 0.5]
		},
		"firstperson_righthand": {
			"translation": [6.5, 7.75, 0],
			"scale": [0.5, 0.5, 0.5]
		},
		"firstperson_lefthand": {
			"translation": [6.5, 7.75, 0.25],
			"scale": [0.5, 0.5, 0.5]
		},
		"ground": {
			"translation": [0, 21.75, 0]
		},
		"gui": {
			"rotation": [0, 180, 0],
			"translation": [-1.25, 7.75, 0],
			"scale": [0.65, 0.65, 0.65]
		},
		"head": {
			"translation": [0, 4.5, 0],
			"scale": [2, 2, 2]
		},
		"fixed": {
			"translation": [2.5, 15.75, 2.75],
			"scale": [1.25, 1.25, 1.25]
		}
	},
	"groups": [
		{
			"name": "R Side",
			"children": [
				{
					"name": "Map Tray",
					"children": [0, 1, 2, 3, 4, 5, 6, 7]
				},
				{
					"name": "Turnstile Body",
					"children": [8, 9, 10, 11, 12,
						{
							"name": "Mickey Ears",
							"children": [
								{
									"name": "Mickey Ear 1",
									"children": [13, 14, 15, 16, 17, 18, 19, 20]
								},
								{
									"name": "Mickey Head",
									"children": [21, 22, 23, 24, 25, 26, 27, 28]
								},
								{
									"name": "Mickey Ear 2",
									"children": [29, 30, 31, 32, 33, 34, 35, 36]
								}
							]
						}
					]
				},
				{
					"name": "Monitor",
					"children": [37, 38, 39, 40, 41, 42, 43, 44, 45]
				},
				{
					"name": "Lights",
					"children": [
						{
							"name": "Red Light",
							"children": [46, 47, 48, 49, 50, 51, 52, 53]
						},
						{
							"name": "White Light",
							"children": [54, 55, 56, 57, 58, 59, 60, 61]
						},
						{
							"name": "Green Light",
							"children": [62, 63, 64, 65, 66, 67, 68, 69]
						}
					]
				}
			]
		},
		{
			"name": "Bars",
			"children": [70, 71, 72, 73, 74, 75, 76]
		}
	]
}