{
	"credit": "Made by _Kastle with Blockbench. Message Kastle#4801 on Discord for inquiries. If you recieved this model from someone other than myself without context, it was probably stolen.",
	"ambientocclusion": false,
	"textures": {
		"1": "block/polished_andesite",
		"2": "custom/entranceplaza/goawaygreen",
		"4": "block/white_concrete",
		"6": "block/light_gray_concrete",
		"7": "block/gray_concrete",
		"8": "custom/entranceplaza/lightred",
		"9": "custom/entranceplaza/dlmapfull",
		"particle": "block/polished_andesite"
	},
	"elements": [
		{
			"from": [16.5, -2.9, 17],
			"to": [18, 3.6, 19.5],
			"faces": {
				"north": {"uv": [0.016, 0.016, 0.5, 6.5], "texture": "#4"},
				"east": {"uv": [6.43, 0, 9.562, 8.148], "texture": "#9"},
				"south": {"uv": [0.016, 0.016, 0.5, 6.5], "texture": "#4"},
				"west": {"uv": [3.258, 0, 6.328, 7.977], "texture": "#9"},
				"up": {"uv": [0.016, 0.016, 0.5, 2.5], "texture": "#4"}
			}
		},
		{
			"from": [18, -3, 11],
			"to": [18.5, -0.5, 20],
			"faces": {
				"north": {"uv": [0.016, 0.016, 0.5, 2.5], "texture": "#1"},
				"east": {"uv": [0.016, 0.016, 8.984, 2.5], "texture": "#1"},
				"south": {"uv": [0.016, 0.016, 0.5, 2.5], "texture": "#1"},
				"west": {"uv": [0.016, 0.016, 8.984, 2.5], "texture": "#1"},
				"up": {"uv": [0.016, 0.016, 0.5, 8.984], "texture": "#1"},
				"down": {"uv": [0.016, 0.016, 0.5, 8.984], "texture": "#1"}
			}
		},
		{
			"from": [16.5, -3, 11],
			"to": [18, -0.5, 11.5],
			"faces": {
				"north": {"uv": [0.016, 0.016, 1.984, 2.5], "texture": "#1"},
				"up": {"uv": [0.016, 0.016, 1.984, 0.5], "texture": "#1"}
			}
		},
		{
			"from": [16, -3, 11],
			"to": [16.5, -0.5, 20],
			"faces": {
				"north": {"uv": [0.016, 0.016, 0.5, 2.5], "texture": "#1"},
				"east": {"uv": [0.016, 0.016, 8.984, 2.5], "texture": "#1"},
				"south": {"uv": [0.016, 0.016, 0.5, 2.5], "texture": "#1"},
				"west": {"uv": [0.016, 0.016, 8.984, 2.5], "texture": "#1"},
				"up": {"uv": [0.016, 0.016, 0.5, 8.984], "texture": "#1"},
				"down": {"uv": [0.016, 0.016, 0.5, 8.984], "texture": "#1"}
			}
		},
		{
			"from": [16.5, -3, 11],
			"to": [18, -2.5, 20],
			"faces": {
				"up": {"uv": [0.016, 0.016, 1.984, 8.984], "texture": "#1"},
				"down": {"uv": [0.016, 0.016, 1.984, 8.984], "texture": "#1"}
			}
		},
		{
			"from": [16.5, -3, 19.5],
			"to": [18, -0.5, 20],
			"faces": {
				"south": {"uv": [0.016, 0.016, 1.984, 2.5], "texture": "#1"},
				"up": {"uv": [0.016, 0.016, 1.984, 0.5], "texture": "#1"}
			}
		},
		{
			"from": [16.5, -2.9, 14.25],
			"to": [18, 3.6, 16.75],
			"faces": {
				"north": {"uv": [0.016, 0.016, 0.5, 6.5], "texture": "#4"},
				"east": {"uv": [6.43, 0, 9.562, 8.148], "texture": "#9"},
				"south": {"uv": [0.016, 0.016, 0.5, 6.5], "texture": "#4"},
				"west": {"uv": [3.258, 0, 6.328, 7.977], "texture": "#9"},
				"up": {"uv": [0.016, 0.016, 0.5, 2.5], "texture": "#4"}
			}
		},
		{
			"from": [16.5, -2.9, 11.5],
			"to": [18, 3.6, 14],
			"faces": {
				"north": {"uv": [0.016, 0.016, 0.5, 6.5], "texture": "#4"},
				"east": {"uv": [6.43, 0, 9.562, 8.148], "texture": "#9"},
				"south": {"uv": [0.016, 0.016, 0.5, 6.5], "texture": "#4"},
				"west": {"uv": [3.258, 0, 6.328, 7.977], "texture": "#9"},
				"up": {"uv": [0.016, 0.016, 0.5, 2.5], "texture": "#4"}
			}
		},
		{
			"from": [16.5, -2.9, -3.5],
			"to": [18, 3.6, -1],
			"faces": {
				"north": {"uv": [0.016, 0.016, 0.5, 6.5], "texture": "#4"},
				"east": {"uv": [6.43, 0, 9.562, 8.148], "texture": "#9"},
				"south": {"uv": [0.016, 0.016, 0.5, 6.5], "texture": "#4"},
				"west": {"uv": [3.258, 0, 6.328, 7.977], "texture": "#9"},
				"up": {"uv": [0.016, 0.016, 0.5, 2.5], "texture": "#4"}
			}
		},
		{
			"from": [16.5, -2.9, -0.75],
			"to": [18, 3.6, 1.75],
			"faces": {
				"north": {"uv": [0.016, 0.016, 0.5, 6.5], "texture": "#4"},
				"east": {"uv": [6.43, 0, 9.562, 8.148], "texture": "#9"},
				"south": {"uv": [0.016, 0.016, 0.5, 6.5], "texture": "#4"},
				"west": {"uv": [3.258, 0, 6.328, 7.977], "texture": "#9"},
				"up": {"uv": [0.016, 0.016, 0.5, 2.5], "texture": "#4"}
			}
		},
		{
			"from": [16.5, -2.9, 2],
			"to": [18, 3.6, 4.5],
			"faces": {
				"north": {"uv": [0.016, 0.016, 0.5, 6.5], "texture": "#4"},
				"east": {"uv": [6.43, 0, 9.562, 8.148], "texture": "#9"},
				"south": {"uv": [0.016, 0.016, 0.5, 6.5], "texture": "#4"},
				"west": {"uv": [3.258, 0, 6.328, 7.977], "texture": "#9"},
				"up": {"uv": [0.016, 0.016, 0.5, 2.5], "texture": "#4"}
			}
		},
		{
			"from": [-6, -16, 19],
			"to": [10, -1, 22.5],
			"faces": {
				"north": {"uv": [0.016, 0.016, 15.984, 15.984], "texture": "#1"},
				"east": {"uv": [0.016, 0.016, 4.5, 15.984], "texture": "#1"},
				"south": {"uv": [0.016, 0.016, 15.984, 15.984], "texture": "#1"},
				"west": {"uv": [0.016, 0.016, 4.5, 15.984], "texture": "#1"},
				"up": {"uv": [0.016, 0.016, 15.984, 4.5], "texture": "#1"},
				"down": {"uv": [0.016, 0.016, 15.984, 4.5], "texture": "#1"}
			}
		},
		{
			"from": [10, -16, 12],
			"to": [16, -1, 19],
			"faces": {
				"north": {"uv": [0.016, 0.016, 5.984, 15.984], "texture": "#1"},
				"east": {"uv": [0.016, 0.016, 6.984, 15.984], "texture": "#1"},
				"south": {"uv": [0.016, 0.016, 5.984, 15.984], "texture": "#1"},
				"west": {"uv": [0.016, 0.016, 6.984, 15.984], "texture": "#1"},
				"up": {"uv": [0.016, 0.016, 5.984, 6.984], "texture": "#1"},
				"down": {"uv": [0.016, 0.016, 5.984, 6.984], "texture": "#1"}
			}
		},
		{
			"from": [-10, -6, 12],
			"to": [-8.5, -4.5, 21.5],
			"rotation": {"angle": 45, "axis": "y", "origin": [8, -11.5, 3]},
			"faces": {
				"north": {"uv": [0.016, 0.016, 15.984, 15.984], "texture": "#1"},
				"east": {"uv": [0.016, 0.016, 4.5, 15.984], "texture": "#1"},
				"south": {"uv": [0.016, 0.016, 15.984, 15.984], "texture": "#1"},
				"west": {"uv": [0.016, 0.016, 4.5, 15.984], "texture": "#1"},
				"up": {"uv": [0.016, 0.016, 15.984, 4.5], "texture": "#1"},
				"down": {"uv": [0.016, 0.016, 15.984, 4.5], "texture": "#1"}
			}
		},
		{
			"from": [1, 5, 12.5],
			"to": [2.5, 6.5, 22],
			"rotation": {"angle": 45, "axis": "x", "origin": [8, -11.5, 3]},
			"faces": {
				"north": {"uv": [0.016, 0.016, 15.984, 15.984], "texture": "#1"},
				"east": {"uv": [0.016, 0.016, 4.5, 15.984], "texture": "#1"},
				"south": {"uv": [0.016, 0.016, 15.984, 15.984], "texture": "#1"},
				"west": {"uv": [0.016, 0.016, 4.5, 15.984], "texture": "#1"},
				"up": {"uv": [0.016, 0.016, 15.984, 4.5], "texture": "#1"},
				"down": {"uv": [0.016, 0.016, 15.984, 4.5], "texture": "#1"}
			}
		},
		{
			"from": [15.5, -6, 21],
			"to": [17, -4.5, 30.5],
			"rotation": {"angle": -45, "axis": "y", "origin": [8, -11.5, 3]},
			"faces": {
				"north": {"uv": [15.984, 0.016, 0.016, 15.984], "texture": "#1"},
				"east": {"uv": [4.5, 0.016, 0.016, 15.984], "texture": "#1"},
				"south": {"uv": [15.984, 0.016, 0.016, 15.984], "texture": "#1"},
				"west": {"uv": [4.5, 0.016, 0.016, 15.984], "texture": "#1"},
				"up": {"uv": [15.984, 0.016, 0.016, 4.5], "texture": "#1"},
				"down": {"uv": [15.984, 0.016, 0.016, 4.5], "texture": "#1"}
			}
		},
		{
			"name": "hexadecagon",
			"from": [9.7, -7.39946, 14.7],
			"to": [10.7, -7.20054, 15.7],
			"rotation": {"angle": -45, "axis": "x", "origin": [10.2, -7.3, 15.2]},
			"faces": {
				"north": {"uv": [0.016, 0.016, 0.5, 0.5], "texture": "#7"},
				"east": {"uv": [0.016, 0.016, 0.5, 0.5], "texture": "#7"},
				"south": {"uv": [0.016, 0.016, 0.5, 0.5], "texture": "#7"},
				"west": {"uv": [0.016, 0.016, 0.5, 0.5], "texture": "#7"}
			}
		},
		{
			"name": "hexadecagon",
			"from": [9.7, -7.39946, 14.7],
			"to": [10.7, -7.20054, 15.7],
			"rotation": {"angle": -22.5, "axis": "x", "origin": [10.2, -7.3, 15.2]},
			"faces": {
				"north": {"uv": [0.016, 0.016, 0.5, 0.5], "texture": "#7"},
				"east": {"uv": [0.016, 0.016, 0.5, 0.5], "texture": "#7"},
				"south": {"uv": [0.016, 0.016, 0.5, 0.5], "texture": "#7"},
				"west": {"uv": [0.016, 0.016, 0.5, 0.5], "texture": "#7"}
			}
		},
		{
			"name": "hexadecagon",
			"from": [9.7, -7.39946, 14.7],
			"to": [10.7, -7.20054, 15.7],
			"faces": {
				"north": {"uv": [0.016, 0.016, 0.5, 0.5], "texture": "#7"},
				"south": {"uv": [0.016, 0.016, 0.5, 0.5], "texture": "#7"},
				"west": {"uv": [0.016, 0.016, 0.5, 0.5], "texture": "#7"}
			}
		},
		{
			"name": "hexadecagon",
			"from": [9.7, -7.39946, 14.7],
			"to": [10.7, -7.20054, 15.7],
			"rotation": {"angle": 22.5, "axis": "x", "origin": [10.2, -7.3, 15.2]},
			"faces": {
				"north": {"uv": [0.016, 0.016, 0.5, 0.5], "texture": "#7"},
				"east": {"uv": [0.016, 0.016, 0.5, 0.5], "texture": "#7"},
				"south": {"uv": [0.016, 0.016, 0.5, 0.5], "texture": "#7"},
				"west": {"uv": [0.016, 0.016, 0.5, 0.5], "texture": "#7"}
			}
		},
		{
			"name": "hexadecagon",
			"from": [9.7, -7.39946, 14.7],
			"to": [10.7, -7.20054, 15.7],
			"rotation": {"angle": 45, "axis": "x", "origin": [10.2, -7.3, 15.2]},
			"faces": {
				"north": {"uv": [0.016, 0.016, 0.5, 0.5], "texture": "#7"},
				"east": {"uv": [0.016, 0.016, 0.5, 0.5], "texture": "#7"},
				"west": {"uv": [0.016, 0.016, 0.5, 0.5], "texture": "#7"}
			}
		},
		{
			"name": "hexadecagon",
			"from": [9.7, -7.8, 15.10054],
			"to": [10.7, -6.8, 15.29946],
			"rotation": {"angle": -22.5, "axis": "x", "origin": [10.2, -7.3, 15.2]},
			"faces": {
				"east": {"uv": [0.016, 0.016, 0.5, 0.5], "texture": "#7"},
				"west": {"uv": [0.016, 0.016, 0.5, 0.5], "texture": "#7"},
				"up": {"uv": [0.016, 0.016, 0.5, 0.5], "texture": "#7"}
			}
		},
		{
			"name": "hexadecagon",
			"from": [9.7, -7.8, 15.10054],
			"to": [10.7, -6.8, 15.29946],
			"faces": {
				"west": {"uv": [0.016, 0.016, 0.5, 0.5], "texture": "#7"},
				"up": {"uv": [0.016, 0.016, 0.5, 0.5], "texture": "#7"},
				"down": {"uv": [0.016, 0.016, 0.5, 0.5], "texture": "#7"}
			}
		},
		{
			"name": "hexadecagon",
			"from": [9.7, -7.8, 15.10054],
			"to": [10.7, -6.8, 15.29946],
			"rotation": {"angle": 22.5, "axis": "x", "origin": [10.2, -7.3, 15.2]},
			"faces": {
				"east": {"uv": [0.016, 0.016, 0.5, 0.5], "texture": "#7"},
				"west": {"uv": [0.016, 0.016, 0.5, 0.5], "texture": "#7"},
				"up": {"uv": [0.016, 0.016, 0.5, 0.5], "texture": "#7"},
				"down": {"uv": [0.016, 0.016, 0.5, 0.5], "texture": "#7"}
			}
		},
		{
			"name": "hexadecagon",
			"from": [9.7, -8.69891, 15],
			"to": [10.7, -8.30109, 17],
			"rotation": {"angle": -45, "axis": "x", "origin": [10.2, -8.5, 16]},
			"faces": {
				"north": {"uv": [0.016, 0.016, 0.5, 0.5], "texture": "#7"},
				"east": {"uv": [0.016, 0.016, 0.5, 0.5], "texture": "#7"},
				"south": {"uv": [0.016, 0.016, 0.5, 0.5], "texture": "#7"},
				"west": {"uv": [0.016, 0.016, 0.5, 0.5], "texture": "#7"}
			}
		},
		{
			"name": "hexadecagon",
			"from": [9.7, -8.69891, 15],
			"to": [10.7, -8.30109, 17],
			"rotation": {"angle": -22.5, "axis": "x", "origin": [10.2, -8.5, 16]},
			"faces": {
				"north": {"uv": [0.016, 0.016, 0.5, 0.5], "texture": "#7"},
				"east": {"uv": [0.016, 0.016, 0.5, 0.5], "texture": "#7"},
				"south": {"uv": [0.016, 0.016, 0.5, 0.5], "texture": "#7"},
				"west": {"uv": [0.016, 0.016, 0.5, 0.5], "texture": "#7"}
			}
		},
		{
			"name": "hexadecagon",
			"from": [9.7, -8.69891, 15],
			"to": [10.7, -8.30109, 17],
			"faces": {
				"north": {"uv": [0.016, 0.016, 0.5, 0.5], "texture": "#7"},
				"south": {"uv": [0.016, 0.016, 0.5, 0.5], "texture": "#7"},
				"west": {"uv": [0.016, 0.016, 0.5, 0.5], "texture": "#7"}
			}
		},
		{
			"name": "hexadecagon",
			"from": [9.7, -8.69891, 15],
			"to": [10.7, -8.30109, 17],
			"rotation": {"angle": 22.5, "axis": "x", "origin": [10.2, -8.5, 16]},
			"faces": {
				"north": {"uv": [0.016, 0.016, 0.5, 0.5], "texture": "#7"},
				"east": {"uv": [0.016, 0.016, 0.5, 0.5], "texture": "#7"},
				"south": {"uv": [0.016, 0.016, 0.5, 0.5], "texture": "#7"},
				"west": {"uv": [0.016, 0.016, 0.5, 0.5], "texture": "#7"}
			}
		},
		{
			"name": "hexadecagon",
			"from": [9.7, -8.69891, 15],
			"to": [10.7, -8.30109, 17],
			"rotation": {"angle": 45, "axis": "x", "origin": [10.2, -8.5, 16]},
			"faces": {
				"north": {"uv": [0.016, 0.016, 0.5, 0.5], "texture": "#7"},
				"east": {"uv": [0.016, 0.016, 0.5, 0.5], "texture": "#7"},
				"south": {"uv": [0.016, 0.016, 0.5, 0.5], "texture": "#7"},
				"west": {"uv": [0.016, 0.016, 0.5, 0.5], "texture": "#7"}
			}
		},
		{
			"name": "hexadecagon",
			"from": [9.7, -9.5, 15.80109],
			"to": [10.7, -7.5, 16.19891],
			"rotation": {"angle": -22.5, "axis": "x", "origin": [10.2, -8.5, 16]},
			"faces": {
				"east": {"uv": [0.016, 0.016, 0.5, 0.5], "texture": "#7"},
				"west": {"uv": [0.016, 0.016, 0.5, 0.5], "texture": "#7"},
				"up": {"uv": [0.016, 0.016, 0.5, 0.5], "texture": "#7"},
				"down": {"uv": [0.016, 0.016, 0.5, 0.5], "texture": "#7"}
			}
		},
		{
			"name": "hexadecagon",
			"from": [9.7, -9.5, 15.80109],
			"to": [10.7, -7.5, 16.19891],
			"faces": {
				"west": {"uv": [0.016, 0.016, 0.5, 0.5], "texture": "#7"},
				"up": {"uv": [0.016, 0.016, 0.5, 0.5], "texture": "#7"},
				"down": {"uv": [0.016, 0.016, 0.5, 0.5], "texture": "#7"}
			}
		},
		{
			"name": "hexadecagon",
			"from": [9.7, -9.5, 15.80109],
			"to": [10.7, -7.5, 16.19891],
			"rotation": {"angle": 22.5, "axis": "x", "origin": [10.2, -8.5, 16]},
			"faces": {
				"east": {"uv": [0.016, 0.016, 0.5, 0.5], "texture": "#7"},
				"west": {"uv": [0.016, 0.016, 0.5, 0.5], "texture": "#7"},
				"up": {"uv": [0.016, 0.016, 0.5, 0.5], "texture": "#7"},
				"down": {"uv": [0.016, 0.016, 0.5, 0.5], "texture": "#7"}
			}
		},
		{
			"name": "hexadecagon",
			"from": [9.7, -7.39946, 16.3],
			"to": [10.7, -7.20054, 17.3],
			"rotation": {"angle": -45, "axis": "x", "origin": [10.2, -7.3, 16.8]},
			"faces": {
				"east": {"uv": [0.016, 0.016, 0.5, 0.5], "texture": "#7"},
				"south": {"uv": [0.016, 0.016, 0.5, 0.5], "texture": "#7"},
				"west": {"uv": [0.016, 0.016, 0.5, 0.5], "texture": "#7"}
			}
		},
		{
			"name": "hexadecagon",
			"from": [9.7, -7.39946, 16.3],
			"to": [10.7, -7.20054, 17.3],
			"rotation": {"angle": -22.5, "axis": "x", "origin": [10.2, -7.3, 16.8]},
			"faces": {
				"north": {"uv": [0.016, 0.016, 0.5, 0.5], "texture": "#7"},
				"east": {"uv": [0.016, 0.016, 0.5, 0.5], "texture": "#7"},
				"south": {"uv": [0.016, 0.016, 0.5, 0.5], "texture": "#7"},
				"west": {"uv": [0.016, 0.016, 0.5, 0.5], "texture": "#7"}
			}
		},
		{
			"name": "hexadecagon",
			"from": [9.7, -7.39946, 16.3],
			"to": [10.7, -7.20054, 17.3],
			"faces": {
				"north": {"uv": [0.016, 0.016, 0.5, 0.5], "texture": "#7"},
				"south": {"uv": [0.016, 0.016, 0.5, 0.5], "texture": "#7"},
				"west": {"uv": [0.016, 0.016, 0.5, 0.5], "texture": "#7"}
			}
		},
		{
			"name": "hexadecagon",
			"from": [9.7, -7.39946, 16.3],
			"to": [10.7, -7.20054, 17.3],
			"rotation": {"angle": 22.5, "axis": "x", "origin": [10.2, -7.3, 16.8]},
			"faces": {
				"north": {"uv": [0.016, 0.016, 0.5, 0.5], "texture": "#7"},
				"east": {"uv": [0.016, 0.016, 0.5, 0.5], "texture": "#7"},
				"south": {"uv": [0.016, 0.016, 0.5, 0.5], "texture": "#7"},
				"west": {"uv": [0.016, 0.016, 0.5, 0.5], "texture": "#7"}
			}
		},
		{
			"name": "hexadecagon",
			"from": [9.7, -7.39946, 16.3],
			"to": [10.7, -7.20054, 17.3],
			"rotation": {"angle": 45, "axis": "x", "origin": [10.2, -7.3, 16.8]},
			"faces": {
				"north": {"uv": [0.016, 0.016, 0.5, 0.5], "texture": "#7"},
				"east": {"uv": [0.016, 0.016, 0.5, 0.5], "texture": "#7"},
				"south": {"uv": [0.016, 0.016, 0.5, 0.5], "texture": "#7"},
				"west": {"uv": [0.016, 0.016, 0.5, 0.5], "texture": "#7"}
			}
		},
		{
			"name": "hexadecagon",
			"from": [9.7, -7.8, 16.70054],
			"to": [10.7, -6.8, 16.89946],
			"rotation": {"angle": -22.5, "axis": "x", "origin": [10.2, -7.3, 16.8]},
			"faces": {
				"east": {"uv": [0.016, 0.016, 0.5, 0.5], "texture": "#7"},
				"west": {"uv": [0.016, 0.016, 0.5, 0.5], "texture": "#7"},
				"up": {"uv": [0.016, 0.016, 0.5, 0.5], "texture": "#7"},
				"down": {"uv": [0.016, 0.016, 0.5, 0.5], "texture": "#7"}
			}
		},
		{
			"name": "hexadecagon",
			"from": [9.7, -7.8, 16.70054],
			"to": [10.7, -6.8, 16.89946],
			"faces": {
				"west": {"uv": [0.016, 0.016, 0.5, 0.5], "texture": "#7"},
				"up": {"uv": [0.016, 0.016, 0.5, 0.5], "texture": "#7"},
				"down": {"uv": [0.016, 0.016, 0.5, 0.5], "texture": "#7"}
			}
		},
		{
			"name": "hexadecagon",
			"from": [9.7, -7.8, 16.70054],
			"to": [10.7, -6.8, 16.89946],
			"rotation": {"angle": 22.5, "axis": "x", "origin": [10.2, -7.3, 16.8]},
			"faces": {
				"east": {"uv": [0.016, 0.016, 0.5, 0.5], "texture": "#7"},
				"west": {"uv": [0.016, 0.016, 0.5, 0.5], "texture": "#7"},
				"up": {"uv": [0.016, 0.016, 0.5, 0.5], "texture": "#7"}
			}
		},
		{
			"from": [0.5, 2, 12],
			"to": [1, 6, 13],
			"rotation": {"angle": -45, "axis": "z", "origin": [8, -11, 4.5]},
			"faces": {
				"north": {"uv": [0.016, 0.016, 5.984, 15.984], "texture": "#1"},
				"south": {"uv": [0.016, 0.016, 5.984, 15.984], "texture": "#1"},
				"west": {"uv": [5.016, 1.016, 10.984, 15.984], "texture": "#1"}
			}
		},
		{
			"from": [0.5, 6, 12],
			"to": [1, 7, 19],
			"rotation": {"angle": -45, "axis": "z", "origin": [8, -11, 4.5]},
			"faces": {
				"north": {"uv": [0.016, 0.016, 5.984, 15.984], "texture": "#1"},
				"south": {"uv": [0.016, 0.016, 5.984, 15.984], "texture": "#1"},
				"west": {"uv": [5.016, 0.016, 11.984, 15.984], "texture": "#1"},
				"up": {"uv": [0.016, 0.016, 5.984, 6.984], "texture": "#1"},
				"down": {"uv": [0.016, 0.016, 5.984, 6.984], "texture": "#1"}
			}
		},
		{
			"from": [0.5, 2, 18],
			"to": [1, 6, 19],
			"rotation": {"angle": -45, "axis": "z", "origin": [8, -11, 4.5]},
			"faces": {
				"north": {"uv": [0.016, 0.016, 5.984, 15.984], "texture": "#1"},
				"south": {"uv": [0.016, 0.016, 5.984, 15.984], "texture": "#1"},
				"west": {"uv": [6.016, 1.016, 11.984, 15.984], "texture": "#1"}
			}
		},
		{
			"from": [0.5, 1, 12],
			"to": [1, 2, 19],
			"rotation": {"angle": -45, "axis": "z", "origin": [8, -11, 4.5]},
			"faces": {
				"north": {"uv": [0.016, 0.016, 5.984, 15.984], "texture": "#1"},
				"south": {"uv": [0.016, 0.016, 5.984, 15.984], "texture": "#1"},
				"west": {"uv": [6.016, 0.016, 12.984, 15.984], "texture": "#1"},
				"up": {"uv": [0.016, 0.016, 5.984, 6.984], "texture": "#1"},
				"down": {"uv": [0.016, 0.016, 5.984, 6.984], "texture": "#1"}
			}
		},
		{
			"from": [0.8, 2, 13],
			"to": [1.3, 6, 18],
			"rotation": {"angle": -45, "axis": "z", "origin": [8, -11, 4.5]},
			"faces": {
				"west": {"uv": [0.016, 0.016, 6.984, 15.984], "texture": "#6"}
			}
		},
		{
			"from": [1, 1, 12],
			"to": [2.5, 7, 19],
			"rotation": {"angle": -45, "axis": "z", "origin": [8, -11, 4.5]},
			"faces": {
				"north": {"uv": [0.016, 0.016, 5.984, 15.984], "texture": "#1"},
				"east": {"uv": [0.016, 0.016, 6.984, 15.984], "texture": "#1"},
				"south": {"uv": [0.016, 0.016, 5.984, 15.984], "texture": "#1"},
				"up": {"uv": [0.016, 0.016, 5.984, 6.984], "texture": "#1"},
				"down": {"uv": [0.016, 0.016, 5.984, 6.984], "texture": "#1"}
			}
		},
		{
			"from": [14, -1, 13.5],
			"to": [16, 5, 17.5],
			"faces": {
				"north": {"uv": [0.016, 0.016, 5.984, 15.984], "texture": "#1"},
				"east": {"uv": [0.016, 0.016, 6.984, 15.984], "texture": "#1"},
				"south": {"uv": [0.016, 0.016, 5.984, 15.984], "texture": "#1"},
				"west": {"uv": [0.016, 0.016, 6.984, 15.984], "texture": "#1"}
			}
		},
		{
			"from": [1, 2.5, 19],
			"to": [1.4, 5, 19.8],
			"rotation": {"angle": -45, "axis": "z", "origin": [8, -11, 4.5]},
			"faces": {
				"east": {"uv": [0.016, 0.016, 6.984, 15.984], "texture": "#7"},
				"south": {"uv": [0.016, 0.016, 5.984, 15.984], "texture": "#7"},
				"west": {"uv": [6.016, 1.016, 11.984, 15.984], "texture": "#7"},
				"up": {"uv": [0.016, 0.016, 5.984, 6.984], "texture": "#7"},
				"down": {"uv": [0.016, 0.016, 5.984, 6.984], "texture": "#7"}
			}
		},
		{
			"from": [1.5, 2.5, 19],
			"to": [1.9, 5, 19.8],
			"rotation": {"angle": -45, "axis": "z", "origin": [8, -11, 4.5]},
			"faces": {
				"east": {"uv": [0.016, 0.016, 6.984, 15.984], "texture": "#7"},
				"south": {"uv": [0.016, 0.016, 5.984, 15.984], "texture": "#7"},
				"west": {"uv": [6.016, 1.016, 11.984, 15.984], "texture": "#7"},
				"up": {"uv": [0.016, 0.016, 5.984, 6.984], "texture": "#7"},
				"down": {"uv": [0.016, 0.016, 5.984, 6.984], "texture": "#7"}
			}
		},
		{
			"name": "hexadecagon",
			"from": [-4.14918, -2.25, 19.6],
			"to": [-3.85082, -0.75, 20.1],
			"rotation": {"angle": -45, "axis": "z", "origin": [-4, -1.5, 20.1]},
			"faces": {
				"north": {"uv": [0, 0, 0.5, 0.5], "texture": "#8"},
				"east": {"uv": [0, 0, 0.5, 0.5], "texture": "#8"},
				"south": {"uv": [0, 0, 0.5, 0.5], "texture": "#8"},
				"west": {"uv": [0, 0, 0.5, 0.5], "texture": "#8"},
				"up": {"uv": [0, 0, 0.5, 0.5], "texture": "#8"},
				"down": {"uv": [0, 0, 0.5, 0.5], "texture": "#8"}
			}
		},
		{
			"name": "hexadecagon",
			"from": [-4.14918, -2.25, 19.6],
			"to": [-3.85082, -0.75, 20.1],
			"rotation": {"angle": -22.5, "axis": "z", "origin": [-4, -1.5, 20.1]},
			"faces": {
				"north": {"uv": [0, 0, 0.5, 0.5], "texture": "#8"},
				"east": {"uv": [0, 0, 0.5, 0.5], "texture": "#8"},
				"south": {"uv": [0, 0, 0.5, 0.5], "texture": "#8"},
				"west": {"uv": [0, 0, 0.5, 0.5], "texture": "#8"},
				"up": {"uv": [0, 0, 0.5, 0.5], "texture": "#8"},
				"down": {"uv": [0, 0, 0.5, 0.5], "texture": "#8"}
			}
		},
		{
			"name": "hexadecagon",
			"from": [-4.14918, -2.25, 19.6],
			"to": [-3.85082, -0.75, 20.1],
			"faces": {
				"north": {"uv": [0, 0, 0.5, 0.5], "texture": "#8"},
				"east": {"uv": [0, 0, 0.5, 0.5], "texture": "#8"},
				"south": {"uv": [0, 0, 0.5, 0.5], "texture": "#8"},
				"west": {"uv": [0, 0, 0.5, 0.5], "texture": "#8"},
				"up": {"uv": [0, 0, 0.5, 0.5], "texture": "#8"},
				"down": {"uv": [0, 0, 0.5, 0.5], "texture": "#8"}
			}
		},
		{
			"name": "hexadecagon",
			"from": [-4.14918, -2.25, 19.6],
			"to": [-3.85082, -0.75, 20.1],
			"rotation": {"angle": 22.5, "axis": "z", "origin": [-4, -1.5, 20.1]},
			"faces": {
				"north": {"uv": [0, 0, 0.5, 0.5], "texture": "#8"},
				"east": {"uv": [0, 0, 0.5, 0.5], "texture": "#8"},
				"south": {"uv": [0, 0, 0.5, 0.5], "texture": "#8"},
				"west": {"uv": [0, 0, 0.5, 0.5], "texture": "#8"},
				"up": {"uv": [0, 0, 0.5, 0.5], "texture": "#8"},
				"down": {"uv": [0, 0, 0.5, 0.5], "texture": "#8"}
			}
		},
		{
			"name": "hexadecagon",
			"from": [-4.14918, -2.25, 19.6],
			"to": [-3.85082, -0.75, 20.1],
			"rotation": {"angle": 45, "axis": "z", "origin": [-4, -1.5, 20.1]},
			"faces": {
				"north": {"uv": [0, 0, 0.5, 0.5], "texture": "#8"},
				"east": {"uv": [0, 0, 0.5, 0.5], "texture": "#8"},
				"south": {"uv": [0, 0, 0.5, 0.5], "texture": "#8"},
				"west": {"uv": [0, 0, 0.5, 0.5], "texture": "#8"},
				"up": {"uv": [0, 0, 0.5, 0.5], "texture": "#8"},
				"down": {"uv": [0, 0, 0.5, 0.5], "texture": "#8"}
			}
		},
		{
			"name": "hexadecagon",
			"from": [-4.75, -1.64918, 19.6],
			"to": [-3.25, -1.35082, 20.1],
			"rotation": {"angle": -22.5, "axis": "z", "origin": [-4, -1.5, 20.1]},
			"faces": {
				"north": {"uv": [0, 0, 0.5, 0.5], "texture": "#8"},
				"east": {"uv": [0, 0, 0.5, 0.5], "texture": "#8"},
				"south": {"uv": [0, 0, 0.5, 0.5], "texture": "#8"},
				"west": {"uv": [0, 0, 0.5, 0.5], "texture": "#8"},
				"up": {"uv": [0, 0, 0.5, 0.5], "texture": "#8"},
				"down": {"uv": [0, 0, 0.5, 0.5], "texture": "#8"}
			}
		},
		{
			"name": "hexadecagon",
			"from": [-4.75, -1.64918, 19.6],
			"to": [-3.25, -1.35082, 20.1],
			"faces": {
				"north": {"uv": [0, 0, 0.5, 0.5], "texture": "#8"},
				"east": {"uv": [0, 0, 0.5, 0.5], "texture": "#8"},
				"south": {"uv": [0, 0, 0.5, 0.5], "texture": "#8"},
				"west": {"uv": [0, 0, 0.5, 0.5], "texture": "#8"},
				"up": {"uv": [0, 0, 0.5, 0.5], "texture": "#8"},
				"down": {"uv": [0, 0, 0.5, 0.5], "texture": "#8"}
			}
		},
		{
			"name": "hexadecagon",
			"from": [-4.75, -1.64918, 19.6],
			"to": [-3.25, -1.35082, 20.1],
			"rotation": {"angle": 22.5, "axis": "z", "origin": [-4, -1.5, 20.1]},
			"faces": {
				"north": {"uv": [0, 0, 0.5, 0.5], "texture": "#8"},
				"east": {"uv": [0, 0, 0.5, 0.5], "texture": "#8"},
				"south": {"uv": [0, 0, 0.5, 0.5], "texture": "#8"},
				"west": {"uv": [0, 0, 0.5, 0.5], "texture": "#8"},
				"up": {"uv": [0, 0, 0.5, 0.5], "texture": "#8"},
				"down": {"uv": [0, 0, 0.5, 0.5], "texture": "#8"}
			}
		},
		{
			"name": "hexadecagon",
			"from": [-4.14918, -2.25, 20.6],
			"to": [-3.85082, -0.75, 21.1],
			"rotation": {"angle": -45, "axis": "z", "origin": [-4, -1.5, 21.1]},
			"faces": {
				"north": {"uv": [0, 0, 0.5, 0.5], "texture": "#4"},
				"east": {"uv": [0, 0, 0.5, 0.5], "texture": "#4"},
				"south": {"uv": [0, 0, 0.5, 0.5], "texture": "#4"},
				"west": {"uv": [0, 0, 0.5, 0.5], "texture": "#4"},
				"up": {"uv": [0, 0, 0.5, 0.5], "texture": "#4"},
				"down": {"uv": [0, 0, 0.5, 0.5], "texture": "#4"}
			}
		},
		{
			"name": "hexadecagon",
			"from": [-4.14918, -2.25, 20.6],
			"to": [-3.85082, -0.75, 21.1],
			"rotation": {"angle": -22.5, "axis": "z", "origin": [-4, -1.5, 21.1]},
			"faces": {
				"north": {"uv": [0, 0, 0.5, 0.5], "texture": "#4"},
				"east": {"uv": [0, 0, 0.5, 0.5], "texture": "#4"},
				"south": {"uv": [0, 0, 0.5, 0.5], "texture": "#4"},
				"west": {"uv": [0, 0, 0.5, 0.5], "texture": "#4"},
				"up": {"uv": [0, 0, 0.5, 0.5], "texture": "#4"},
				"down": {"uv": [0, 0, 0.5, 0.5], "texture": "#4"}
			}
		},
		{
			"name": "hexadecagon",
			"from": [-4.14918, -2.25, 20.6],
			"to": [-3.85082, -0.75, 21.1],
			"faces": {
				"north": {"uv": [0, 0, 0.5, 0.5], "texture": "#4"},
				"east": {"uv": [0, 0, 0.5, 0.5], "texture": "#4"},
				"south": {"uv": [0, 0, 0.5, 0.5], "texture": "#4"},
				"west": {"uv": [0, 0, 0.5, 0.5], "texture": "#4"},
				"up": {"uv": [0, 0, 0.5, 0.5], "texture": "#4"},
				"down": {"uv": [0, 0, 0.5, 0.5], "texture": "#4"}
			}
		},
		{
			"name": "hexadecagon",
			"from": [-4.14918, -2.25, 20.6],
			"to": [-3.85082, -0.75, 21.1],
			"rotation": {"angle": 22.5, "axis": "z", "origin": [-4, -1.5, 21.1]},
			"faces": {
				"north": {"uv": [0, 0, 0.5, 0.5], "texture": "#4"},
				"east": {"uv": [0, 0, 0.5, 0.5], "texture": "#4"},
				"south": {"uv": [0, 0, 0.5, 0.5], "texture": "#4"},
				"west": {"uv": [0, 0, 0.5, 0.5], "texture": "#4"},
				"up": {"uv": [0, 0, 0.5, 0.5], "texture": "#4"},
				"down": {"uv": [0, 0, 0.5, 0.5], "texture": "#4"}
			}
		},
		{
			"name": "hexadecagon",
			"from": [-4.14918, -2.25, 20.6],
			"to": [-3.85082, -0.75, 21.1],
			"rotation": {"angle": 45, "axis": "z", "origin": [-4, -1.5, 21.1]},
			"faces": {
				"north": {"uv": [0, 0, 0.5, 0.5], "texture": "#4"},
				"east": {"uv": [0, 0, 0.5, 0.5], "texture": "#4"},
				"south": {"uv": [0, 0, 0.5, 0.5], "texture": "#4"},
				"west": {"uv": [0, 0, 0.5, 0.5], "texture": "#4"},
				"up": {"uv": [0, 0, 0.5, 0.5], "texture": "#4"},
				"down": {"uv": [0, 0, 0.5, 0.5], "texture": "#4"}
			}
		},
		{
			"name": "hexadecagon",
			"from": [-4.75, -1.64918, 20.6],
			"to": [-3.25, -1.35082, 21.1],
			"rotation": {"angle": -22.5, "axis": "z", "origin": [-4, -1.5, 21.1]},
			"faces": {
				"north": {"uv": [0, 0, 0.5, 0.5], "texture": "#4"},
				"east": {"uv": [0, 0, 0.5, 0.5], "texture": "#4"},
				"south": {"uv": [0, 0, 0.5, 0.5], "texture": "#4"},
				"west": {"uv": [0, 0, 0.5, 0.5], "texture": "#4"},
				"up": {"uv": [0, 0, 0.5, 0.5], "texture": "#4"},
				"down": {"uv": [0, 0, 0.5, 0.5], "texture": "#4"}
			}
		},
		{
			"name": "hexadecagon",
			"from": [-4.75, -1.64918, 20.6],
			"to": [-3.25, -1.35082, 21.1],
			"faces": {
				"north": {"uv": [0, 0, 0.5, 0.5], "texture": "#4"},
				"east": {"uv": [0, 0, 0.5, 0.5], "texture": "#4"},
				"south": {"uv": [0, 0, 0.5, 0.5], "texture": "#4"},
				"west": {"uv": [0, 0, 0.5, 0.5], "texture": "#4"},
				"up": {"uv": [0, 0, 0.5, 0.5], "texture": "#4"},
				"down": {"uv": [0, 0, 0.5, 0.5], "texture": "#4"}
			}
		},
		{
			"name": "hexadecagon",
			"from": [-4.75, -1.64918, 20.6],
			"to": [-3.25, -1.35082, 21.1],
			"rotation": {"angle": 22.5, "axis": "z", "origin": [-4, -1.5, 21.1]},
			"faces": {
				"north": {"uv": [0, 0, 0.5, 0.5], "texture": "#4"},
				"east": {"uv": [0, 0, 0.5, 0.5], "texture": "#4"},
				"south": {"uv": [0, 0, 0.5, 0.5], "texture": "#4"},
				"west": {"uv": [0, 0, 0.5, 0.5], "texture": "#4"},
				"up": {"uv": [0, 0, 0.5, 0.5], "texture": "#4"},
				"down": {"uv": [0, 0, 0.5, 0.5], "texture": "#4"}
			}
		},
		{
			"name": "hexadecagon",
			"from": [-4.14918, -2.25, 21.6],
			"to": [-3.85082, -0.75, 22.1],
			"rotation": {"angle": -45, "axis": "z", "origin": [-4, -1.5, 22.1]},
			"faces": {
				"north": {"uv": [0, 0, 0.5, 0.5], "texture": "#2"},
				"east": {"uv": [0, 0, 0.5, 0.5], "texture": "#2"},
				"south": {"uv": [0, 0, 0.5, 0.5], "texture": "#2"},
				"west": {"uv": [0, 0, 0.5, 0.5], "texture": "#2"},
				"up": {"uv": [0, 0, 0.5, 0.5], "texture": "#2"},
				"down": {"uv": [0, 0, 0.5, 0.5], "texture": "#2"}
			}
		},
		{
			"name": "hexadecagon",
			"from": [-4.14918, -2.25, 21.6],
			"to": [-3.85082, -0.75, 22.1],
			"rotation": {"angle": -22.5, "axis": "z", "origin": [-4, -1.5, 22.1]},
			"faces": {
				"north": {"uv": [0, 0, 0.5, 0.5], "texture": "#2"},
				"east": {"uv": [0, 0, 0.5, 0.5], "texture": "#2"},
				"south": {"uv": [0, 0, 0.5, 0.5], "texture": "#2"},
				"west": {"uv": [0, 0, 0.5, 0.5], "texture": "#2"},
				"up": {"uv": [0, 0, 0.5, 0.5], "texture": "#2"},
				"down": {"uv": [0, 0, 0.5, 0.5], "texture": "#2"}
			}
		},
		{
			"name": "hexadecagon",
			"from": [-4.14918, -2.25, 21.6],
			"to": [-3.85082, -0.75, 22.1],
			"faces": {
				"north": {"uv": [0, 0, 0.5, 0.5], "texture": "#2"},
				"east": {"uv": [0, 0, 0.5, 0.5], "texture": "#2"},
				"south": {"uv": [0, 0, 0.5, 0.5], "texture": "#2"},
				"west": {"uv": [0, 0, 0.5, 0.5], "texture": "#2"},
				"up": {"uv": [0, 0, 0.5, 0.5], "texture": "#2"},
				"down": {"uv": [0, 0, 0.5, 0.5], "texture": "#2"}
			}
		},
		{
			"name": "hexadecagon",
			"from": [-4.14918, -2.25, 21.6],
			"to": [-3.85082, -0.75, 22.1],
			"rotation": {"angle": 22.5, "axis": "z", "origin": [-4, -1.5, 22.1]},
			"faces": {
				"north": {"uv": [0, 0, 0.5, 0.5], "texture": "#2"},
				"east": {"uv": [0, 0, 0.5, 0.5], "texture": "#2"},
				"south": {"uv": [0, 0, 0.5, 0.5], "texture": "#2"},
				"west": {"uv": [0, 0, 0.5, 0.5], "texture": "#2"},
				"up": {"uv": [0, 0, 0.5, 0.5], "texture": "#2"},
				"down": {"uv": [0, 0, 0.5, 0.5], "texture": "#2"}
			}
		},
		{
			"name": "hexadecagon",
			"from": [-4.14918, -2.25, 21.6],
			"to": [-3.85082, -0.75, 22.1],
			"rotation": {"angle": 45, "axis": "z", "origin": [-4, -1.5, 22.1]},
			"faces": {
				"north": {"uv": [0, 0, 0.5, 0.5], "texture": "#2"},
				"east": {"uv": [0, 0, 0.5, 0.5], "texture": "#2"},
				"south": {"uv": [0, 0, 0.5, 0.5], "texture": "#2"},
				"west": {"uv": [0, 0, 0.5, 0.5], "texture": "#2"},
				"up": {"uv": [0, 0, 0.5, 0.5], "texture": "#2"},
				"down": {"uv": [0, 0, 0.5, 0.5], "texture": "#2"}
			}
		},
		{
			"name": "hexadecagon",
			"from": [-4.75, -1.64918, 21.6],
			"to": [-3.25, -1.35082, 22.1],
			"rotation": {"angle": -22.5, "axis": "z", "origin": [-4, -1.5, 22.1]},
			"faces": {
				"north": {"uv": [0, 0, 0.5, 0.5], "texture": "#2"},
				"east": {"uv": [0, 0, 0.5, 0.5], "texture": "#2"},
				"south": {"uv": [0, 0, 0.5, 0.5], "texture": "#2"},
				"west": {"uv": [0, 0, 0.5, 0.5], "texture": "#2"},
				"up": {"uv": [0, 0, 0.5, 0.5], "texture": "#2"},
				"down": {"uv": [0, 0, 0.5, 0.5], "texture": "#2"}
			}
		},
		{
			"name": "hexadecagon",
			"from": [-4.75, -1.64918, 21.6],
			"to": [-3.25, -1.35082, 22.1],
			"faces": {
				"north": {"uv": [0, 0, 0.5, 0.5], "texture": "#2"},
				"east": {"uv": [0, 0, 0.5, 0.5], "texture": "#2"},
				"south": {"uv": [0, 0, 0.5, 0.5], "texture": "#2"},
				"west": {"uv": [0, 0, 0.5, 0.5], "texture": "#2"},
				"up": {"uv": [0, 0, 0.5, 0.5], "texture": "#2"},
				"down": {"uv": [0, 0, 0.5, 0.5], "texture": "#2"}
			}
		},
		{
			"name": "hexadecagon",
			"from": [-4.75, -1.64918, 21.6],
			"to": [-3.25, -1.35082, 22.1],
			"rotation": {"angle": 22.5, "axis": "z", "origin": [-4, -1.5, 22.1]},
			"faces": {
				"north": {"uv": [0, 0, 0.5, 0.5], "texture": "#2"},
				"east": {"uv": [0, 0, 0.5, 0.5], "texture": "#2"},
				"south": {"uv": [0, 0, 0.5, 0.5], "texture": "#2"},
				"west": {"uv": [0, 0, 0.5, 0.5], "texture": "#2"},
				"up": {"uv": [0, 0, 0.5, 0.5], "texture": "#2"},
				"down": {"uv": [0, 0, 0.5, 0.5], "texture": "#2"}
			}
		},
		{
			"from": [18, -3, -4],
			"to": [18.5, -0.5, 5],
			"faces": {
				"north": {"uv": [0.5, 0.016, 0.016, 2.5], "texture": "#1"},
				"east": {"uv": [8.984, 0.016, 0.016, 2.5], "texture": "#1"},
				"south": {"uv": [0.5, 0.016, 0.016, 2.5], "texture": "#1"},
				"west": {"uv": [8.984, 0.016, 0.016, 2.5], "texture": "#1"},
				"up": {"uv": [0.016, 8.984, 0.5, 0.016], "texture": "#1"},
				"down": {"uv": [0.016, 8.984, 0.5, 0.016], "texture": "#1"}
			}
		},
		{
			"from": [16.5, -3, 4.5],
			"to": [18, -0.5, 5],
			"faces": {
				"south": {"uv": [1.984, 0.016, 0.016, 2.5], "texture": "#1"},
				"up": {"uv": [0.016, 0.5, 1.984, 0.016], "texture": "#1"}
			}
		},
		{
			"from": [16, -3, -4],
			"to": [16.5, -0.5, 5],
			"faces": {
				"north": {"uv": [0.5, 0.016, 0.016, 2.5], "texture": "#1"},
				"east": {"uv": [8.984, 0.016, 0.016, 2.5], "texture": "#1"},
				"south": {"uv": [0.5, 0.016, 0.016, 2.5], "texture": "#1"},
				"west": {"uv": [8.984, 0.016, 0.016, 2.5], "texture": "#1"},
				"up": {"uv": [0.016, 8.984, 0.5, 0.016], "texture": "#1"},
				"down": {"uv": [0.016, 8.984, 0.5, 0.016], "texture": "#1"}
			}
		},
		{
			"from": [16.5, -3, -4],
			"to": [18, -2.5, 5],
			"faces": {
				"up": {"uv": [0.016, 8.984, 1.984, 0.016], "texture": "#1"},
				"down": {"uv": [0.016, 8.984, 1.984, 0.016], "texture": "#1"}
			}
		},
		{
			"from": [16.5, -3, -4],
			"to": [18, -0.5, -3.5],
			"faces": {
				"north": {"uv": [1.984, 0.016, 0.016, 2.5], "texture": "#1"},
				"up": {"uv": [0.016, 0.5, 1.984, 0.016], "texture": "#1"}
			}
		},
		{
			"from": [-6, -16, -6.5],
			"to": [10, -1, -3],
			"faces": {
				"north": {"uv": [15.984, 0.016, 0.016, 15.984], "texture": "#1"},
				"east": {"uv": [4.5, 0.016, 0.016, 15.984], "texture": "#1"},
				"south": {"uv": [15.984, 0.016, 0.016, 15.984], "texture": "#1"},
				"west": {"uv": [4.5, 0.016, 0.016, 15.984], "texture": "#1"},
				"up": {"uv": [0.016, 4.5, 15.984, 0.016], "texture": "#1"},
				"down": {"uv": [0.016, 4.5, 15.984, 0.016], "texture": "#1"}
			}
		},
		{
			"from": [10, -16, -3],
			"to": [16, -1, 4],
			"faces": {
				"north": {"uv": [5.984, 0.016, 0.016, 15.984], "texture": "#1"},
				"east": {"uv": [6.984, 0.016, 0.016, 15.984], "texture": "#1"},
				"south": {"uv": [5.984, 0.016, 0.016, 15.984], "texture": "#1"},
				"west": {"uv": [6.984, 0.016, 0.016, 15.984], "texture": "#1"},
				"up": {"uv": [0.016, 6.984, 5.984, 0.016], "texture": "#1"},
				"down": {"uv": [0.016, 6.984, 5.984, 0.016], "texture": "#1"}
			}
		},
		{
			"from": [-10, -6, -5.5],
			"to": [-8.5, -4.5, 4],
			"rotation": {"angle": -45, "axis": "y", "origin": [8, -11.5, 13]},
			"faces": {
				"north": {"uv": [15.984, 0.016, 0.016, 15.984], "texture": "#1"},
				"east": {"uv": [4.5, 0.016, 0.016, 15.984], "texture": "#1"},
				"south": {"uv": [15.984, 0.016, 0.016, 15.984], "texture": "#1"},
				"west": {"uv": [4.5, 0.016, 0.016, 15.984], "texture": "#1"},
				"up": {"uv": [0.016, 4.5, 15.984, 0.016], "texture": "#1"},
				"down": {"uv": [0.016, 4.5, 15.984, 0.016], "texture": "#1"}
			}
		},
		{
			"from": [1, 5, -6],
			"to": [2.5, 6.5, 3.5],
			"rotation": {"angle": -45, "axis": "x", "origin": [8, -11.5, 13]},
			"faces": {
				"north": {"uv": [15.984, 0.016, 0.016, 15.984], "texture": "#1"},
				"east": {"uv": [4.5, 0.016, 0.016, 15.984], "texture": "#1"},
				"south": {"uv": [15.984, 0.016, 0.016, 15.984], "texture": "#1"},
				"west": {"uv": [4.5, 0.016, 0.016, 15.984], "texture": "#1"},
				"up": {"uv": [0.016, 4.5, 15.984, 0.016], "texture": "#1"},
				"down": {"uv": [0.016, 4.5, 15.984, 0.016], "texture": "#1"}
			}
		},
		{
			"from": [15.5, -6, -14.5],
			"to": [17, -4.5, -5],
			"rotation": {"angle": 45, "axis": "y", "origin": [8, -11.5, 13]},
			"faces": {
				"north": {"uv": [0.016, 0.016, 15.984, 15.984], "texture": "#1"},
				"east": {"uv": [0.016, 0.016, 4.5, 15.984], "texture": "#1"},
				"south": {"uv": [0.016, 0.016, 15.984, 15.984], "texture": "#1"},
				"west": {"uv": [0.016, 0.016, 4.5, 15.984], "texture": "#1"},
				"up": {"uv": [15.984, 4.5, 0.016, 0.016], "texture": "#1"},
				"down": {"uv": [15.984, 4.5, 0.016, 0.016], "texture": "#1"}
			}
		},
		{
			"name": "hexadecagon",
			"from": [9.7, -7.39946, 0.3],
			"to": [10.7, -7.20054, 1.3],
			"rotation": {"angle": 45, "axis": "x", "origin": [10.2, -7.3, 0.8]},
			"faces": {
				"north": {"uv": [0.5, 0.016, 0.016, 0.5], "texture": "#7"},
				"east": {"uv": [0.5, 0.016, 0.016, 0.5], "texture": "#7"},
				"south": {"uv": [0.5, 0.016, 0.016, 0.5], "texture": "#7"},
				"west": {"uv": [0.5, 0.016, 0.016, 0.5], "texture": "#7"}
			}
		},
		{
			"name": "hexadecagon",
			"from": [9.7, -7.39946, 0.3],
			"to": [10.7, -7.20054, 1.3],
			"rotation": {"angle": 22.5, "axis": "x", "origin": [10.2, -7.3, 0.8]},
			"faces": {
				"north": {"uv": [0.5, 0.016, 0.016, 0.5], "texture": "#7"},
				"east": {"uv": [0.5, 0.016, 0.016, 0.5], "texture": "#7"},
				"south": {"uv": [0.5, 0.016, 0.016, 0.5], "texture": "#7"},
				"west": {"uv": [0.5, 0.016, 0.016, 0.5], "texture": "#7"}
			}
		},
		{
			"name": "hexadecagon",
			"from": [9.7, -7.39946, 0.3],
			"to": [10.7, -7.20054, 1.3],
			"faces": {
				"north": {"uv": [0.5, 0.016, 0.016, 0.5], "texture": "#7"},
				"south": {"uv": [0.5, 0.016, 0.016, 0.5], "texture": "#7"},
				"west": {"uv": [0.5, 0.016, 0.016, 0.5], "texture": "#7"}
			}
		},
		{
			"name": "hexadecagon",
			"from": [9.7, -7.39946, 0.3],
			"to": [10.7, -7.20054, 1.3],
			"rotation": {"angle": -22.5, "axis": "x", "origin": [10.2, -7.3, 0.8]},
			"faces": {
				"north": {"uv": [0.5, 0.016, 0.016, 0.5], "texture": "#7"},
				"east": {"uv": [0.5, 0.016, 0.016, 0.5], "texture": "#7"},
				"south": {"uv": [0.5, 0.016, 0.016, 0.5], "texture": "#7"},
				"west": {"uv": [0.5, 0.016, 0.016, 0.5], "texture": "#7"}
			}
		},
		{
			"name": "hexadecagon",
			"from": [9.7, -7.39946, 0.3],
			"to": [10.7, -7.20054, 1.3],
			"rotation": {"angle": -45, "axis": "x", "origin": [10.2, -7.3, 0.8]},
			"faces": {
				"east": {"uv": [0.5, 0.016, 0.016, 0.5], "texture": "#7"},
				"south": {"uv": [0.5, 0.016, 0.016, 0.5], "texture": "#7"},
				"west": {"uv": [0.5, 0.016, 0.016, 0.5], "texture": "#7"}
			}
		},
		{
			"name": "hexadecagon",
			"from": [9.7, -7.8, 0.70054],
			"to": [10.7, -6.8, 0.89946],
			"rotation": {"angle": 22.5, "axis": "x", "origin": [10.2, -7.3, 0.8]},
			"faces": {
				"east": {"uv": [0.5, 0.016, 0.016, 0.5], "texture": "#7"},
				"west": {"uv": [0.5, 0.016, 0.016, 0.5], "texture": "#7"},
				"up": {"uv": [0.016, 0.5, 0.5, 0.016], "texture": "#7"}
			}
		},
		{
			"name": "hexadecagon",
			"from": [9.7, -7.8, 0.70054],
			"to": [10.7, -6.8, 0.89946],
			"faces": {
				"west": {"uv": [0.5, 0.016, 0.016, 0.5], "texture": "#7"},
				"up": {"uv": [0.016, 0.5, 0.5, 0.016], "texture": "#7"},
				"down": {"uv": [0.016, 0.5, 0.5, 0.016], "texture": "#7"}
			}
		},
		{
			"name": "hexadecagon",
			"from": [9.7, -7.8, 0.70054],
			"to": [10.7, -6.8, 0.89946],
			"rotation": {"angle": -22.5, "axis": "x", "origin": [10.2, -7.3, 0.8]},
			"faces": {
				"east": {"uv": [0.5, 0.016, 0.016, 0.5], "texture": "#7"},
				"west": {"uv": [0.5, 0.016, 0.016, 0.5], "texture": "#7"},
				"up": {"uv": [0.016, 0.5, 0.5, 0.016], "texture": "#7"},
				"down": {"uv": [0.016, 0.5, 0.5, 0.016], "texture": "#7"}
			}
		},
		{
			"name": "hexadecagon",
			"from": [9.7, -8.69891, -1],
			"to": [10.7, -8.30109, 1],
			"rotation": {"angle": 45, "axis": "x", "origin": [10.2, -8.5, 0]},
			"faces": {
				"north": {"uv": [0.5, 0.016, 0.016, 0.5], "texture": "#7"},
				"east": {"uv": [0.5, 0.016, 0.016, 0.5], "texture": "#7"},
				"south": {"uv": [0.5, 0.016, 0.016, 0.5], "texture": "#7"},
				"west": {"uv": [0.5, 0.016, 0.016, 0.5], "texture": "#7"}
			}
		},
		{
			"name": "hexadecagon",
			"from": [9.7, -8.69891, -1],
			"to": [10.7, -8.30109, 1],
			"rotation": {"angle": 22.5, "axis": "x", "origin": [10.2, -8.5, 0]},
			"faces": {
				"north": {"uv": [0.5, 0.016, 0.016, 0.5], "texture": "#7"},
				"east": {"uv": [0.5, 0.016, 0.016, 0.5], "texture": "#7"},
				"south": {"uv": [0.5, 0.016, 0.016, 0.5], "texture": "#7"},
				"west": {"uv": [0.5, 0.016, 0.016, 0.5], "texture": "#7"}
			}
		},
		{
			"name": "hexadecagon",
			"from": [9.7, -8.69891, -1],
			"to": [10.7, -8.30109, 1],
			"faces": {
				"north": {"uv": [0.5, 0.016, 0.016, 0.5], "texture": "#7"},
				"south": {"uv": [0.5, 0.016, 0.016, 0.5], "texture": "#7"},
				"west": {"uv": [0.5, 0.016, 0.016, 0.5], "texture": "#7"}
			}
		},
		{
			"name": "hexadecagon",
			"from": [9.7, -8.69891, -1],
			"to": [10.7, -8.30109, 1],
			"rotation": {"angle": -22.5, "axis": "x", "origin": [10.2, -8.5, 0]},
			"faces": {
				"north": {"uv": [0.5, 0.016, 0.016, 0.5], "texture": "#7"},
				"east": {"uv": [0.5, 0.016, 0.016, 0.5], "texture": "#7"},
				"south": {"uv": [0.5, 0.016, 0.016, 0.5], "texture": "#7"},
				"west": {"uv": [0.5, 0.016, 0.016, 0.5], "texture": "#7"}
			}
		},
		{
			"name": "hexadecagon",
			"from": [9.7, -8.69891, -1],
			"to": [10.7, -8.30109, 1],
			"rotation": {"angle": -45, "axis": "x", "origin": [10.2, -8.5, 0]},
			"faces": {
				"north": {"uv": [0.5, 0.016, 0.016, 0.5], "texture": "#7"},
				"east": {"uv": [0.5, 0.016, 0.016, 0.5], "texture": "#7"},
				"south": {"uv": [0.5, 0.016, 0.016, 0.5], "texture": "#7"},
				"west": {"uv": [0.5, 0.016, 0.016, 0.5], "texture": "#7"}
			}
		},
		{
			"name": "hexadecagon",
			"from": [9.7, -9.5, -0.19891],
			"to": [10.7, -7.5, 0.19891],
			"rotation": {"angle": 22.5, "axis": "x", "origin": [10.2, -8.5, 0]},
			"faces": {
				"east": {"uv": [0.5, 0.016, 0.016, 0.5], "texture": "#7"},
				"west": {"uv": [0.5, 0.016, 0.016, 0.5], "texture": "#7"},
				"up": {"uv": [0.016, 0.5, 0.5, 0.016], "texture": "#7"},
				"down": {"uv": [0.016, 0.5, 0.5, 0.016], "texture": "#7"}
			}
		},
		{
			"name": "hexadecagon",
			"from": [9.7, -9.5, -0.19891],
			"to": [10.7, -7.5, 0.19891],
			"faces": {
				"west": {"uv": [0.5, 0.016, 0.016, 0.5], "texture": "#7"},
				"up": {"uv": [0.016, 0.5, 0.5, 0.016], "texture": "#7"},
				"down": {"uv": [0.016, 0.5, 0.5, 0.016], "texture": "#7"}
			}
		},
		{
			"name": "hexadecagon",
			"from": [9.7, -9.5, -0.19891],
			"to": [10.7, -7.5, 0.19891],
			"rotation": {"angle": -22.5, "axis": "x", "origin": [10.2, -8.5, 0]},
			"faces": {
				"east": {"uv": [0.5, 0.016, 0.016, 0.5], "texture": "#7"},
				"west": {"uv": [0.5, 0.016, 0.016, 0.5], "texture": "#7"},
				"up": {"uv": [0.016, 0.5, 0.5, 0.016], "texture": "#7"},
				"down": {"uv": [0.016, 0.5, 0.5, 0.016], "texture": "#7"}
			}
		},
		{
			"name": "hexadecagon",
			"from": [9.7, -7.39946, -1.3],
			"to": [10.7, -7.20054, -0.3],
			"rotation": {"angle": 45, "axis": "x", "origin": [10.2, -7.3, -0.8]},
			"faces": {
				"north": {"uv": [0.5, 0.016, 0.016, 0.5], "texture": "#7"},
				"east": {"uv": [0.5, 0.016, 0.016, 0.5], "texture": "#7"},
				"west": {"uv": [0.5, 0.016, 0.016, 0.5], "texture": "#7"}
			}
		},
		{
			"name": "hexadecagon",
			"from": [9.7, -7.39946, -1.3],
			"to": [10.7, -7.20054, -0.3],
			"rotation": {"angle": 22.5, "axis": "x", "origin": [10.2, -7.3, -0.8]},
			"faces": {
				"north": {"uv": [0.5, 0.016, 0.016, 0.5], "texture": "#7"},
				"east": {"uv": [0.5, 0.016, 0.016, 0.5], "texture": "#7"},
				"south": {"uv": [0.5, 0.016, 0.016, 0.5], "texture": "#7"},
				"west": {"uv": [0.5, 0.016, 0.016, 0.5], "texture": "#7"}
			}
		},
		{
			"name": "hexadecagon",
			"from": [9.7, -7.39946, -1.3],
			"to": [10.7, -7.20054, -0.3],
			"faces": {
				"north": {"uv": [0.5, 0.016, 0.016, 0.5], "texture": "#7"},
				"south": {"uv": [0.5, 0.016, 0.016, 0.5], "texture": "#7"},
				"west": {"uv": [0.5, 0.016, 0.016, 0.5], "texture": "#7"}
			}
		},
		{
			"name": "hexadecagon",
			"from": [9.7, -7.39946, -1.3],
			"to": [10.7, -7.20054, -0.3],
			"rotation": {"angle": -22.5, "axis": "x", "origin": [10.2, -7.3, -0.8]},
			"faces": {
				"north": {"uv": [0.5, 0.016, 0.016, 0.5], "texture": "#7"},
				"east": {"uv": [0.5, 0.016, 0.016, 0.5], "texture": "#7"},
				"south": {"uv": [0.5, 0.016, 0.016, 0.5], "texture": "#7"},
				"west": {"uv": [0.5, 0.016, 0.016, 0.5], "texture": "#7"}
			}
		},
		{
			"name": "hexadecagon",
			"from": [9.7, -7.39946, -1.3],
			"to": [10.7, -7.20054, -0.3],
			"rotation": {"angle": -45, "axis": "x", "origin": [10.2, -7.3, -0.8]},
			"faces": {
				"north": {"uv": [0.5, 0.016, 0.016, 0.5], "texture": "#7"},
				"east": {"uv": [0.5, 0.016, 0.016, 0.5], "texture": "#7"},
				"south": {"uv": [0.5, 0.016, 0.016, 0.5], "texture": "#7"},
				"west": {"uv": [0.5, 0.016, 0.016, 0.5], "texture": "#7"}
			}
		},
		{
			"name": "hexadecagon",
			"from": [9.7, -7.8, -0.89946],
			"to": [10.7, -6.8, -0.70054],
			"rotation": {"angle": 22.5, "axis": "x", "origin": [10.2, -7.3, -0.8]},
			"faces": {
				"east": {"uv": [0.5, 0.016, 0.016, 0.5], "texture": "#7"},
				"west": {"uv": [0.5, 0.016, 0.016, 0.5], "texture": "#7"},
				"up": {"uv": [0.016, 0.5, 0.5, 0.016], "texture": "#7"},
				"down": {"uv": [0.016, 0.5, 0.5, 0.016], "texture": "#7"}
			}
		},
		{
			"name": "hexadecagon",
			"from": [9.7, -7.8, -0.89946],
			"to": [10.7, -6.8, -0.70054],
			"faces": {
				"west": {"uv": [0.5, 0.016, 0.016, 0.5], "texture": "#7"},
				"up": {"uv": [0.016, 0.5, 0.5, 0.016], "texture": "#7"},
				"down": {"uv": [0.016, 0.5, 0.5, 0.016], "texture": "#7"}
			}
		},
		{
			"name": "hexadecagon",
			"from": [9.7, -7.8, -0.89946],
			"to": [10.7, -6.8, -0.70054],
			"rotation": {"angle": -22.5, "axis": "x", "origin": [10.2, -7.3, -0.8]},
			"faces": {
				"east": {"uv": [0.5, 0.016, 0.016, 0.5], "texture": "#7"},
				"west": {"uv": [0.5, 0.016, 0.016, 0.5], "texture": "#7"},
				"up": {"uv": [0.016, 0.5, 0.5, 0.016], "texture": "#7"}
			}
		},
		{
			"from": [0.5, 2, 3],
			"to": [1, 6, 4],
			"rotation": {"angle": -45, "axis": "z", "origin": [8, -11, 11.5]},
			"faces": {
				"north": {"uv": [5.984, 0.016, 0.016, 15.984], "texture": "#1"},
				"south": {"uv": [5.984, 0.016, 0.016, 15.984], "texture": "#1"},
				"west": {"uv": [10.984, 1.016, 5.016, 15.984], "texture": "#1"}
			}
		},
		{
			"from": [0.5, 6, -3],
			"to": [1, 7, 4],
			"rotation": {"angle": -45, "axis": "z", "origin": [8, -11, 11.5]},
			"faces": {
				"north": {"uv": [5.984, 0.016, 0.016, 15.984], "texture": "#1"},
				"south": {"uv": [5.984, 0.016, 0.016, 15.984], "texture": "#1"},
				"west": {"uv": [11.984, 0.016, 5.016, 15.984], "texture": "#1"},
				"up": {"uv": [0.016, 6.984, 5.984, 0.016], "texture": "#1"},
				"down": {"uv": [0.016, 6.984, 5.984, 0.016], "texture": "#1"}
			}
		},
		{
			"from": [0.5, 2, -3],
			"to": [1, 6, -2],
			"rotation": {"angle": -45, "axis": "z", "origin": [8, -11, 11.5]},
			"faces": {
				"north": {"uv": [5.984, 0.016, 0.016, 15.984], "texture": "#1"},
				"south": {"uv": [5.984, 0.016, 0.016, 15.984], "texture": "#1"},
				"west": {"uv": [11.984, 1.016, 6.016, 15.984], "texture": "#1"}
			}
		},
		{
			"from": [0.5, 1, -3],
			"to": [1, 2, 4],
			"rotation": {"angle": -45, "axis": "z", "origin": [8, -11, 11.5]},
			"faces": {
				"north": {"uv": [5.984, 0.016, 0.016, 15.984], "texture": "#1"},
				"south": {"uv": [5.984, 0.016, 0.016, 15.984], "texture": "#1"},
				"west": {"uv": [12.984, 0.016, 6.016, 15.984], "texture": "#1"},
				"up": {"uv": [0.016, 6.984, 5.984, 0.016], "texture": "#1"},
				"down": {"uv": [0.016, 6.984, 5.984, 0.016], "texture": "#1"}
			}
		},
		{
			"from": [0.8, 2, -2],
			"to": [1.3, 6, 3],
			"rotation": {"angle": -45, "axis": "z", "origin": [8, -11, 11.5]},
			"faces": {
				"west": {"uv": [6.984, 0.016, 0.016, 15.984], "texture": "#6"}
			}
		},
		{
			"from": [1, 1, -3],
			"to": [2.5, 7, 4],
			"rotation": {"angle": -45, "axis": "z", "origin": [8, -11, 11.5]},
			"faces": {
				"north": {"uv": [5.984, 0.016, 0.016, 15.984], "texture": "#1"},
				"east": {"uv": [6.984, 0.016, 0.016, 15.984], "texture": "#1"},
				"south": {"uv": [5.984, 0.016, 0.016, 15.984], "texture": "#1"},
				"up": {"uv": [0.016, 6.984, 5.984, 0.016], "texture": "#1"},
				"down": {"uv": [0.016, 6.984, 5.984, 0.016], "texture": "#1"}
			}
		},
		{
			"from": [14, -1, -1.5],
			"to": [16, 5, 2.5],
			"faces": {
				"north": {"uv": [5.984, 0.016, 0.016, 15.984], "texture": "#1"},
				"east": {"uv": [6.984, 0.016, 0.016, 15.984], "texture": "#1"},
				"south": {"uv": [5.984, 0.016, 0.016, 15.984], "texture": "#1"},
				"west": {"uv": [6.984, 0.016, 0.016, 15.984], "texture": "#1"}
			}
		},
		{
			"from": [1, 2.5, 4],
			"to": [1.4, 5, 4.8],
			"rotation": {"angle": -45, "axis": "z", "origin": [8, -11, 11.5]},
			"faces": {
				"east": {"uv": [6.984, 0.016, 0.016, 15.984], "texture": "#7"},
				"south": {"uv": [5.984, 0.016, 0.016, 15.984], "texture": "#7"},
				"west": {"uv": [11.984, 1.016, 6.016, 15.984], "texture": "#7"},
				"up": {"uv": [0.016, 6.984, 5.984, 0.016], "texture": "#7"},
				"down": {"uv": [0.016, 6.984, 5.984, 0.016], "texture": "#7"}
			}
		},
		{
			"from": [1.5, 2.5, 4],
			"to": [1.9, 5, 4.8],
			"rotation": {"angle": -45, "axis": "z", "origin": [8, -11, 11.5]},
			"faces": {
				"east": {"uv": [6.984, 0.016, 0.016, 15.984], "texture": "#7"},
				"south": {"uv": [5.984, 0.016, 0.016, 15.984], "texture": "#7"},
				"west": {"uv": [11.984, 1.016, 6.016, 15.984], "texture": "#7"},
				"up": {"uv": [0.016, 6.984, 5.984, 0.016], "texture": "#7"},
				"down": {"uv": [0.016, 6.984, 5.984, 0.016], "texture": "#7"}
			}
		},
		{
			"name": "hexadecagon",
			"from": [-4.14918, -2.25, -6.1],
			"to": [-3.85082, -0.75, -5.6],
			"rotation": {"angle": -45, "axis": "z", "origin": [-4, -1.5, -5.6]},
			"faces": {
				"north": {"uv": [0, 0, 0.5, 0.5], "texture": "#8"},
				"east": {"uv": [0, 0, 0.5, 0.5], "texture": "#8"},
				"south": {"uv": [0, 0, 0.5, 0.5], "texture": "#8"},
				"west": {"uv": [0, 0, 0.5, 0.5], "texture": "#8"},
				"up": {"uv": [0, 0, 0.5, 0.5], "texture": "#8"},
				"down": {"uv": [0, 0, 0.5, 0.5], "texture": "#8"}
			}
		},
		{
			"name": "hexadecagon",
			"from": [-4.14918, -2.25, -6.1],
			"to": [-3.85082, -0.75, -5.6],
			"rotation": {"angle": -22.5, "axis": "z", "origin": [-4, -1.5, -5.6]},
			"faces": {
				"north": {"uv": [0, 0, 0.5, 0.5], "texture": "#8"},
				"east": {"uv": [0, 0, 0.5, 0.5], "texture": "#8"},
				"south": {"uv": [0, 0, 0.5, 0.5], "texture": "#8"},
				"west": {"uv": [0, 0, 0.5, 0.5], "texture": "#8"},
				"up": {"uv": [0, 0, 0.5, 0.5], "texture": "#8"},
				"down": {"uv": [0, 0, 0.5, 0.5], "texture": "#8"}
			}
		},
		{
			"name": "hexadecagon",
			"from": [-4.14918, -2.25, -6.1],
			"to": [-3.85082, -0.75, -5.6],
			"faces": {
				"north": {"uv": [0, 0, 0.5, 0.5], "texture": "#8"},
				"east": {"uv": [0, 0, 0.5, 0.5], "texture": "#8"},
				"south": {"uv": [0, 0, 0.5, 0.5], "texture": "#8"},
				"west": {"uv": [0, 0, 0.5, 0.5], "texture": "#8"},
				"up": {"uv": [0, 0, 0.5, 0.5], "texture": "#8"},
				"down": {"uv": [0, 0, 0.5, 0.5], "texture": "#8"}
			}
		},
		{
			"name": "hexadecagon",
			"from": [-4.14918, -2.25, -6.1],
			"to": [-3.85082, -0.75, -5.6],
			"rotation": {"angle": 22.5, "axis": "z", "origin": [-4, -1.5, -5.6]},
			"faces": {
				"north": {"uv": [0, 0, 0.5, 0.5], "texture": "#8"},
				"east": {"uv": [0, 0, 0.5, 0.5], "texture": "#8"},
				"south": {"uv": [0, 0, 0.5, 0.5], "texture": "#8"},
				"west": {"uv": [0, 0, 0.5, 0.5], "texture": "#8"},
				"up": {"uv": [0, 0, 0.5, 0.5], "texture": "#8"},
				"down": {"uv": [0, 0, 0.5, 0.5], "texture": "#8"}
			}
		},
		{
			"name": "hexadecagon",
			"from": [-4.14918, -2.25, -6.1],
			"to": [-3.85082, -0.75, -5.6],
			"rotation": {"angle": 45, "axis": "z", "origin": [-4, -1.5, -5.6]},
			"faces": {
				"north": {"uv": [0, 0, 0.5, 0.5], "texture": "#8"},
				"east": {"uv": [0, 0, 0.5, 0.5], "texture": "#8"},
				"south": {"uv": [0, 0, 0.5, 0.5], "texture": "#8"},
				"west": {"uv": [0, 0, 0.5, 0.5], "texture": "#8"},
				"up": {"uv": [0, 0, 0.5, 0.5], "texture": "#8"},
				"down": {"uv": [0, 0, 0.5, 0.5], "texture": "#8"}
			}
		},
		{
			"name": "hexadecagon",
			"from": [-4.75, -1.64918, -6.1],
			"to": [-3.25, -1.35082, -5.6],
			"rotation": {"angle": -22.5, "axis": "z", "origin": [-4, -1.5, -5.6]},
			"faces": {
				"north": {"uv": [0, 0, 0.5, 0.5], "texture": "#8"},
				"east": {"uv": [0, 0, 0.5, 0.5], "texture": "#8"},
				"south": {"uv": [0, 0, 0.5, 0.5], "texture": "#8"},
				"west": {"uv": [0, 0, 0.5, 0.5], "texture": "#8"},
				"up": {"uv": [0, 0, 0.5, 0.5], "texture": "#8"},
				"down": {"uv": [0, 0, 0.5, 0.5], "texture": "#8"}
			}
		},
		{
			"name": "hexadecagon",
			"from": [-4.75, -1.64918, -6.1],
			"to": [-3.25, -1.35082, -5.6],
			"faces": {
				"north": {"uv": [0, 0, 0.5, 0.5], "texture": "#8"},
				"east": {"uv": [0, 0, 0.5, 0.5], "texture": "#8"},
				"south": {"uv": [0, 0, 0.5, 0.5], "texture": "#8"},
				"west": {"uv": [0, 0, 0.5, 0.5], "texture": "#8"},
				"up": {"uv": [0, 0, 0.5, 0.5], "texture": "#8"},
				"down": {"uv": [0, 0, 0.5, 0.5], "texture": "#8"}
			}
		},
		{
			"name": "hexadecagon",
			"from": [-4.75, -1.64918, -6.1],
			"to": [-3.25, -1.35082, -5.6],
			"rotation": {"angle": 22.5, "axis": "z", "origin": [-4, -1.5, -5.6]},
			"faces": {
				"north": {"uv": [0, 0, 0.5, 0.5], "texture": "#8"},
				"east": {"uv": [0, 0, 0.5, 0.5], "texture": "#8"},
				"south": {"uv": [0, 0, 0.5, 0.5], "texture": "#8"},
				"west": {"uv": [0, 0, 0.5, 0.5], "texture": "#8"},
				"up": {"uv": [0, 0, 0.5, 0.5], "texture": "#8"},
				"down": {"uv": [0, 0, 0.5, 0.5], "texture": "#8"}
			}
		},
		{
			"name": "hexadecagon",
			"from": [-4.14918, -2.25, -5.1],
			"to": [-3.85082, -0.75, -4.6],
			"rotation": {"angle": -45, "axis": "z", "origin": [-4, -1.5, -4.6]},
			"faces": {
				"north": {"uv": [0, 0, 0.5, 0.5], "texture": "#4"},
				"east": {"uv": [0, 0, 0.5, 0.5], "texture": "#4"},
				"south": {"uv": [0, 0, 0.5, 0.5], "texture": "#4"},
				"west": {"uv": [0, 0, 0.5, 0.5], "texture": "#4"},
				"up": {"uv": [0, 0, 0.5, 0.5], "texture": "#4"},
				"down": {"uv": [0, 0, 0.5, 0.5], "texture": "#4"}
			}
		},
		{
			"name": "hexadecagon",
			"from": [-4.14918, -2.25, -5.1],
			"to": [-3.85082, -0.75, -4.6],
			"rotation": {"angle": -22.5, "axis": "z", "origin": [-4, -1.5, -4.6]},
			"faces": {
				"north": {"uv": [0, 0, 0.5, 0.5], "texture": "#4"},
				"east": {"uv": [0, 0, 0.5, 0.5], "texture": "#4"},
				"south": {"uv": [0, 0, 0.5, 0.5], "texture": "#4"},
				"west": {"uv": [0, 0, 0.5, 0.5], "texture": "#4"},
				"up": {"uv": [0, 0, 0.5, 0.5], "texture": "#4"},
				"down": {"uv": [0, 0, 0.5, 0.5], "texture": "#4"}
			}
		},
		{
			"name": "hexadecagon",
			"from": [-4.14918, -2.25, -5.1],
			"to": [-3.85082, -0.75, -4.6],
			"faces": {
				"north": {"uv": [0, 0, 0.5, 0.5], "texture": "#4"},
				"east": {"uv": [0, 0, 0.5, 0.5], "texture": "#4"},
				"south": {"uv": [0, 0, 0.5, 0.5], "texture": "#4"},
				"west": {"uv": [0, 0, 0.5, 0.5], "texture": "#4"},
				"up": {"uv": [0, 0, 0.5, 0.5], "texture": "#4"},
				"down": {"uv": [0, 0, 0.5, 0.5], "texture": "#4"}
			}
		},
		{
			"name": "hexadecagon",
			"from": [-4.14918, -2.25, -5.1],
			"to": [-3.85082, -0.75, -4.6],
			"rotation": {"angle": 22.5, "axis": "z", "origin": [-4, -1.5, -4.6]},
			"faces": {
				"north": {"uv": [0, 0, 0.5, 0.5], "texture": "#4"},
				"east": {"uv": [0, 0, 0.5, 0.5], "texture": "#4"},
				"south": {"uv": [0, 0, 0.5, 0.5], "texture": "#4"},
				"west": {"uv": [0, 0, 0.5, 0.5], "texture": "#4"},
				"up": {"uv": [0, 0, 0.5, 0.5], "texture": "#4"},
				"down": {"uv": [0, 0, 0.5, 0.5], "texture": "#4"}
			}
		},
		{
			"name": "hexadecagon",
			"from": [-4.14918, -2.25, -5.1],
			"to": [-3.85082, -0.75, -4.6],
			"rotation": {"angle": 45, "axis": "z", "origin": [-4, -1.5, -4.6]},
			"faces": {
				"north": {"uv": [0, 0, 0.5, 0.5], "texture": "#4"},
				"east": {"uv": [0, 0, 0.5, 0.5], "texture": "#4"},
				"south": {"uv": [0, 0, 0.5, 0.5], "texture": "#4"},
				"west": {"uv": [0, 0, 0.5, 0.5], "texture": "#4"},
				"up": {"uv": [0, 0, 0.5, 0.5], "texture": "#4"},
				"down": {"uv": [0, 0, 0.5, 0.5], "texture": "#4"}
			}
		},
		{
			"name": "hexadecagon",
			"from": [-4.75, -1.64918, -5.1],
			"to": [-3.25, -1.35082, -4.6],
			"rotation": {"angle": -22.5, "axis": "z", "origin": [-4, -1.5, -4.6]},
			"faces": {
				"north": {"uv": [0, 0, 0.5, 0.5], "texture": "#4"},
				"east": {"uv": [0, 0, 0.5, 0.5], "texture": "#4"},
				"south": {"uv": [0, 0, 0.5, 0.5], "texture": "#4"},
				"west": {"uv": [0, 0, 0.5, 0.5], "texture": "#4"},
				"up": {"uv": [0, 0, 0.5, 0.5], "texture": "#4"},
				"down": {"uv": [0, 0, 0.5, 0.5], "texture": "#4"}
			}
		},
		{
			"name": "hexadecagon",
			"from": [-4.75, -1.64918, -5.1],
			"to": [-3.25, -1.35082, -4.6],
			"faces": {
				"north": {"uv": [0, 0, 0.5, 0.5], "texture": "#4"},
				"east": {"uv": [0, 0, 0.5, 0.5], "texture": "#4"},
				"south": {"uv": [0, 0, 0.5, 0.5], "texture": "#4"},
				"west": {"uv": [0, 0, 0.5, 0.5], "texture": "#4"},
				"up": {"uv": [0, 0, 0.5, 0.5], "texture": "#4"},
				"down": {"uv": [0, 0, 0.5, 0.5], "texture": "#4"}
			}
		},
		{
			"name": "hexadecagon",
			"from": [-4.75, -1.64918, -5.1],
			"to": [-3.25, -1.35082, -4.6],
			"rotation": {"angle": 22.5, "axis": "z", "origin": [-4, -1.5, -4.6]},
			"faces": {
				"north": {"uv": [0, 0, 0.5, 0.5], "texture": "#4"},
				"east": {"uv": [0, 0, 0.5, 0.5], "texture": "#4"},
				"south": {"uv": [0, 0, 0.5, 0.5], "texture": "#4"},
				"west": {"uv": [0, 0, 0.5, 0.5], "texture": "#4"},
				"up": {"uv": [0, 0, 0.5, 0.5], "texture": "#4"},
				"down": {"uv": [0, 0, 0.5, 0.5], "texture": "#4"}
			}
		},
		{
			"name": "hexadecagon",
			"from": [-4.14918, -2.25, -4.1],
			"to": [-3.85082, -0.75, -3.6],
			"rotation": {"angle": -45, "axis": "z", "origin": [-4, -1.5, -3.6]},
			"faces": {
				"north": {"uv": [0, 0, 0.5, 0.5], "texture": "#2"},
				"east": {"uv": [0, 0, 0.5, 0.5], "texture": "#2"},
				"south": {"uv": [0, 0, 0.5, 0.5], "texture": "#2"},
				"west": {"uv": [0, 0, 0.5, 0.5], "texture": "#2"},
				"up": {"uv": [0, 0, 0.5, 0.5], "texture": "#2"},
				"down": {"uv": [0, 0, 0.5, 0.5], "texture": "#2"}
			}
		},
		{
			"name": "hexadecagon",
			"from": [-4.14918, -2.25, -4.1],
			"to": [-3.85082, -0.75, -3.6],
			"rotation": {"angle": -22.5, "axis": "z", "origin": [-4, -1.5, -3.6]},
			"faces": {
				"north": {"uv": [0, 0, 0.5, 0.5], "texture": "#2"},
				"east": {"uv": [0, 0, 0.5, 0.5], "texture": "#2"},
				"south": {"uv": [0, 0, 0.5, 0.5], "texture": "#2"},
				"west": {"uv": [0, 0, 0.5, 0.5], "texture": "#2"},
				"up": {"uv": [0, 0, 0.5, 0.5], "texture": "#2"},
				"down": {"uv": [0, 0, 0.5, 0.5], "texture": "#2"}
			}
		},
		{
			"name": "hexadecagon",
			"from": [-4.14918, -2.25, -4.1],
			"to": [-3.85082, -0.75, -3.6],
			"faces": {
				"north": {"uv": [0, 0, 0.5, 0.5], "texture": "#2"},
				"east": {"uv": [0, 0, 0.5, 0.5], "texture": "#2"},
				"south": {"uv": [0, 0, 0.5, 0.5], "texture": "#2"},
				"west": {"uv": [0, 0, 0.5, 0.5], "texture": "#2"},
				"up": {"uv": [0, 0, 0.5, 0.5], "texture": "#2"},
				"down": {"uv": [0, 0, 0.5, 0.5], "texture": "#2"}
			}
		},
		{
			"name": "hexadecagon",
			"from": [-4.14918, -2.25, -4.1],
			"to": [-3.85082, -0.75, -3.6],
			"rotation": {"angle": 22.5, "axis": "z", "origin": [-4, -1.5, -3.6]},
			"faces": {
				"north": {"uv": [0, 0, 0.5, 0.5], "texture": "#2"},
				"east": {"uv": [0, 0, 0.5, 0.5], "texture": "#2"},
				"south": {"uv": [0, 0, 0.5, 0.5], "texture": "#2"},
				"west": {"uv": [0, 0, 0.5, 0.5], "texture": "#2"},
				"up": {"uv": [0, 0, 0.5, 0.5], "texture": "#2"},
				"down": {"uv": [0, 0, 0.5, 0.5], "texture": "#2"}
			}
		},
		{
			"name": "hexadecagon",
			"from": [-4.14918, -2.25, -4.1],
			"to": [-3.85082, -0.75, -3.6],
			"rotation": {"angle": 45, "axis": "z", "origin": [-4, -1.5, -3.6]},
			"faces": {
				"north": {"uv": [0, 0, 0.5, 0.5], "texture": "#2"},
				"east": {"uv": [0, 0, 0.5, 0.5], "texture": "#2"},
				"south": {"uv": [0, 0, 0.5, 0.5], "texture": "#2"},
				"west": {"uv": [0, 0, 0.5, 0.5], "texture": "#2"},
				"up": {"uv": [0, 0, 0.5, 0.5], "texture": "#2"},
				"down": {"uv": [0, 0, 0.5, 0.5], "texture": "#2"}
			}
		},
		{
			"name": "hexadecagon",
			"from": [-4.75, -1.64918, -4.1],
			"to": [-3.25, -1.35082, -3.6],
			"rotation": {"angle": -22.5, "axis": "z", "origin": [-4, -1.5, -3.6]},
			"faces": {
				"north": {"uv": [0, 0, 0.5, 0.5], "texture": "#2"},
				"east": {"uv": [0, 0, 0.5, 0.5], "texture": "#2"},
				"south": {"uv": [0, 0, 0.5, 0.5], "texture": "#2"},
				"west": {"uv": [0, 0, 0.5, 0.5], "texture": "#2"},
				"up": {"uv": [0, 0, 0.5, 0.5], "texture": "#2"},
				"down": {"uv": [0, 0, 0.5, 0.5], "texture": "#2"}
			}
		},
		{
			"name": "hexadecagon",
			"from": [-4.75, -1.64918, -4.1],
			"to": [-3.25, -1.35082, -3.6],
			"faces": {
				"north": {"uv": [0, 0, 0.5, 0.5], "texture": "#2"},
				"east": {"uv": [0, 0, 0.5, 0.5], "texture": "#2"},
				"south": {"uv": [0, 0, 0.5, 0.5], "texture": "#2"},
				"west": {"uv": [0, 0, 0.5, 0.5], "texture": "#2"},
				"up": {"uv": [0, 0, 0.5, 0.5], "texture": "#2"},
				"down": {"uv": [0, 0, 0.5, 0.5], "texture": "#2"}
			}
		},
		{
			"name": "hexadecagon",
			"from": [-4.75, -1.64918, -4.1],
			"to": [-3.25, -1.35082, -3.6],
			"rotation": {"angle": 22.5, "axis": "z", "origin": [-4, -1.5, -3.6]},
			"faces": {
				"north": {"uv": [0, 0, 0.5, 0.5], "texture": "#2"},
				"east": {"uv": [0, 0, 0.5, 0.5], "texture": "#2"},
				"south": {"uv": [0, 0, 0.5, 0.5], "texture": "#2"},
				"west": {"uv": [0, 0, 0.5, 0.5], "texture": "#2"},
				"up": {"uv": [0, 0, 0.5, 0.5], "texture": "#2"},
				"down": {"uv": [0, 0, 0.5, 0.5], "texture": "#2"}
			}
		},
		{
			"from": [16, -16, -1],
			"to": [16.5, -4.5, -0.5],
			"faces": {
				"north": {"uv": [0, 0, 1.5, 11.5], "texture": "#2"},
				"east": {"uv": [0, 0, 1.5, 11.5], "texture": "#2"},
				"south": {"uv": [0, 0, 1.5, 11.5], "texture": "#2"},
				"west": {"uv": [0, 0, 1.5, 11.5], "texture": "#2"},
				"up": {"uv": [0, 0, 1.5, 1.5], "texture": "#2"},
				"down": {"uv": [0, 0, 1.5, 1.5], "texture": "#2"}
			}
		},
		{
			"from": [16, -15, -0.5],
			"to": [16.5, -14.5, 16.5],
			"faces": {
				"north": {"uv": [0, 0, 1.5, 1.5], "texture": "#2"},
				"east": {"uv": [0, 0, 16, 1.5], "texture": "#2"},
				"south": {"uv": [0, 0, 1.5, 1.5], "texture": "#2"},
				"west": {"uv": [0, 0, 16, 1.5], "texture": "#2"},
				"up": {"uv": [0, 0, 1.5, 16], "texture": "#2"},
				"down": {"uv": [0, 0, 1.5, 16], "texture": "#2"}
			}
		},
		{
			"from": [16, -5, -0.5],
			"to": [16.5, -4.5, 16.5],
			"faces": {
				"north": {"uv": [0, 0, 1.5, 1.5], "texture": "#2"},
				"east": {"uv": [0, 0, 16, 1.5], "texture": "#2"},
				"south": {"uv": [0, 0, 1.5, 1.5], "texture": "#2"},
				"west": {"uv": [0, 0, 16, 1.5], "texture": "#2"},
				"up": {"uv": [0, 0, 1.5, 16], "texture": "#2"},
				"down": {"uv": [0, 0, 1.5, 16], "texture": "#2"}
			}
		},
		{
			"from": [16, -16, 16.5],
			"to": [16.5, -4.5, 17],
			"faces": {
				"north": {"uv": [0, 0, 1.5, 11.5], "texture": "#2"},
				"east": {"uv": [0, 0, 1.5, 11.5], "texture": "#2"},
				"south": {"uv": [0, 0, 1.5, 11.5], "texture": "#2"},
				"west": {"uv": [0, 0, 1.5, 11.5], "texture": "#2"},
				"up": {"uv": [0, 0, 1.5, 1.5], "texture": "#2"},
				"down": {"uv": [0, 0, 1.5, 1.5], "texture": "#2"}
			}
		},
		{
			"from": [16, -14.5, 15.3],
			"to": [16.5, -5, 15.8],
			"faces": {
				"north": {"uv": [0, 0, 1.5, 11.5], "texture": "#2"},
				"east": {"uv": [0, 0, 1.5, 11.5], "texture": "#2"},
				"south": {"uv": [0, 0, 1.5, 11.5], "texture": "#2"},
				"west": {"uv": [0, 0, 1.5, 11.5], "texture": "#2"},
				"up": {"uv": [0, 0, 1.5, 1.5], "texture": "#2"},
				"down": {"uv": [0, 0, 1.5, 1.5], "texture": "#2"}
			}
		},
		{
			"from": [16, -14.5, 13.8],
			"to": [16.5, -5, 14.3],
			"faces": {
				"north": {"uv": [0, 0, 1.5, 11.5], "texture": "#2"},
				"east": {"uv": [0, 0, 1.5, 11.5], "texture": "#2"},
				"south": {"uv": [0, 0, 1.5, 11.5], "texture": "#2"},
				"west": {"uv": [0, 0, 1.5, 11.5], "texture": "#2"},
				"up": {"uv": [0, 0, 1.5, 1.5], "texture": "#2"},
				"down": {"uv": [0, 0, 1.5, 1.5], "texture": "#2"}
			}
		},
		{
			"from": [16, -14.5, 7.8],
			"to": [16.5, -5, 8.3],
			"faces": {
				"north": {"uv": [0, 0, 1.5, 11.5], "texture": "#2"},
				"east": {"uv": [0, 0, 1.5, 11.5], "texture": "#2"},
				"south": {"uv": [0, 0, 1.5, 11.5], "texture": "#2"},
				"west": {"uv": [0, 0, 1.5, 11.5], "texture": "#2"},
				"up": {"uv": [0, 0, 1.5, 1.5], "texture": "#2"},
				"down": {"uv": [0, 0, 1.5, 1.5], "texture": "#2"}
			}
		},
		{
			"from": [16, -14.5, 12.3],
			"to": [16.5, -5, 12.8],
			"faces": {
				"north": {"uv": [0, 0, 1.5, 11.5], "texture": "#2"},
				"east": {"uv": [0, 0, 1.5, 11.5], "texture": "#2"},
				"south": {"uv": [0, 0, 1.5, 11.5], "texture": "#2"},
				"west": {"uv": [0, 0, 1.5, 11.5], "texture": "#2"},
				"up": {"uv": [0, 0, 1.5, 1.5], "texture": "#2"},
				"down": {"uv": [0, 0, 1.5, 1.5], "texture": "#2"}
			}
		},
		{
			"from": [16, -14.5, 10.8],
			"to": [16.5, -5, 11.3],
			"faces": {
				"north": {"uv": [0, 0, 1.5, 11.5], "texture": "#2"},
				"east": {"uv": [0, 0, 1.5, 11.5], "texture": "#2"},
				"south": {"uv": [0, 0, 1.5, 11.5], "texture": "#2"},
				"west": {"uv": [0, 0, 1.5, 11.5], "texture": "#2"},
				"up": {"uv": [0, 0, 1.5, 1.5], "texture": "#2"},
				"down": {"uv": [0, 0, 1.5, 1.5], "texture": "#2"}
			}
		},
		{
			"from": [16, -14.5, 9.3],
			"to": [16.5, -5, 9.8],
			"faces": {
				"north": {"uv": [0, 0, 1.5, 11.5], "texture": "#2"},
				"east": {"uv": [0, 0, 1.5, 11.5], "texture": "#2"},
				"south": {"uv": [0, 0, 1.5, 11.5], "texture": "#2"},
				"west": {"uv": [0, 0, 1.5, 11.5], "texture": "#2"},
				"up": {"uv": [0, 0, 1.5, 1.5], "texture": "#2"},
				"down": {"uv": [0, 0, 1.5, 1.5], "texture": "#2"}
			}
		},
		{
			"from": [16, -14.5, 6.3],
			"to": [16.5, -5, 6.8],
			"faces": {
				"north": {"uv": [0, 0, 1.5, 11.5], "texture": "#2"},
				"east": {"uv": [0, 0, 1.5, 11.5], "texture": "#2"},
				"south": {"uv": [0, 0, 1.5, 11.5], "texture": "#2"},
				"west": {"uv": [0, 0, 1.5, 11.5], "texture": "#2"},
				"up": {"uv": [0, 0, 1.5, 1.5], "texture": "#2"},
				"down": {"uv": [0, 0, 1.5, 1.5], "texture": "#2"}
			}
		},
		{
			"from": [16, -14.5, 4.8],
			"to": [16.5, -5, 5.3],
			"faces": {
				"north": {"uv": [0, 0, 1.5, 11.5], "texture": "#2"},
				"east": {"uv": [0, 0, 1.5, 11.5], "texture": "#2"},
				"south": {"uv": [0, 0, 1.5, 11.5], "texture": "#2"},
				"west": {"uv": [0, 0, 1.5, 11.5], "texture": "#2"},
				"up": {"uv": [0, 0, 1.5, 1.5], "texture": "#2"},
				"down": {"uv": [0, 0, 1.5, 1.5], "texture": "#2"}
			}
		},
		{
			"from": [16, -14.5, 3.3],
			"to": [16.5, -5, 3.8],
			"faces": {
				"north": {"uv": [0, 0, 1.5, 11.5], "texture": "#2"},
				"east": {"uv": [0, 0, 1.5, 11.5], "texture": "#2"},
				"south": {"uv": [0, 0, 1.5, 11.5], "texture": "#2"},
				"west": {"uv": [0, 0, 1.5, 11.5], "texture": "#2"},
				"up": {"uv": [0, 0, 1.5, 1.5], "texture": "#2"},
				"down": {"uv": [0, 0, 1.5, 1.5], "texture": "#2"}
			}
		},
		{
			"from": [16, -14.5, 1.8],
			"to": [16.5, -5, 2.3],
			"faces": {
				"north": {"uv": [0, 0, 1.5, 11.5], "texture": "#2"},
				"east": {"uv": [0, 0, 1.5, 11.5], "texture": "#2"},
				"south": {"uv": [0, 0, 1.5, 11.5], "texture": "#2"},
				"west": {"uv": [0, 0, 1.5, 11.5], "texture": "#2"},
				"up": {"uv": [0, 0, 1.5, 1.5], "texture": "#2"},
				"down": {"uv": [0, 0, 1.5, 1.5], "texture": "#2"}
			}
		},
		{
			"from": [16, -14.5, 0.3],
			"to": [16.5, -5, 0.8],
			"faces": {
				"north": {"uv": [0, 0, 1.5, 11.5], "texture": "#2"},
				"east": {"uv": [0, 0, 1.5, 11.5], "texture": "#2"},
				"south": {"uv": [0, 0, 1.5, 11.5], "texture": "#2"},
				"west": {"uv": [0, 0, 1.5, 11.5], "texture": "#2"},
				"up": {"uv": [0, 0, 1.5, 1.5], "texture": "#2"},
				"down": {"uv": [0, 0, 1.5, 1.5], "texture": "#2"}
			}
		}
	],
	"display": {
		"thirdperson_righthand": {
			"rotation": [0, 180, 0],
			"translation": [2.25, 9.75, -4],
			"scale": [0.5, 0.5, 0.5]
		},
		"thirdperson_lefthand": {
			"translation": [2.25, 9.75, -4],
			"scale": [0.5, 0.5, 0.5]
		},
		"ground": {
			"translation": [0, 20, 0]
		},
		"gui": {
			"rotation": [0, -90, 0],
			"translation": [0, 1.5, 0],
			"scale": [0.39, 0.39, 0.39]
		},
		"head": {
			"translation": [0, 4.5, 0],
			"scale": [2, 2, 2]
		},
		"fixed": {
			"rotation": [0, 90, 0],
			"translation": [0, 10, -5.25],
			"scale": [0.73, 0.73, 0.73]
		}
	},
	"groups": [
		{
			"name": "L Side",
			"children": [
				{
					"name": "Map Tray",
					"children": [0, 1, 2, 3, 4, 5, 6, 7, 8, 9, 10]
				},
				{
					"name": "Turnstile Body",
					"children": [11, 12, 13, 14, 15,
						{
							"name": "Mickey Ears",
							"children": [
								{
									"name": "Mickey Ear 1",
									"children": [16, 17, 18, 19, 20, 21, 22, 23]
								},
								{
									"name": "Mickey Head",
									"children": [24, 25, 26, 27, 28, 29, 30, 31]
								},
								{
									"name": "Mickey Ear 2",
									"children": [32, 33, 34, 35, 36, 37, 38, 39]
								}
							]
						}
					]
				},
				{
					"name": "Monitor",
					"children": [40, 41, 42, 43, 44, 45, 46, 47, 48]
				},
				{
					"name": "Lights",
					"children": [
						{
							"name": "Red Light",
							"children": [49, 50, 51, 52, 53, 54, 55, 56]
						},
						{
							"name": "White Light",
							"children": [57, 58, 59, 60, 61, 62, 63, 64]
						},
						{
							"name": "Green Light",
							"children": [65, 66, 67, 68, 69, 70, 71, 72]
						}
					]
				}
			]
		},
		{
			"name": "R Side",
			"children": [
				{
					"name": "Map Tray",
					"children": [73, 74, 75, 76, 77]
				},
				{
					"name": "Turnstile Body",
					"children": [78, 79, 80, 81, 82,
						{
							"name": "Mickey Ears",
							"children": [
								{
									"name": "Mickey Ear 1",
									"children": [83, 84, 85, 86, 87, 88, 89, 90]
								},
								{
									"name": "Mickey Head",
									"children": [91, 92, 93, 94, 95, 96, 97, 98]
								},
								{
									"name": "Mickey Ear 2",
									"children": [99, 100, 101, 102, 103, 104, 105, 106]
								}
							]
						}
					]
				},
				{
					"name": "Monitor",
					"children": [107, 108, 109, 110, 111, 112, 113, 114, 115]
				},
				{
					"name": "Lights",
					"children": [
						{
							"name": "Red Light",
							"children": [116, 117, 118, 119, 120, 121, 122, 123]
						},
						{
							"name": "White Light",
							"children": [124, 125, 126, 127, 128, 129, 130, 131]
						},
						{
							"name": "Green Light",
							"children": [132, 133, 134, 135, 136, 137, 138, 139]
						}
					]
				}
			]
		},
		{
			"name": "Bars",
			"children": [140, 141, 142, 143, 144, 145, 146, 147, 148, 149, 150, 151, 152, 153, 154]
		}
	]
}