{
	"credit": "Made by _Kastle with Blockbench. Message Kastle#4801 on Discord for inquiries. If you recieved this model from someone other than myself without context, it was probably stolen.",
	"textures": {
		"0": "block/red_concrete",
		"1": "block/black_concrete",
		"particle": "block/red_concrete"
	},
	"elements": [
		{
			"name": "hexadecagon",
			"from": [6.4087, 0, 7.5],
			"to": [9.5913, 16, 8.5],
			"rotation": {"angle": -45, "axis": "z", "origin": [8, 8, 8]},
			"faces": {
				"north": {"uv": [0, 0, 0.5, 0.5], "texture": "#1"},
				"east": {"uv": [0, 0, 0.5, 0.5], "texture": "#1"},
				"south": {"uv": [0, 0, 0.5, 0.5], "texture": "#1"},
				"west": {"uv": [0, 0, 0.5, 0.5], "texture": "#1"},
				"up": {"uv": [0, 0, 0.5, 0.5], "texture": "#1"},
				"down": {"uv": [0, 0, 0.5, 0.5], "texture": "#1"}
			}
		},
		{
			"name": "hexadecagon",
			"from": [6.4087, 0, 7.5],
			"to": [9.5913, 16, 8.5],
			"rotation": {"angle": -22.5, "axis": "z", "origin": [8, 8, 8]},
			"faces": {
				"north": {"uv": [0, 0, 0.5, 0.5], "texture": "#1"},
				"east": {"uv": [0, 0, 0.5, 0.5], "texture": "#1"},
				"south": {"uv": [0, 0, 0.5, 0.5], "texture": "#1"},
				"west": {"uv": [0, 0, 0.5, 0.5], "texture": "#1"},
				"up": {"uv": [0, 0, 0.5, 0.5], "texture": "#1"},
				"down": {"uv": [0, 0, 0.5, 0.5], "texture": "#1"}
			}
		},
		{
			"name": "hexadecagon",
			"from": [6.4087, 0, 7.5],
			"to": [9.5913, 16, 8.5],
			"faces": {
				"north": {"uv": [0, 0, 0.5, 0.5], "texture": "#1"},
				"east": {"uv": [0, 0, 0.5, 0.5], "texture": "#1"},
				"south": {"uv": [0, 0, 0.5, 0.5], "texture": "#1"},
				"west": {"uv": [0, 0, 0.5, 0.5], "texture": "#1"},
				"up": {"uv": [0, 0, 0.5, 0.5], "texture": "#1"},
				"down": {"uv": [0, 0, 0.5, 0.5], "texture": "#1"}
			}
		},
		{
			"name": "hexadecagon",
			"from": [6.4087, 0, 7.5],
			"to": [9.5913, 16, 8.5],
			"rotation": {"angle": 22.5, "axis": "z", "origin": [8, 8, 8]},
			"faces": {
				"north": {"uv": [0, 0, 0.5, 0.5], "texture": "#1"},
				"east": {"uv": [0, 0, 0.5, 0.5], "texture": "#1"},
				"south": {"uv": [0, 0, 0.5, 0.5], "texture": "#1"},
				"west": {"uv": [0, 0, 0.5, 0.5], "texture": "#1"},
				"up": {"uv": [0, 0, 0.5, 0.5], "texture": "#1"},
				"down": {"uv": [0, 0, 0.5, 0.5], "texture": "#1"}
			}
		},
		{
			"name": "hexadecagon",
			"from": [6.4087, 0, 7.5],
			"to": [9.5913, 16, 8.5],
			"rotation": {"angle": 45, "axis": "z", "origin": [8, 8, 8]},
			"faces": {
				"north": {"uv": [0, 0, 0.5, 0.5], "texture": "#1"},
				"east": {"uv": [0, 0, 0.5, 0.5], "texture": "#1"},
				"south": {"uv": [0, 0, 0.5, 0.5], "texture": "#1"},
				"west": {"uv": [0, 0, 0.5, 0.5], "texture": "#1"},
				"up": {"uv": [0, 0, 0.5, 0.5], "texture": "#1"},
				"down": {"uv": [0, 0, 0.5, 0.5], "texture": "#1"}
			}
		},
		{
			"name": "hexadecagon",
			"from": [0, 6.4087, 7.5],
			"to": [16, 9.5913, 8.5],
			"rotation": {"angle": -22.5, "axis": "z", "origin": [8, 8, 8]},
			"faces": {
				"north": {"uv": [0, 0, 0.5, 0.5], "texture": "#1"},
				"east": {"uv": [0, 0, 0.5, 0.5], "texture": "#1"},
				"south": {"uv": [0, 0, 0.5, 0.5], "texture": "#1"},
				"west": {"uv": [0, 0, 0.5, 0.5], "texture": "#1"},
				"up": {"uv": [0, 0, 0.5, 0.5], "texture": "#1"},
				"down": {"uv": [0, 0, 0.5, 0.5], "texture": "#1"}
			}
		},
		{
			"name": "hexadecagon",
			"from": [0, 6.4087, 7.5],
			"to": [16, 9.5913, 8.5],
			"faces": {
				"north": {"uv": [0, 0, 0.5, 0.5], "texture": "#1"},
				"east": {"uv": [0, 0, 0.5, 0.5], "texture": "#1"},
				"south": {"uv": [0, 0, 0.5, 0.5], "texture": "#1"},
				"west": {"uv": [0, 0, 0.5, 0.5], "texture": "#1"},
				"up": {"uv": [0, 0, 0.5, 0.5], "texture": "#1"},
				"down": {"uv": [0, 0, 0.5, 0.5], "texture": "#1"}
			}
		},
		{
			"name": "hexadecagon",
			"from": [0, 6.4087, 7.5],
			"to": [16, 9.5913, 8.5],
			"rotation": {"angle": 22.5, "axis": "z", "origin": [8, 8, 8]},
			"faces": {
				"north": {"uv": [0, 0, 0.5, 0.5], "texture": "#1"},
				"east": {"uv": [0, 0, 0.5, 0.5], "texture": "#1"},
				"south": {"uv": [0, 0, 0.5, 0.5], "texture": "#1"},
				"west": {"uv": [0, 0, 0.5, 0.5], "texture": "#1"},
				"up": {"uv": [0, 0, 0.5, 0.5], "texture": "#1"},
				"down": {"uv": [0, 0, 0.5, 0.5], "texture": "#1"}
			}
		},
		{
			"name": "hexadecagon",
			"from": [6.60761, 1, 7],
			"to": [9.39239, 2, 8],
			"rotation": {"angle": -45, "axis": "z", "origin": [8, 8, 7.5]},
			"faces": {
				"north": {"uv": [0, 0, 0.5, 0.5], "texture": "#0"},
				"east": {"uv": [0, 0, 0.5, 0.5], "texture": "#0"},
				"south": {"uv": [0, 0, 0.5, 0.5], "texture": "#0"},
				"west": {"uv": [0, 0, 0.5, 0.5], "texture": "#0"},
				"up": {"uv": [0, 0, 0.5, 0.5], "texture": "#0"},
				"down": {"uv": [0, 0, 0.5, 0.5], "texture": "#0"}
			}
		},
		{
			"name": "hexadecagon",
			"from": [6.60761, 1, 7],
			"to": [9.39239, 2, 8],
			"rotation": {"angle": -22.5, "axis": "z", "origin": [8, 8, 7.5]},
			"faces": {
				"north": {"uv": [0, 0, 0.5, 0.5], "texture": "#0"},
				"east": {"uv": [0, 0, 0.5, 0.5], "texture": "#0"},
				"south": {"uv": [0, 0, 0.5, 0.5], "texture": "#0"},
				"west": {"uv": [0, 0, 0.5, 0.5], "texture": "#0"},
				"up": {"uv": [0, 0, 0.5, 0.5], "texture": "#0"},
				"down": {"uv": [0, 0, 0.5, 0.5], "texture": "#0"}
			}
		},
		{
			"name": "hexadecagon",
			"from": [6.60761, 1, 7],
			"to": [9.39239, 2, 8],
			"rotation": {"angle": 0, "axis": "z", "origin": [8, 8, 7.5]},
			"faces": {
				"north": {"uv": [0, 0, 0.5, 0.5], "texture": "#0"},
				"east": {"uv": [0, 0, 0.5, 0.5], "texture": "#0"},
				"south": {"uv": [0, 0, 0.5, 0.5], "texture": "#0"},
				"west": {"uv": [0, 0, 0.5, 0.5], "texture": "#0"},
				"up": {"uv": [0, 0, 0.5, 0.5], "texture": "#0"},
				"down": {"uv": [0, 0, 0.5, 0.5], "texture": "#0"}
			}
		},
		{
			"name": "hexadecagon",
			"from": [6.60761, 1, 7],
			"to": [9.39239, 2, 8],
			"rotation": {"angle": 22.5, "axis": "z", "origin": [8, 8, 7.5]},
			"faces": {
				"north": {"uv": [0, 0, 0.5, 0.5], "texture": "#0"},
				"east": {"uv": [0, 0, 0.5, 0.5], "texture": "#0"},
				"south": {"uv": [0, 0, 0.5, 0.5], "texture": "#0"},
				"west": {"uv": [0, 0, 0.5, 0.5], "texture": "#0"},
				"up": {"uv": [0, 0, 0.5, 0.5], "texture": "#0"},
				"down": {"uv": [0, 0, 0.5, 0.5], "texture": "#0"}
			}
		},
		{
			"name": "hexadecagon",
			"from": [6.60761, 1, 7],
			"to": [9.39239, 2, 8],
			"rotation": {"angle": 45, "axis": "z", "origin": [8, 8, 7.5]},
			"faces": {
				"north": {"uv": [0, 0, 0.5, 0.5], "texture": "#0"},
				"east": {"uv": [0, 0, 0.5, 0.5], "texture": "#0"},
				"south": {"uv": [0, 0, 0.5, 0.5], "texture": "#0"},
				"west": {"uv": [0, 0, 0.5, 0.5], "texture": "#0"},
				"up": {"uv": [0, 0, 0.5, 0.5], "texture": "#0"},
				"down": {"uv": [0, 0, 0.5, 0.5], "texture": "#0"}
			}
		},
		{
			"name": "hexadecagon",
			"from": [6.60761, 14, 7],
			"to": [9.39239, 15, 8],
			"rotation": {"angle": -45, "axis": "z", "origin": [8, 8, 7.5]},
			"faces": {
				"north": {"uv": [0, 0, 0.5, 0.5], "texture": "#0"},
				"east": {"uv": [0, 0, 0.5, 0.5], "texture": "#0"},
				"south": {"uv": [0, 0, 0.5, 0.5], "texture": "#0"},
				"west": {"uv": [0, 0, 0.5, 0.5], "texture": "#0"},
				"up": {"uv": [0, 0, 0.5, 0.5], "texture": "#0"},
				"down": {"uv": [0, 0, 0.5, 0.5], "texture": "#0"}
			}
		},
		{
			"name": "hexadecagon",
			"from": [6.60761, 14, 7],
			"to": [9.39239, 15, 8],
			"rotation": {"angle": -22.5, "axis": "z", "origin": [8, 8, 7.5]},
			"faces": {
				"north": {"uv": [0, 0, 0.5, 0.5], "texture": "#0"},
				"east": {"uv": [0, 0, 0.5, 0.5], "texture": "#0"},
				"south": {"uv": [0, 0, 0.5, 0.5], "texture": "#0"},
				"west": {"uv": [0, 0, 0.5, 0.5], "texture": "#0"},
				"up": {"uv": [0, 0, 0.5, 0.5], "texture": "#0"},
				"down": {"uv": [0, 0, 0.5, 0.5], "texture": "#0"}
			}
		},
		{
			"name": "hexadecagon",
			"from": [6.60761, 14, 7],
			"to": [9.39239, 15, 8],
			"rotation": {"angle": 0, "axis": "z", "origin": [8, 8, 7.5]},
			"faces": {
				"north": {"uv": [0, 0, 0.5, 0.5], "texture": "#0"},
				"east": {"uv": [0, 0, 0.5, 0.5], "texture": "#0"},
				"south": {"uv": [0, 0, 0.5, 0.5], "texture": "#0"},
				"west": {"uv": [0, 0, 0.5, 0.5], "texture": "#0"},
				"up": {"uv": [0, 0, 0.5, 0.5], "texture": "#0"},
				"down": {"uv": [0, 0, 0.5, 0.5], "texture": "#0"}
			}
		},
		{
			"name": "hexadecagon",
			"from": [6.60761, 14, 7],
			"to": [9.39239, 15, 8],
			"rotation": {"angle": 22.5, "axis": "z", "origin": [8, 8, 7.5]},
			"faces": {
				"north": {"uv": [0, 0, 0.5, 0.5], "texture": "#0"},
				"east": {"uv": [0, 0, 0.5, 0.5], "texture": "#0"},
				"south": {"uv": [0, 0, 0.5, 0.5], "texture": "#0"},
				"west": {"uv": [0, 0, 0.5, 0.5], "texture": "#0"},
				"up": {"uv": [0, 0, 0.5, 0.5], "texture": "#0"},
				"down": {"uv": [0, 0, 0.5, 0.5], "texture": "#0"}
			}
		},
		{
			"name": "hexadecagon",
			"from": [6.60761, 14, 7],
			"to": [9.39239, 15, 8],
			"rotation": {"angle": 45, "axis": "z", "origin": [8, 8, 7.5]},
			"faces": {
				"north": {"uv": [0, 0, 0.5, 0.5], "texture": "#0"},
				"east": {"uv": [0, 0, 0.5, 0.5], "texture": "#0"},
				"south": {"uv": [0, 0, 0.5, 0.5], "texture": "#0"},
				"west": {"uv": [0, 0, 0.5, 0.5], "texture": "#0"},
				"up": {"uv": [0, 0, 0.5, 0.5], "texture": "#0"},
				"down": {"uv": [0, 0, 0.5, 0.5], "texture": "#0"}
			}
		},
		{
			"name": "hexadecagon",
			"from": [1, 6.60761, 7],
			"to": [2, 9.39239, 8],
			"rotation": {"angle": -22.5, "axis": "z", "origin": [8, 8, 7.5]},
			"faces": {
				"north": {"uv": [0, 0, 0.5, 0.5], "texture": "#0"},
				"east": {"uv": [0, 0, 0.5, 0.5], "texture": "#0"},
				"south": {"uv": [0, 0, 0.5, 0.5], "texture": "#0"},
				"west": {"uv": [0, 0, 0.5, 0.5], "texture": "#0"},
				"up": {"uv": [0, 0, 0.5, 0.5], "texture": "#0"},
				"down": {"uv": [0, 0, 0.5, 0.5], "texture": "#0"}
			}
		},
		{
			"name": "hexadecagon",
			"from": [1, 6.60761, 7],
			"to": [2, 9.39239, 8],
			"rotation": {"angle": 0, "axis": "z", "origin": [8, 8, 7.5]},
			"faces": {
				"north": {"uv": [0, 0, 0.5, 0.5], "texture": "#0"},
				"east": {"uv": [0, 0, 0.5, 0.5], "texture": "#0"},
				"south": {"uv": [0, 0, 0.5, 0.5], "texture": "#0"},
				"west": {"uv": [0, 0, 0.5, 0.5], "texture": "#0"},
				"up": {"uv": [0, 0, 0.5, 0.5], "texture": "#0"},
				"down": {"uv": [0, 0, 0.5, 0.5], "texture": "#0"}
			}
		},
		{
			"name": "hexadecagon",
			"from": [1, 6.60761, 7],
			"to": [2, 9.39239, 8],
			"rotation": {"angle": 22.5, "axis": "z", "origin": [8, 8, 7.5]},
			"faces": {
				"north": {"uv": [0, 0, 0.5, 0.5], "texture": "#0"},
				"east": {"uv": [0, 0, 0.5, 0.5], "texture": "#0"},
				"south": {"uv": [0, 0, 0.5, 0.5], "texture": "#0"},
				"west": {"uv": [0, 0, 0.5, 0.5], "texture": "#0"},
				"up": {"uv": [0, 0, 0.5, 0.5], "texture": "#0"},
				"down": {"uv": [0, 0, 0.5, 0.5], "texture": "#0"}
			}
		},
		{
			"name": "hexadecagon",
			"from": [14, 6.60761, 7],
			"to": [15, 9.39239, 8],
			"rotation": {"angle": -22.5, "axis": "z", "origin": [8, 8, 7.5]},
			"faces": {
				"north": {"uv": [0, 0, 0.5, 0.5], "texture": "#0"},
				"east": {"uv": [0, 0, 0.5, 0.5], "texture": "#0"},
				"south": {"uv": [0, 0, 0.5, 0.5], "texture": "#0"},
				"west": {"uv": [0, 0, 0.5, 0.5], "texture": "#0"},
				"up": {"uv": [0, 0, 0.5, 0.5], "texture": "#0"},
				"down": {"uv": [0, 0, 0.5, 0.5], "texture": "#0"}
			}
		},
		{
			"name": "hexadecagon",
			"from": [14, 6.60761, 7],
			"to": [15, 9.39239, 8],
			"rotation": {"angle": 0, "axis": "z", "origin": [8, 8, 7.5]},
			"faces": {
				"north": {"uv": [0, 0, 0.5, 0.5], "texture": "#0"},
				"east": {"uv": [0, 0, 0.5, 0.5], "texture": "#0"},
				"south": {"uv": [0, 0, 0.5, 0.5], "texture": "#0"},
				"west": {"uv": [0, 0, 0.5, 0.5], "texture": "#0"},
				"up": {"uv": [0, 0, 0.5, 0.5], "texture": "#0"},
				"down": {"uv": [0, 0, 0.5, 0.5], "texture": "#0"}
			}
		},
		{
			"name": "hexadecagon",
			"from": [14, 6.60761, 7],
			"to": [15, 9.39239, 8],
			"rotation": {"angle": 22.5, "axis": "z", "origin": [8, 8, 7.5]},
			"faces": {
				"north": {"uv": [0, 0, 0.5, 0.5], "texture": "#0"},
				"east": {"uv": [0, 0, 0.5, 0.5], "texture": "#0"},
				"south": {"uv": [0, 0, 0.5, 0.5], "texture": "#0"},
				"west": {"uv": [0, 0, 0.5, 0.5], "texture": "#0"},
				"up": {"uv": [0, 0, 0.5, 0.5], "texture": "#0"},
				"down": {"uv": [0, 0, 0.5, 0.5], "texture": "#0"}
			}
		},
		{
			"name": "hexadecagon",
			"from": [15.40326, 13, 7],
			"to": [16.59674, 14, 8],
			"rotation": {"angle": -45, "axis": "z", "origin": [16, 16, 7.5]},
			"faces": {
				"north": {"uv": [0, 0, 0.5, 0.5], "texture": "#0"},
				"east": {"uv": [0, 0, 0.5, 0.5], "texture": "#0"},
				"south": {"uv": [0, 0, 0.5, 0.5], "texture": "#0"},
				"west": {"uv": [0, 0, 0.5, 0.5], "texture": "#0"},
				"up": {"uv": [0, 0, 0.5, 0.5], "texture": "#0"},
				"down": {"uv": [0, 0, 0.5, 0.5], "texture": "#0"}
			}
		},
		{
			"name": "hexadecagon",
			"from": [15.40326, 13, 7],
			"to": [16.59674, 14, 8],
			"rotation": {"angle": -22.5, "axis": "z", "origin": [16, 16, 7.5]},
			"faces": {
				"north": {"uv": [0, 0, 0.5, 0.5], "texture": "#0"},
				"east": {"uv": [0, 0, 0.5, 0.5], "texture": "#0"},
				"south": {"uv": [0, 0, 0.5, 0.5], "texture": "#0"},
				"west": {"uv": [0, 0, 0.5, 0.5], "texture": "#0"},
				"up": {"uv": [0, 0, 0.5, 0.5], "texture": "#0"},
				"down": {"uv": [0, 0, 0.5, 0.5], "texture": "#0"}
			}
		},
		{
			"name": "hexadecagon",
			"from": [15.40326, 13, 7],
			"to": [16.59674, 14, 8],
			"rotation": {"angle": 0, "axis": "z", "origin": [16, 16, 7.5]},
			"faces": {
				"north": {"uv": [0, 0, 0.5, 0.5], "texture": "#0"},
				"east": {"uv": [0, 0, 0.5, 0.5], "texture": "#0"},
				"south": {"uv": [0, 0, 0.5, 0.5], "texture": "#0"},
				"west": {"uv": [0, 0, 0.5, 0.5], "texture": "#0"},
				"up": {"uv": [0, 0, 0.5, 0.5], "texture": "#0"},
				"down": {"uv": [0, 0, 0.5, 0.5], "texture": "#0"}
			}
		},
		{
			"name": "hexadecagon",
			"from": [15.40326, 13, 7],
			"to": [16.59674, 14, 8],
			"rotation": {"angle": 22.5, "axis": "z", "origin": [16, 16, 7.5]},
			"faces": {
				"north": {"uv": [0, 0, 0.5, 0.5], "texture": "#0"},
				"east": {"uv": [0, 0, 0.5, 0.5], "texture": "#0"},
				"south": {"uv": [0, 0, 0.5, 0.5], "texture": "#0"},
				"west": {"uv": [0, 0, 0.5, 0.5], "texture": "#0"},
				"up": {"uv": [0, 0, 0.5, 0.5], "texture": "#0"},
				"down": {"uv": [0, 0, 0.5, 0.5], "texture": "#0"}
			}
		},
		{
			"name": "hexadecagon",
			"from": [15.40326, 13, 7],
			"to": [16.59674, 14, 8],
			"rotation": {"angle": 45, "axis": "z", "origin": [16, 16, 7.5]},
			"faces": {
				"north": {"uv": [0, 0, 0.5, 0.5], "texture": "#0"},
				"east": {"uv": [0, 0, 0.5, 0.5], "texture": "#0"},
				"south": {"uv": [0, 0, 0.5, 0.5], "texture": "#0"},
				"west": {"uv": [0, 0, 0.5, 0.5], "texture": "#0"},
				"up": {"uv": [0, 0, 0.5, 0.5], "texture": "#0"},
				"down": {"uv": [0, 0, 0.5, 0.5], "texture": "#0"}
			}
		},
		{
			"name": "hexadecagon",
			"from": [15.40326, 18, 7],
			"to": [16.59674, 19, 8],
			"rotation": {"angle": -45, "axis": "z", "origin": [16, 16, 7.5]},
			"faces": {
				"north": {"uv": [0, 0, 0.5, 0.5], "texture": "#0"},
				"east": {"uv": [0, 0, 0.5, 0.5], "texture": "#0"},
				"south": {"uv": [0, 0, 0.5, 0.5], "texture": "#0"},
				"west": {"uv": [0, 0, 0.5, 0.5], "texture": "#0"},
				"up": {"uv": [0, 0, 0.5, 0.5], "texture": "#0"},
				"down": {"uv": [0, 0, 0.5, 0.5], "texture": "#0"}
			}
		},
		{
			"name": "hexadecagon",
			"from": [15.40326, 18, 7],
			"to": [16.59674, 19, 8],
			"rotation": {"angle": -22.5, "axis": "z", "origin": [16, 16, 7.5]},
			"faces": {
				"north": {"uv": [0, 0, 0.5, 0.5], "texture": "#0"},
				"east": {"uv": [0, 0, 0.5, 0.5], "texture": "#0"},
				"south": {"uv": [0, 0, 0.5, 0.5], "texture": "#0"},
				"west": {"uv": [0, 0, 0.5, 0.5], "texture": "#0"},
				"up": {"uv": [0, 0, 0.5, 0.5], "texture": "#0"},
				"down": {"uv": [0, 0, 0.5, 0.5], "texture": "#0"}
			}
		},
		{
			"name": "hexadecagon",
			"from": [15.40326, 18, 7],
			"to": [16.59674, 19, 8],
			"rotation": {"angle": 0, "axis": "z", "origin": [16, 16, 7.5]},
			"faces": {
				"north": {"uv": [0, 0, 0.5, 0.5], "texture": "#0"},
				"east": {"uv": [0, 0, 0.5, 0.5], "texture": "#0"},
				"south": {"uv": [0, 0, 0.5, 0.5], "texture": "#0"},
				"west": {"uv": [0, 0, 0.5, 0.5], "texture": "#0"},
				"up": {"uv": [0, 0, 0.5, 0.5], "texture": "#0"},
				"down": {"uv": [0, 0, 0.5, 0.5], "texture": "#0"}
			}
		},
		{
			"name": "hexadecagon",
			"from": [15.40326, 18, 7],
			"to": [16.59674, 19, 8],
			"rotation": {"angle": 22.5, "axis": "z", "origin": [16, 16, 7.5]},
			"faces": {
				"north": {"uv": [0, 0, 0.5, 0.5], "texture": "#0"},
				"east": {"uv": [0, 0, 0.5, 0.5], "texture": "#0"},
				"south": {"uv": [0, 0, 0.5, 0.5], "texture": "#0"},
				"west": {"uv": [0, 0, 0.5, 0.5], "texture": "#0"},
				"up": {"uv": [0, 0, 0.5, 0.5], "texture": "#0"},
				"down": {"uv": [0, 0, 0.5, 0.5], "texture": "#0"}
			}
		},
		{
			"name": "hexadecagon",
			"from": [15.40326, 18, 7],
			"to": [16.59674, 19, 8],
			"rotation": {"angle": 45, "axis": "z", "origin": [16, 16, 7.5]},
			"faces": {
				"north": {"uv": [0, 0, 0.5, 0.5], "texture": "#0"},
				"east": {"uv": [0, 0, 0.5, 0.5], "texture": "#0"},
				"south": {"uv": [0, 0, 0.5, 0.5], "texture": "#0"},
				"west": {"uv": [0, 0, 0.5, 0.5], "texture": "#0"},
				"up": {"uv": [0, 0, 0.5, 0.5], "texture": "#0"},
				"down": {"uv": [0, 0, 0.5, 0.5], "texture": "#0"}
			}
		},
		{
			"name": "hexadecagon",
			"from": [13, 15.40326, 7],
			"to": [14, 16.59674, 8],
			"rotation": {"angle": -22.5, "axis": "z", "origin": [16, 16, 7.5]},
			"faces": {
				"north": {"uv": [0, 0, 0.5, 0.5], "texture": "#0"},
				"east": {"uv": [0, 0, 0.5, 0.5], "texture": "#0"},
				"south": {"uv": [0, 0, 0.5, 0.5], "texture": "#0"},
				"west": {"uv": [0, 0, 0.5, 0.5], "texture": "#0"},
				"up": {"uv": [0, 0, 0.5, 0.5], "texture": "#0"},
				"down": {"uv": [0, 0, 0.5, 0.5], "texture": "#0"}
			}
		},
		{
			"name": "hexadecagon",
			"from": [13, 15.40326, 7],
			"to": [14, 16.59674, 8],
			"rotation": {"angle": 0, "axis": "z", "origin": [16, 16, 7.5]},
			"faces": {
				"north": {"uv": [0, 0, 0.5, 0.5], "texture": "#0"},
				"east": {"uv": [0, 0, 0.5, 0.5], "texture": "#0"},
				"south": {"uv": [0, 0, 0.5, 0.5], "texture": "#0"},
				"west": {"uv": [0, 0, 0.5, 0.5], "texture": "#0"},
				"up": {"uv": [0, 0, 0.5, 0.5], "texture": "#0"},
				"down": {"uv": [0, 0, 0.5, 0.5], "texture": "#0"}
			}
		},
		{
			"name": "hexadecagon",
			"from": [13, 15.40326, 7],
			"to": [14, 16.59674, 8],
			"rotation": {"angle": 22.5, "axis": "z", "origin": [16, 16, 7.5]},
			"faces": {
				"north": {"uv": [0, 0, 0.5, 0.5], "texture": "#0"},
				"east": {"uv": [0, 0, 0.5, 0.5], "texture": "#0"},
				"south": {"uv": [0, 0, 0.5, 0.5], "texture": "#0"},
				"west": {"uv": [0, 0, 0.5, 0.5], "texture": "#0"},
				"up": {"uv": [0, 0, 0.5, 0.5], "texture": "#0"},
				"down": {"uv": [0, 0, 0.5, 0.5], "texture": "#0"}
			}
		},
		{
			"name": "hexadecagon",
			"from": [18, 15.40326, 7],
			"to": [19, 16.59674, 8],
			"rotation": {"angle": -22.5, "axis": "z", "origin": [16, 16, 7.5]},
			"faces": {
				"north": {"uv": [0, 0, 0.5, 0.5], "texture": "#0"},
				"east": {"uv": [0, 0, 0.5, 0.5], "texture": "#0"},
				"south": {"uv": [0, 0, 0.5, 0.5], "texture": "#0"},
				"west": {"uv": [0, 0, 0.5, 0.5], "texture": "#0"},
				"up": {"uv": [0, 0, 0.5, 0.5], "texture": "#0"},
				"down": {"uv": [0, 0, 0.5, 0.5], "texture": "#0"}
			}
		},
		{
			"name": "hexadecagon",
			"from": [18, 15.40326, 7],
			"to": [19, 16.59674, 8],
			"rotation": {"angle": 0, "axis": "z", "origin": [16, 16, 7.5]},
			"faces": {
				"north": {"uv": [0, 0, 0.5, 0.5], "texture": "#0"},
				"east": {"uv": [0, 0, 0.5, 0.5], "texture": "#0"},
				"south": {"uv": [0, 0, 0.5, 0.5], "texture": "#0"},
				"west": {"uv": [0, 0, 0.5, 0.5], "texture": "#0"},
				"up": {"uv": [0, 0, 0.5, 0.5], "texture": "#0"},
				"down": {"uv": [0, 0, 0.5, 0.5], "texture": "#0"}
			}
		},
		{
			"name": "hexadecagon",
			"from": [18, 15.40326, 7],
			"to": [19, 16.59674, 8],
			"rotation": {"angle": 22.5, "axis": "z", "origin": [16, 16, 7.5]},
			"faces": {
				"north": {"uv": [0, 0, 0.5, 0.5], "texture": "#0"},
				"east": {"uv": [0, 0, 0.5, 0.5], "texture": "#0"},
				"south": {"uv": [0, 0, 0.5, 0.5], "texture": "#0"},
				"west": {"uv": [0, 0, 0.5, 0.5], "texture": "#0"},
				"up": {"uv": [0, 0, 0.5, 0.5], "texture": "#0"},
				"down": {"uv": [0, 0, 0.5, 0.5], "texture": "#0"}
			}
		},
		{
			"name": "hexadecagon",
			"from": [-0.59674, 13, 7],
			"to": [0.59674, 14, 8],
			"rotation": {"angle": -45, "axis": "z", "origin": [0, 16, 7.5]},
			"faces": {
				"north": {"uv": [0, 0, 0.5, 0.5], "texture": "#0"},
				"east": {"uv": [0, 0, 0.5, 0.5], "texture": "#0"},
				"south": {"uv": [0, 0, 0.5, 0.5], "texture": "#0"},
				"west": {"uv": [0, 0, 0.5, 0.5], "texture": "#0"},
				"up": {"uv": [0, 0, 0.5, 0.5], "texture": "#0"},
				"down": {"uv": [0, 0, 0.5, 0.5], "texture": "#0"}
			}
		},
		{
			"name": "hexadecagon",
			"from": [-0.59674, 13, 7],
			"to": [0.59674, 14, 8],
			"rotation": {"angle": -22.5, "axis": "z", "origin": [0, 16, 7.5]},
			"faces": {
				"north": {"uv": [0, 0, 0.5, 0.5], "texture": "#0"},
				"east": {"uv": [0, 0, 0.5, 0.5], "texture": "#0"},
				"south": {"uv": [0, 0, 0.5, 0.5], "texture": "#0"},
				"west": {"uv": [0, 0, 0.5, 0.5], "texture": "#0"},
				"up": {"uv": [0, 0, 0.5, 0.5], "texture": "#0"},
				"down": {"uv": [0, 0, 0.5, 0.5], "texture": "#0"}
			}
		},
		{
			"name": "hexadecagon",
			"from": [-0.59674, 13, 7],
			"to": [0.59674, 14, 8],
			"rotation": {"angle": 0, "axis": "z", "origin": [0, 16, 7.5]},
			"faces": {
				"north": {"uv": [0, 0, 0.5, 0.5], "texture": "#0"},
				"east": {"uv": [0, 0, 0.5, 0.5], "texture": "#0"},
				"south": {"uv": [0, 0, 0.5, 0.5], "texture": "#0"},
				"west": {"uv": [0, 0, 0.5, 0.5], "texture": "#0"},
				"up": {"uv": [0, 0, 0.5, 0.5], "texture": "#0"},
				"down": {"uv": [0, 0, 0.5, 0.5], "texture": "#0"}
			}
		},
		{
			"name": "hexadecagon",
			"from": [-0.59674, 13, 7],
			"to": [0.59674, 14, 8],
			"rotation": {"angle": 22.5, "axis": "z", "origin": [0, 16, 7.5]},
			"faces": {
				"north": {"uv": [0, 0, 0.5, 0.5], "texture": "#0"},
				"east": {"uv": [0, 0, 0.5, 0.5], "texture": "#0"},
				"south": {"uv": [0, 0, 0.5, 0.5], "texture": "#0"},
				"west": {"uv": [0, 0, 0.5, 0.5], "texture": "#0"},
				"up": {"uv": [0, 0, 0.5, 0.5], "texture": "#0"},
				"down": {"uv": [0, 0, 0.5, 0.5], "texture": "#0"}
			}
		},
		{
			"name": "hexadecagon",
			"from": [-0.59674, 13, 7],
			"to": [0.59674, 14, 8],
			"rotation": {"angle": 45, "axis": "z", "origin": [0, 16, 7.5]},
			"faces": {
				"north": {"uv": [0, 0, 0.5, 0.5], "texture": "#0"},
				"east": {"uv": [0, 0, 0.5, 0.5], "texture": "#0"},
				"south": {"uv": [0, 0, 0.5, 0.5], "texture": "#0"},
				"west": {"uv": [0, 0, 0.5, 0.5], "texture": "#0"},
				"up": {"uv": [0, 0, 0.5, 0.5], "texture": "#0"},
				"down": {"uv": [0, 0, 0.5, 0.5], "texture": "#0"}
			}
		},
		{
			"name": "hexadecagon",
			"from": [-0.59674, 18, 7],
			"to": [0.59674, 19, 8],
			"rotation": {"angle": -45, "axis": "z", "origin": [0, 16, 7.5]},
			"faces": {
				"north": {"uv": [0, 0, 0.5, 0.5], "texture": "#0"},
				"east": {"uv": [0, 0, 0.5, 0.5], "texture": "#0"},
				"south": {"uv": [0, 0, 0.5, 0.5], "texture": "#0"},
				"west": {"uv": [0, 0, 0.5, 0.5], "texture": "#0"},
				"up": {"uv": [0, 0, 0.5, 0.5], "texture": "#0"},
				"down": {"uv": [0, 0, 0.5, 0.5], "texture": "#0"}
			}
		},
		{
			"name": "hexadecagon",
			"from": [-0.59674, 18, 7],
			"to": [0.59674, 19, 8],
			"rotation": {"angle": -22.5, "axis": "z", "origin": [0, 16, 7.5]},
			"faces": {
				"north": {"uv": [0, 0, 0.5, 0.5], "texture": "#0"},
				"east": {"uv": [0, 0, 0.5, 0.5], "texture": "#0"},
				"south": {"uv": [0, 0, 0.5, 0.5], "texture": "#0"},
				"west": {"uv": [0, 0, 0.5, 0.5], "texture": "#0"},
				"up": {"uv": [0, 0, 0.5, 0.5], "texture": "#0"},
				"down": {"uv": [0, 0, 0.5, 0.5], "texture": "#0"}
			}
		},
		{
			"name": "hexadecagon",
			"from": [-0.59674, 18, 7],
			"to": [0.59674, 19, 8],
			"rotation": {"angle": 0, "axis": "z", "origin": [0, 16, 7.5]},
			"faces": {
				"north": {"uv": [0, 0, 0.5, 0.5], "texture": "#0"},
				"east": {"uv": [0, 0, 0.5, 0.5], "texture": "#0"},
				"south": {"uv": [0, 0, 0.5, 0.5], "texture": "#0"},
				"west": {"uv": [0, 0, 0.5, 0.5], "texture": "#0"},
				"up": {"uv": [0, 0, 0.5, 0.5], "texture": "#0"},
				"down": {"uv": [0, 0, 0.5, 0.5], "texture": "#0"}
			}
		},
		{
			"name": "hexadecagon",
			"from": [-0.59674, 18, 7],
			"to": [0.59674, 19, 8],
			"rotation": {"angle": 22.5, "axis": "z", "origin": [0, 16, 7.5]},
			"faces": {
				"north": {"uv": [0, 0, 0.5, 0.5], "texture": "#0"},
				"east": {"uv": [0, 0, 0.5, 0.5], "texture": "#0"},
				"south": {"uv": [0, 0, 0.5, 0.5], "texture": "#0"},
				"west": {"uv": [0, 0, 0.5, 0.5], "texture": "#0"},
				"up": {"uv": [0, 0, 0.5, 0.5], "texture": "#0"},
				"down": {"uv": [0, 0, 0.5, 0.5], "texture": "#0"}
			}
		},
		{
			"name": "hexadecagon",
			"from": [-0.59674, 18, 7],
			"to": [0.59674, 19, 8],
			"rotation": {"angle": 45, "axis": "z", "origin": [0, 16, 7.5]},
			"faces": {
				"north": {"uv": [0, 0, 0.5, 0.5], "texture": "#0"},
				"east": {"uv": [0, 0, 0.5, 0.5], "texture": "#0"},
				"south": {"uv": [0, 0, 0.5, 0.5], "texture": "#0"},
				"west": {"uv": [0, 0, 0.5, 0.5], "texture": "#0"},
				"up": {"uv": [0, 0, 0.5, 0.5], "texture": "#0"},
				"down": {"uv": [0, 0, 0.5, 0.5], "texture": "#0"}
			}
		},
		{
			"name": "hexadecagon",
			"from": [-3, 15.40326, 7],
			"to": [-2, 16.59674, 8],
			"rotation": {"angle": -22.5, "axis": "z", "origin": [0, 16, 7.5]},
			"faces": {
				"north": {"uv": [0, 0, 0.5, 0.5], "texture": "#0"},
				"east": {"uv": [0, 0, 0.5, 0.5], "texture": "#0"},
				"south": {"uv": [0, 0, 0.5, 0.5], "texture": "#0"},
				"west": {"uv": [0, 0, 0.5, 0.5], "texture": "#0"},
				"up": {"uv": [0, 0, 0.5, 0.5], "texture": "#0"},
				"down": {"uv": [0, 0, 0.5, 0.5], "texture": "#0"}
			}
		},
		{
			"name": "hexadecagon",
			"from": [-3, 15.40326, 7],
			"to": [-2, 16.59674, 8],
			"rotation": {"angle": 0, "axis": "z", "origin": [0, 16, 7.5]},
			"faces": {
				"north": {"uv": [0, 0, 0.5, 0.5], "texture": "#0"},
				"east": {"uv": [0, 0, 0.5, 0.5], "texture": "#0"},
				"south": {"uv": [0, 0, 0.5, 0.5], "texture": "#0"},
				"west": {"uv": [0, 0, 0.5, 0.5], "texture": "#0"},
				"up": {"uv": [0, 0, 0.5, 0.5], "texture": "#0"},
				"down": {"uv": [0, 0, 0.5, 0.5], "texture": "#0"}
			}
		},
		{
			"name": "hexadecagon",
			"from": [-3, 15.40326, 7],
			"to": [-2, 16.59674, 8],
			"rotation": {"angle": 22.5, "axis": "z", "origin": [0, 16, 7.5]},
			"faces": {
				"north": {"uv": [0, 0, 0.5, 0.5], "texture": "#0"},
				"east": {"uv": [0, 0, 0.5, 0.5], "texture": "#0"},
				"south": {"uv": [0, 0, 0.5, 0.5], "texture": "#0"},
				"west": {"uv": [0, 0, 0.5, 0.5], "texture": "#0"},
				"up": {"uv": [0, 0, 0.5, 0.5], "texture": "#0"},
				"down": {"uv": [0, 0, 0.5, 0.5], "texture": "#0"}
			}
		},
		{
			"name": "hexadecagon",
			"from": [2, 15.40326, 7],
			"to": [3, 16.59674, 8],
			"rotation": {"angle": -22.5, "axis": "z", "origin": [0, 16, 7.5]},
			"faces": {
				"north": {"uv": [0, 0, 0.5, 0.5], "texture": "#0"},
				"east": {"uv": [0, 0, 0.5, 0.5], "texture": "#0"},
				"south": {"uv": [0, 0, 0.5, 0.5], "texture": "#0"},
				"west": {"uv": [0, 0, 0.5, 0.5], "texture": "#0"},
				"up": {"uv": [0, 0, 0.5, 0.5], "texture": "#0"},
				"down": {"uv": [0, 0, 0.5, 0.5], "texture": "#0"}
			}
		},
		{
			"name": "hexadecagon",
			"from": [2, 15.40326, 7],
			"to": [3, 16.59674, 8],
			"rotation": {"angle": 0, "axis": "z", "origin": [0, 16, 7.5]},
			"faces": {
				"north": {"uv": [0, 0, 0.5, 0.5], "texture": "#0"},
				"east": {"uv": [0, 0, 0.5, 0.5], "texture": "#0"},
				"south": {"uv": [0, 0, 0.5, 0.5], "texture": "#0"},
				"west": {"uv": [0, 0, 0.5, 0.5], "texture": "#0"},
				"up": {"uv": [0, 0, 0.5, 0.5], "texture": "#0"},
				"down": {"uv": [0, 0, 0.5, 0.5], "texture": "#0"}
			}
		},
		{
			"name": "hexadecagon",
			"from": [2, 15.40326, 7],
			"to": [3, 16.59674, 8],
			"rotation": {"angle": 22.5, "axis": "z", "origin": [0, 16, 7.5]},
			"faces": {
				"north": {"uv": [0, 0, 0.5, 0.5], "texture": "#0"},
				"east": {"uv": [0, 0, 0.5, 0.5], "texture": "#0"},
				"south": {"uv": [0, 0, 0.5, 0.5], "texture": "#0"},
				"west": {"uv": [0, 0, 0.5, 0.5], "texture": "#0"},
				"up": {"uv": [0, 0, 0.5, 0.5], "texture": "#0"},
				"down": {"uv": [0, 0, 0.5, 0.5], "texture": "#0"}
			}
		},
		{
			"name": "hexadecagon",
			"from": [-0.79565, 12, 7.5],
			"to": [0.79565, 20, 8.5],
			"rotation": {"angle": 45, "axis": "z", "origin": [0, 16, 8]},
			"faces": {
				"north": {"uv": [0.5, 0, 0, 0.5], "texture": "#1"},
				"east": {"uv": [0.5, 0, 0, 0.5], "texture": "#1"},
				"south": {"uv": [0.5, 0, 0, 0.5], "texture": "#1"},
				"west": {"uv": [0.5, 0, 0, 0.5], "texture": "#1"},
				"up": {"uv": [0.5, 0, 0, 0.5], "texture": "#1"},
				"down": {"uv": [0.5, 0, 0, 0.5], "texture": "#1"}
			}
		},
		{
			"name": "hexadecagon",
			"from": [-0.79565, 12, 7.5],
			"to": [0.79565, 20, 8.5],
			"rotation": {"angle": 22.5, "axis": "z", "origin": [0, 16, 8]},
			"faces": {
				"north": {"uv": [0.5, 0, 0, 0.5], "texture": "#1"},
				"east": {"uv": [0.5, 0, 0, 0.5], "texture": "#1"},
				"south": {"uv": [0.5, 0, 0, 0.5], "texture": "#1"},
				"west": {"uv": [0.5, 0, 0, 0.5], "texture": "#1"},
				"up": {"uv": [0.5, 0, 0, 0.5], "texture": "#1"},
				"down": {"uv": [0.5, 0, 0, 0.5], "texture": "#1"}
			}
		},
		{
			"name": "hexadecagon",
			"from": [-0.79565, 12, 7.5],
			"to": [0.79565, 20, 8.5],
			"rotation": {"angle": 0, "axis": "z", "origin": [0, 16, 8]},
			"faces": {
				"north": {"uv": [0.5, 0, 0, 0.5], "texture": "#1"},
				"east": {"uv": [0.5, 0, 0, 0.5], "texture": "#1"},
				"south": {"uv": [0.5, 0, 0, 0.5], "texture": "#1"},
				"west": {"uv": [0.5, 0, 0, 0.5], "texture": "#1"},
				"up": {"uv": [0.5, 0, 0, 0.5], "texture": "#1"},
				"down": {"uv": [0.5, 0, 0, 0.5], "texture": "#1"}
			}
		},
		{
			"name": "hexadecagon",
			"from": [-0.79565, 12, 7.5],
			"to": [0.79565, 20, 8.5],
			"rotation": {"angle": -22.5, "axis": "z", "origin": [0, 16, 8]},
			"faces": {
				"north": {"uv": [0.5, 0, 0, 0.5], "texture": "#1"},
				"east": {"uv": [0.5, 0, 0, 0.5], "texture": "#1"},
				"south": {"uv": [0.5, 0, 0, 0.5], "texture": "#1"},
				"west": {"uv": [0.5, 0, 0, 0.5], "texture": "#1"},
				"up": {"uv": [0.5, 0, 0, 0.5], "texture": "#1"},
				"down": {"uv": [0.5, 0, 0, 0.5], "texture": "#1"}
			}
		},
		{
			"name": "hexadecagon",
			"from": [-0.79565, 12, 7.5],
			"to": [0.79565, 20, 8.5],
			"rotation": {"angle": -45, "axis": "z", "origin": [0, 16, 8]},
			"faces": {
				"north": {"uv": [0.5, 0, 0, 0.5], "texture": "#1"},
				"east": {"uv": [0.5, 0, 0, 0.5], "texture": "#1"},
				"south": {"uv": [0.5, 0, 0, 0.5], "texture": "#1"},
				"west": {"uv": [0.5, 0, 0, 0.5], "texture": "#1"},
				"up": {"uv": [0.5, 0, 0, 0.5], "texture": "#1"},
				"down": {"uv": [0.5, 0, 0, 0.5], "texture": "#1"}
			}
		},
		{
			"name": "hexadecagon",
			"from": [-4, 15.20435, 7.5],
			"to": [4, 16.79565, 8.5],
			"rotation": {"angle": 22.5, "axis": "z", "origin": [0, 16, 8]},
			"faces": {
				"north": {"uv": [0.5, 0, 0, 0.5], "texture": "#1"},
				"east": {"uv": [0.5, 0, 0, 0.5], "texture": "#1"},
				"south": {"uv": [0.5, 0, 0, 0.5], "texture": "#1"},
				"west": {"uv": [0.5, 0, 0, 0.5], "texture": "#1"},
				"up": {"uv": [0.5, 0, 0, 0.5], "texture": "#1"},
				"down": {"uv": [0.5, 0, 0, 0.5], "texture": "#1"}
			}
		},
		{
			"name": "hexadecagon",
			"from": [-4, 15.20435, 7.5],
			"to": [4, 16.79565, 8.5],
			"rotation": {"angle": 0, "axis": "z", "origin": [0, 16, 8]},
			"faces": {
				"north": {"uv": [0.5, 0, 0, 0.5], "texture": "#1"},
				"east": {"uv": [0.5, 0, 0, 0.5], "texture": "#1"},
				"south": {"uv": [0.5, 0, 0, 0.5], "texture": "#1"},
				"west": {"uv": [0.5, 0, 0, 0.5], "texture": "#1"},
				"up": {"uv": [0.5, 0, 0, 0.5], "texture": "#1"},
				"down": {"uv": [0.5, 0, 0, 0.5], "texture": "#1"}
			}
		},
		{
			"name": "hexadecagon",
			"from": [-4, 15.20435, 7.5],
			"to": [4, 16.79565, 8.5],
			"rotation": {"angle": -22.5, "axis": "z", "origin": [0, 16, 8]},
			"faces": {
				"north": {"uv": [0.5, 0, 0, 0.5], "texture": "#1"},
				"east": {"uv": [0.5, 0, 0, 0.5], "texture": "#1"},
				"south": {"uv": [0.5, 0, 0, 0.5], "texture": "#1"},
				"west": {"uv": [0.5, 0, 0, 0.5], "texture": "#1"},
				"up": {"uv": [0.5, 0, 0, 0.5], "texture": "#1"},
				"down": {"uv": [0.5, 0, 0, 0.5], "texture": "#1"}
			}
		},
		{
			"name": "hexadecagon",
			"from": [15.20435, 12, 7.5],
			"to": [16.79565, 20, 8.5],
			"rotation": {"angle": -45, "axis": "z", "origin": [16, 16, 8]},
			"faces": {
				"north": {"uv": [0, 0, 0.5, 0.5], "texture": "#1"},
				"east": {"uv": [0, 0, 0.5, 0.5], "texture": "#1"},
				"south": {"uv": [0, 0, 0.5, 0.5], "texture": "#1"},
				"west": {"uv": [0, 0, 0.5, 0.5], "texture": "#1"},
				"up": {"uv": [0, 0, 0.5, 0.5], "texture": "#1"},
				"down": {"uv": [0, 0, 0.5, 0.5], "texture": "#1"}
			}
		},
		{
			"name": "hexadecagon",
			"from": [15.20435, 12, 7.5],
			"to": [16.79565, 20, 8.5],
			"rotation": {"angle": -22.5, "axis": "z", "origin": [16, 16, 8]},
			"faces": {
				"north": {"uv": [0, 0, 0.5, 0.5], "texture": "#1"},
				"east": {"uv": [0, 0, 0.5, 0.5], "texture": "#1"},
				"south": {"uv": [0, 0, 0.5, 0.5], "texture": "#1"},
				"west": {"uv": [0, 0, 0.5, 0.5], "texture": "#1"},
				"up": {"uv": [0, 0, 0.5, 0.5], "texture": "#1"},
				"down": {"uv": [0, 0, 0.5, 0.5], "texture": "#1"}
			}
		},
		{
			"name": "hexadecagon",
			"from": [15.20435, 12, 7.5],
			"to": [16.79565, 20, 8.5],
			"rotation": {"angle": 0, "axis": "z", "origin": [16, 16, 8]},
			"faces": {
				"north": {"uv": [0, 0, 0.5, 0.5], "texture": "#1"},
				"east": {"uv": [0, 0, 0.5, 0.5], "texture": "#1"},
				"south": {"uv": [0, 0, 0.5, 0.5], "texture": "#1"},
				"west": {"uv": [0, 0, 0.5, 0.5], "texture": "#1"},
				"up": {"uv": [0, 0, 0.5, 0.5], "texture": "#1"},
				"down": {"uv": [0, 0, 0.5, 0.5], "texture": "#1"}
			}
		},
		{
			"name": "hexadecagon",
			"from": [15.20435, 12, 7.5],
			"to": [16.79565, 20, 8.5],
			"rotation": {"angle": 22.5, "axis": "z", "origin": [16, 16, 8]},
			"faces": {
				"north": {"uv": [0, 0, 0.5, 0.5], "texture": "#1"},
				"east": {"uv": [0, 0, 0.5, 0.5], "texture": "#1"},
				"south": {"uv": [0, 0, 0.5, 0.5], "texture": "#1"},
				"west": {"uv": [0, 0, 0.5, 0.5], "texture": "#1"},
				"up": {"uv": [0, 0, 0.5, 0.5], "texture": "#1"},
				"down": {"uv": [0, 0, 0.5, 0.5], "texture": "#1"}
			}
		},
		{
			"name": "hexadecagon",
			"from": [15.20435, 12, 7.5],
			"to": [16.79565, 20, 8.5],
			"rotation": {"angle": 45, "axis": "z", "origin": [16, 16, 8]},
			"faces": {
				"north": {"uv": [0, 0, 0.5, 0.5], "texture": "#1"},
				"east": {"uv": [0, 0, 0.5, 0.5], "texture": "#1"},
				"south": {"uv": [0, 0, 0.5, 0.5], "texture": "#1"},
				"west": {"uv": [0, 0, 0.5, 0.5], "texture": "#1"},
				"up": {"uv": [0, 0, 0.5, 0.5], "texture": "#1"},
				"down": {"uv": [0, 0, 0.5, 0.5], "texture": "#1"}
			}
		},
		{
			"name": "hexadecagon",
			"from": [12, 15.20435, 7.5],
			"to": [20, 16.79565, 8.5],
			"rotation": {"angle": -22.5, "axis": "z", "origin": [16, 16, 8]},
			"faces": {
				"north": {"uv": [0, 0, 0.5, 0.5], "texture": "#1"},
				"east": {"uv": [0, 0, 0.5, 0.5], "texture": "#1"},
				"south": {"uv": [0, 0, 0.5, 0.5], "texture": "#1"},
				"west": {"uv": [0, 0, 0.5, 0.5], "texture": "#1"},
				"up": {"uv": [0, 0, 0.5, 0.5], "texture": "#1"},
				"down": {"uv": [0, 0, 0.5, 0.5], "texture": "#1"}
			}
		},
		{
			"name": "hexadecagon",
			"from": [12, 15.20435, 7.5],
			"to": [20, 16.79565, 8.5],
			"rotation": {"angle": 0, "axis": "z", "origin": [16, 16, 8]},
			"faces": {
				"north": {"uv": [0, 0, 0.5, 0.5], "texture": "#1"},
				"east": {"uv": [0, 0, 0.5, 0.5], "texture": "#1"},
				"south": {"uv": [0, 0, 0.5, 0.5], "texture": "#1"},
				"west": {"uv": [0, 0, 0.5, 0.5], "texture": "#1"},
				"up": {"uv": [0, 0, 0.5, 0.5], "texture": "#1"},
				"down": {"uv": [0, 0, 0.5, 0.5], "texture": "#1"}
			}
		},
		{
			"name": "hexadecagon",
			"from": [12, 15.20435, 7.5],
			"to": [20, 16.79565, 8.5],
			"rotation": {"angle": 22.5, "axis": "z", "origin": [16, 16, 8]},
			"faces": {
				"north": {"uv": [0, 0, 0.5, 0.5], "texture": "#1"},
				"east": {"uv": [0, 0, 0.5, 0.5], "texture": "#1"},
				"south": {"uv": [0, 0, 0.5, 0.5], "texture": "#1"},
				"west": {"uv": [0, 0, 0.5, 0.5], "texture": "#1"},
				"up": {"uv": [0, 0, 0.5, 0.5], "texture": "#1"},
				"down": {"uv": [0, 0, 0.5, 0.5], "texture": "#1"}
			}
		}
	],
	"groups": [
		{
			"name": "hexadecagon",
			"origin": [8, 8, 8],
			"children": [0, 1, 2, 3, 4, 5, 6, 7]
		},
		{
			"name": "hexadecagon",
			"origin": [8, 8, 8],
			"children": [8, 9, 10, 11, 12, 13, 14, 15, 16, 17, 18, 19, 20, 21, 22, 23]
		},
		{
			"name": "hexadecagon",
			"origin": [8, 8, 8],
			"children": [24, 25, 26, 27, 28, 29, 30, 31, 32, 33, 34, 35, 36, 37, 38, 39]
		},
		{
			"name": "hexadecagon",
			"origin": [8, 8, 8],
			"children": [40, 41, 42, 43, 44, 45, 46, 47, 48, 49, 50, 51, 52, 53, 54, 55]
		},
		{
			"name": "hexadecagon",
			"origin": [8, 8, 8],
			"children": [56, 57, 58, 59, 60, 61, 62, 63]
		},
		{
			"name": "hexadecagon",
			"origin": [8, 8, 8],
			"children": [64, 65, 66, 67, 68, 69, 70, 71]
		}
	]
}