{
	"credit": "Made by _Kastle. Message Kastle#4801 on Discord for inquiries. If you recieved this model from someone other than myself without context, it was probably stolen.",
	"textures": {
		"1": "block/white_stained_glass",
		"2": "block/quartz_block_bottom",
		"3": "block/green_concrete"
	},
	"elements": [
		{
			"name": "hexadecagon",
			"from": [7.20435, -15.5, 4],
			"to": [8.79565, -13.5, 12],
			"rotation": {"angle": -45, "axis": "y", "origin": [8, -15, 8]},
			"faces": {
				"north": {"uv": [0.016, 0.016, 0.984, 0.984], "texture": "#3"},
				"south": {"uv": [0.016, 0.016, 0.984, 0.984], "texture": "#3"},
				"up": {"uv": [0.016, 0.016, 0.984, 0.984], "texture": "#3"},
				"down": {"uv": [0.016, 0.016, 0.984, 0.984], "texture": "#3"}
			}
		},
		{
			"name": "hexadecagon",
			"from": [7.20435, -15.5, 4],
			"to": [8.79565, -13.5, 12],
			"rotation": {"angle": -22.5, "axis": "y", "origin": [8, -15, 8]},
			"faces": {
				"north": {"uv": [0.016, 0.016, 0.984, 0.984], "texture": "#3"},
				"south": {"uv": [0.016, 0.016, 0.984, 0.984], "texture": "#3"},
				"up": {"uv": [0.016, 0.016, 0.984, 0.984], "texture": "#3"},
				"down": {"uv": [0.016, 0.016, 0.984, 0.984], "texture": "#3"}
			}
		},
		{
			"name": "hexadecagon",
			"from": [7.20435, -15.5, 4],
			"to": [8.79565, -13.5, 12],
			"faces": {
				"north": {"uv": [0.016, 0.016, 0.984, 0.984], "texture": "#3"},
				"south": {"uv": [0.016, 0.016, 0.984, 0.984], "texture": "#3"},
				"up": {"uv": [0.016, 0.016, 0.984, 0.984], "texture": "#3"},
				"down": {"uv": [0.016, 0.016, 0.984, 0.984], "texture": "#3"}
			}
		},
		{
			"name": "hexadecagon",
			"from": [7.20435, -15.5, 4],
			"to": [8.79565, -13.5, 12],
			"rotation": {"angle": 22.5, "axis": "y", "origin": [8, -15, 8]},
			"faces": {
				"north": {"uv": [0.016, 0.016, 0.984, 0.984], "texture": "#3"},
				"south": {"uv": [0.016, 0.016, 0.984, 0.984], "texture": "#3"},
				"up": {"uv": [0.016, 0.016, 0.984, 0.984], "texture": "#3"},
				"down": {"uv": [0.016, 0.016, 0.984, 0.984], "texture": "#3"}
			}
		},
		{
			"name": "hexadecagon",
			"from": [7.20435, -15.5, 4],
			"to": [8.79565, -13.5, 12],
			"rotation": {"angle": 45, "axis": "y", "origin": [8, -15, 8]},
			"faces": {
				"north": {"uv": [0.016, 0.016, 0.984, 0.984], "texture": "#3"},
				"south": {"uv": [0.016, 0.016, 0.984, 0.984], "texture": "#3"},
				"up": {"uv": [0.016, 0.016, 0.984, 0.984], "texture": "#3"},
				"down": {"uv": [0.016, 0.016, 0.984, 0.984], "texture": "#3"}
			}
		},
		{
			"name": "hexadecagon",
			"from": [4, -15.5, 7.20435],
			"to": [12, -13.5, 8.79565],
			"rotation": {"angle": -22.5, "axis": "y", "origin": [8, -15, 8]},
			"faces": {
				"east": {"uv": [0.016, 0.016, 0.984, 0.984], "texture": "#3"},
				"west": {"uv": [0.016, 0.016, 0.984, 0.984], "texture": "#3"},
				"up": {"uv": [0.016, 0.016, 0.984, 0.984], "texture": "#3"},
				"down": {"uv": [0.016, 0.016, 0.984, 0.984], "texture": "#3"}
			}
		},
		{
			"name": "hexadecagon",
			"from": [4, -15.5, 7.20435],
			"to": [12, -13.5, 8.79565],
			"faces": {
				"east": {"uv": [0.016, 0.016, 0.984, 0.984], "texture": "#3"},
				"west": {"uv": [0.016, 0.016, 0.984, 0.984], "texture": "#3"},
				"up": {"uv": [0.016, 0.016, 0.984, 0.984], "texture": "#3"},
				"down": {"uv": [0.016, 0.016, 0.984, 0.984], "texture": "#3"}
			}
		},
		{
			"name": "hexadecagon",
			"from": [4, -15.5, 7.20435],
			"to": [12, -13.5, 8.79565],
			"rotation": {"angle": 22.5, "axis": "y", "origin": [8, -15, 8]},
			"faces": {
				"east": {"uv": [0.016, 0.016, 0.984, 0.984], "texture": "#3"},
				"west": {"uv": [0.016, 0.016, 0.984, 0.984], "texture": "#3"},
				"up": {"uv": [0.016, 0.016, 0.984, 0.984], "texture": "#3"},
				"down": {"uv": [0.016, 0.016, 0.984, 0.984], "texture": "#3"}
			}
		},
		{
			"name": "hexadecagon",
			"from": [7.30381, -13.5, 4.5],
			"to": [8.69619, -12.5, 11.5],
			"rotation": {"angle": -45, "axis": "y", "origin": [8, -12, 8]},
			"faces": {
				"north": {"uv": [0.016, 0.016, 0.984, 0.984], "texture": "#3"},
				"south": {"uv": [0.016, 0.016, 0.984, 0.984], "texture": "#3"},
				"up": {"uv": [0.016, 0.016, 0.984, 0.984], "texture": "#3"}
			}
		},
		{
			"name": "hexadecagon",
			"from": [7.30381, -13.5, 4.5],
			"to": [8.69619, -12.5, 11.5],
			"rotation": {"angle": -22.5, "axis": "y", "origin": [8, -12, 8]},
			"faces": {
				"north": {"uv": [0.016, 0.016, 0.984, 0.984], "texture": "#3"},
				"south": {"uv": [0.016, 0.016, 0.984, 0.984], "texture": "#3"},
				"up": {"uv": [0.016, 0.016, 0.984, 0.984], "texture": "#3"}
			}
		},
		{
			"name": "hexadecagon",
			"from": [7.30381, -13.5, 4.5],
			"to": [8.69619, -12.5, 11.5],
			"faces": {
				"north": {"uv": [0.016, 0.016, 0.984, 0.984], "texture": "#3"},
				"south": {"uv": [0.016, 0.016, 0.984, 0.984], "texture": "#3"}
			}
		},
		{
			"name": "hexadecagon",
			"from": [7.30381, -13.5, 4.5],
			"to": [8.69619, -12.5, 11.5],
			"rotation": {"angle": 22.5, "axis": "y", "origin": [8, -12, 8]},
			"faces": {
				"north": {"uv": [0.016, 0.016, 0.984, 0.984], "texture": "#3"},
				"south": {"uv": [0.016, 0.016, 0.984, 0.984], "texture": "#3"},
				"up": {"uv": [0.016, 0.016, 0.984, 0.984], "texture": "#3"}
			}
		},
		{
			"name": "hexadecagon",
			"from": [7.30381, -13.5, 4.5],
			"to": [8.69619, -12.5, 11.5],
			"rotation": {"angle": 45, "axis": "y", "origin": [8, -12, 8]},
			"faces": {
				"north": {"uv": [0.016, 0.016, 0.984, 0.984], "texture": "#3"},
				"south": {"uv": [0.016, 0.016, 0.984, 0.984], "texture": "#3"}
			}
		},
		{
			"name": "hexadecagon",
			"from": [4.5, -13.5, 7.30381],
			"to": [11.5, -12.5, 8.69619],
			"rotation": {"angle": -22.5, "axis": "y", "origin": [8, -12, 8]},
			"faces": {
				"east": {"uv": [0.016, 0.016, 0.984, 0.984], "texture": "#3"},
				"west": {"uv": [0.016, 0.016, 0.984, 0.984], "texture": "#3"},
				"up": {"uv": [0.016, 0.016, 0.984, 0.984], "texture": "#3"}
			}
		},
		{
			"name": "hexadecagon",
			"from": [4.5, -13.5, 7.30381],
			"to": [11.5, -12.5, 8.69619],
			"faces": {
				"east": {"uv": [0.016, 0.016, 0.984, 0.984], "texture": "#3"},
				"west": {"uv": [0.016, 0.016, 0.984, 0.984], "texture": "#3"}
			}
		},
		{
			"name": "hexadecagon",
			"from": [4.5, -13.5, 7.30381],
			"to": [11.5, -12.5, 8.69619],
			"rotation": {"angle": 22.5, "axis": "y", "origin": [8, -12, 8]},
			"faces": {
				"east": {"uv": [0.016, 0.016, 0.984, 0.984], "texture": "#3"},
				"west": {"uv": [0.016, 0.016, 0.984, 0.984], "texture": "#3"},
				"up": {"uv": [0.016, 0.016, 0.984, 0.984], "texture": "#3"}
			}
		},
		{
			"name": "octagon",
			"from": [6.4467, -12.5, 4.25],
			"to": [9.5533, -10.5, 11.75],
			"rotation": {"angle": 45, "axis": "y", "origin": [8, -11, 8]},
			"faces": {
				"north": {"uv": [0.016, 0.016, 0.984, 0.984], "texture": "#3"},
				"south": {"uv": [0.016, 0.016, 0.984, 0.984], "texture": "#3"},
				"up": {"uv": [0.016, 0.016, 0.984, 0.984], "texture": "#3"},
				"down": {"uv": [0.016, 0.016, 0.984, 0.984], "texture": "#3"}
			}
		},
		{
			"name": "octagon",
			"from": [6.4467, -12.5, 4.25],
			"to": [9.5533, -10.5, 11.75],
			"faces": {
				"north": {"uv": [0.016, 0.016, 0.984, 0.984], "texture": "#3"},
				"south": {"uv": [0.016, 0.016, 0.984, 0.984], "texture": "#3"},
				"up": {"uv": [0.016, 0.016, 0.984, 0.984], "texture": "#3"},
				"down": {"uv": [0.016, 0.016, 0.984, 0.984], "texture": "#3"}
			}
		},
		{
			"name": "octagon",
			"from": [4.25, -12.5, 6.4467],
			"to": [11.75, -10.5, 9.5533],
			"rotation": {"angle": 45, "axis": "y", "origin": [8, -11, 8]},
			"faces": {
				"east": {"uv": [0.016, 0.016, 0.984, 0.984], "texture": "#3"},
				"west": {"uv": [0.016, 0.016, 0.984, 0.984], "texture": "#3"},
				"up": {"uv": [0.016, 0.016, 0.984, 0.984], "texture": "#3"},
				"down": {"uv": [0.016, 0.016, 0.984, 0.984], "texture": "#3"}
			}
		},
		{
			"name": "octagon",
			"from": [4.25, -12.5, 6.4467],
			"to": [11.75, -10.5, 9.5533],
			"faces": {
				"east": {"uv": [0.016, 0.016, 0.984, 0.984], "texture": "#3"},
				"west": {"uv": [0.016, 0.016, 0.984, 0.984], "texture": "#3"},
				"up": {"uv": [0.016, 0.016, 0.984, 0.984], "texture": "#3"},
				"down": {"uv": [0.016, 0.016, 0.984, 0.984], "texture": "#3"}
			}
		},
		{
			"name": "hexadecagon",
			"from": [7.30381, -10.5, 4.5],
			"to": [8.69619, -8.5, 11.5],
			"rotation": {"angle": -45, "axis": "y", "origin": [8, -8, 8]},
			"faces": {
				"north": {"uv": [0.016, 0.016, 0.984, 0.984], "texture": "#3"},
				"south": {"uv": [0.016, 0.016, 0.984, 0.984], "texture": "#3"},
				"up": {"uv": [0.016, 0.016, 0.984, 0.984], "texture": "#3"},
				"down": {"uv": [0.016, 0.016, 0.984, 0.984], "texture": "#3"}
			}
		},
		{
			"name": "hexadecagon",
			"from": [7.30381, -10.5, 4.5],
			"to": [8.69619, -8.5, 11.5],
			"rotation": {"angle": -22.5, "axis": "y", "origin": [8, -8, 8]},
			"faces": {
				"north": {"uv": [0.016, 0.016, 0.984, 0.984], "texture": "#3"},
				"south": {"uv": [0.016, 0.016, 0.984, 0.984], "texture": "#3"},
				"up": {"uv": [0.016, 0.016, 0.984, 0.984], "texture": "#3"},
				"down": {"uv": [0.016, 0.016, 0.984, 0.984], "texture": "#3"}
			}
		},
		{
			"name": "hexadecagon",
			"from": [7.30381, -10.5, 4.5],
			"to": [8.69619, -8.5, 11.5],
			"faces": {
				"north": {"uv": [0.016, 0.016, 0.984, 0.984], "texture": "#3"},
				"south": {"uv": [0.016, 0.016, 0.984, 0.984], "texture": "#3"},
				"up": {"uv": [0.016, 0.016, 0.984, 0.984], "texture": "#3"}
			}
		},
		{
			"name": "hexadecagon",
			"from": [7.30381, -10.5, 4.5],
			"to": [8.69619, -8.5, 11.5],
			"rotation": {"angle": 22.5, "axis": "y", "origin": [8, -8, 8]},
			"faces": {
				"north": {"uv": [0.016, 0.016, 0.984, 0.984], "texture": "#3"},
				"south": {"uv": [0.016, 0.016, 0.984, 0.984], "texture": "#3"},
				"up": {"uv": [0.016, 0.016, 0.984, 0.984], "texture": "#3"},
				"down": {"uv": [0.016, 0.016, 0.984, 0.984], "texture": "#3"}
			}
		},
		{
			"name": "hexadecagon",
			"from": [7.30381, -10.5, 4.5],
			"to": [8.69619, -8.5, 11.5],
			"rotation": {"angle": 45, "axis": "y", "origin": [8, -8, 8]},
			"faces": {
				"north": {"uv": [0.016, 0.016, 0.984, 0.984], "texture": "#3"},
				"south": {"uv": [0.016, 0.016, 0.984, 0.984], "texture": "#3"},
				"up": {"uv": [0.016, 0.016, 0.984, 0.984], "texture": "#3"}
			}
		},
		{
			"name": "hexadecagon",
			"from": [4.5, -10.5, 7.30381],
			"to": [11.5, -8.5, 8.69619],
			"rotation": {"angle": -22.5, "axis": "y", "origin": [8, -8, 8]},
			"faces": {
				"east": {"uv": [0.016, 0.016, 0.984, 0.984], "texture": "#3"},
				"west": {"uv": [0.016, 0.016, 0.984, 0.984], "texture": "#3"},
				"up": {"uv": [0.016, 0.016, 0.984, 0.984], "texture": "#3"},
				"down": {"uv": [0.016, 0.016, 0.984, 0.984], "texture": "#3"}
			}
		},
		{
			"name": "hexadecagon",
			"from": [4.5, -10.5, 7.30381],
			"to": [11.5, -8.5, 8.69619],
			"faces": {
				"east": {"uv": [0.016, 0.016, 0.984, 0.984], "texture": "#3"},
				"west": {"uv": [0.016, 0.016, 0.984, 0.984], "texture": "#3"},
				"up": {"uv": [0.016, 0.016, 0.984, 0.984], "texture": "#3"}
			}
		},
		{
			"name": "hexadecagon",
			"from": [4.5, -10.5, 7.30381],
			"to": [11.5, -8.5, 8.69619],
			"rotation": {"angle": 22.5, "axis": "y", "origin": [8, -8, 8]},
			"faces": {
				"east": {"uv": [0.016, 0.016, 0.984, 0.984], "texture": "#3"},
				"west": {"uv": [0.016, 0.016, 0.984, 0.984], "texture": "#3"},
				"up": {"uv": [0.016, 0.016, 0.984, 0.984], "texture": "#3"},
				"down": {"uv": [0.016, 0.016, 0.984, 0.984], "texture": "#3"}
			}
		},
		{
			"name": "octagon",
			"from": [6.65381, -8.5, 4.75],
			"to": [9.34619, -5.5, 11.25],
			"rotation": {"angle": 45, "axis": "y", "origin": [8, -3, 8]},
			"faces": {
				"north": {"uv": [0.016, 0.016, 0.984, 0.984], "texture": "#3"},
				"south": {"uv": [0.016, 0.016, 0.984, 0.984], "texture": "#3"},
				"up": {"uv": [0.016, 0.016, 0.984, 0.984], "texture": "#3"},
				"down": {"uv": [0.016, 0.016, 0.984, 0.984], "texture": "#3"}
			}
		},
		{
			"name": "octagon",
			"from": [6.65381, -8.5, 4.75],
			"to": [9.34619, -5.5, 11.25],
			"faces": {
				"north": {"uv": [0.016, 0.016, 0.984, 0.984], "texture": "#3"},
				"south": {"uv": [0.016, 0.016, 0.984, 0.984], "texture": "#3"},
				"up": {"uv": [0.016, 0.016, 0.984, 0.984], "texture": "#3"},
				"down": {"uv": [0.016, 0.016, 0.984, 0.984], "texture": "#3"}
			}
		},
		{
			"name": "octagon",
			"from": [4.75, -8.5, 6.65381],
			"to": [11.25, -5.5, 9.34619],
			"rotation": {"angle": 45, "axis": "y", "origin": [8, -3, 8]},
			"faces": {
				"east": {"uv": [0.016, 0.016, 0.984, 0.984], "texture": "#3"},
				"west": {"uv": [0.016, 0.016, 0.984, 0.984], "texture": "#3"},
				"up": {"uv": [0.016, 0.016, 0.984, 0.984], "texture": "#3"},
				"down": {"uv": [0.016, 0.016, 0.984, 0.984], "texture": "#3"}
			}
		},
		{
			"name": "octagon",
			"from": [4.75, -8.5, 6.65381],
			"to": [11.25, -5.5, 9.34619],
			"faces": {
				"east": {"uv": [0.016, 0.016, 0.984, 0.984], "texture": "#3"},
				"west": {"uv": [0.016, 0.016, 0.984, 0.984], "texture": "#3"},
				"up": {"uv": [0.016, 0.016, 0.984, 0.984], "texture": "#3"},
				"down": {"uv": [0.016, 0.016, 0.984, 0.984], "texture": "#3"}
			}
		},
		{
			"name": "hexadecagon",
			"from": [7.25408, -5.5, 4.25],
			"to": [8.74592, -4.5, 11.75],
			"rotation": {"angle": -45, "axis": "y", "origin": [8, 4, 8]},
			"faces": {
				"north": {"uv": [0.016, 0.016, 0.984, 0.984], "texture": "#3"},
				"south": {"uv": [0.016, 0.016, 0.984, 0.984], "texture": "#3"},
				"up": {"uv": [0.016, 0.016, 0.984, 0.984], "texture": "#3"},
				"down": {"uv": [0.016, 0.016, 0.984, 0.984], "texture": "#3"}
			}
		},
		{
			"name": "hexadecagon",
			"from": [7.25408, -5.5, 4.25],
			"to": [8.74592, -4.5, 11.75],
			"rotation": {"angle": -22.5, "axis": "y", "origin": [8, 4, 8]},
			"faces": {
				"north": {"uv": [0.016, 0.016, 0.984, 0.984], "texture": "#3"},
				"south": {"uv": [0.016, 0.016, 0.984, 0.984], "texture": "#3"},
				"up": {"uv": [0.016, 0.016, 0.984, 0.984], "texture": "#3"},
				"down": {"uv": [0.016, 0.016, 0.984, 0.984], "texture": "#3"}
			}
		},
		{
			"name": "hexadecagon",
			"from": [7.25408, -5.5, 4.25],
			"to": [8.74592, -4.5, 11.75],
			"faces": {
				"north": {"uv": [0.016, 0.016, 0.984, 0.984], "texture": "#3"},
				"south": {"uv": [0.016, 0.016, 0.984, 0.984], "texture": "#3"},
				"up": {"uv": [0.016, 0.016, 0.984, 0.984], "texture": "#3"},
				"down": {"uv": [0.016, 0.016, 0.984, 0.984], "texture": "#3"}
			}
		},
		{
			"name": "hexadecagon",
			"from": [7.25408, -5.5, 4.25],
			"to": [8.74592, -4.5, 11.75],
			"rotation": {"angle": 22.5, "axis": "y", "origin": [8, 4, 8]},
			"faces": {
				"north": {"uv": [0.016, 0.016, 0.984, 0.984], "texture": "#3"},
				"south": {"uv": [0.016, 0.016, 0.984, 0.984], "texture": "#3"},
				"up": {"uv": [0.016, 0.016, 0.984, 0.984], "texture": "#3"},
				"down": {"uv": [0.016, 0.016, 0.984, 0.984], "texture": "#3"}
			}
		},
		{
			"name": "hexadecagon",
			"from": [7.25408, -5.5, 4.25],
			"to": [8.74592, -4.5, 11.75],
			"rotation": {"angle": 45, "axis": "y", "origin": [8, 4, 8]},
			"faces": {
				"north": {"uv": [0.016, 0.016, 0.984, 0.984], "texture": "#3"},
				"south": {"uv": [0.016, 0.016, 0.984, 0.984], "texture": "#3"},
				"up": {"uv": [0.016, 0.016, 0.984, 0.984], "texture": "#3"},
				"down": {"uv": [0.016, 0.016, 0.984, 0.984], "texture": "#3"}
			}
		},
		{
			"name": "hexadecagon",
			"from": [4.25, -5.5, 7.25408],
			"to": [11.75, -4.5, 8.74592],
			"rotation": {"angle": -22.5, "axis": "y", "origin": [8, 4, 8]},
			"faces": {
				"east": {"uv": [0.016, 0.016, 0.984, 0.984], "texture": "#3"},
				"west": {"uv": [0.016, 0.016, 0.984, 0.984], "texture": "#3"},
				"up": {"uv": [0.016, 0.016, 0.984, 0.984], "texture": "#3"},
				"down": {"uv": [0.016, 0.016, 0.984, 0.984], "texture": "#3"}
			}
		},
		{
			"name": "hexadecagon",
			"from": [4.25, -5.5, 7.25408],
			"to": [11.75, -4.5, 8.74592],
			"faces": {
				"east": {"uv": [0.016, 0.016, 0.984, 0.984], "texture": "#3"},
				"west": {"uv": [0.016, 0.016, 0.984, 0.984], "texture": "#3"},
				"up": {"uv": [0.016, 0.016, 0.984, 0.984], "texture": "#3"},
				"down": {"uv": [0.016, 0.016, 0.984, 0.984], "texture": "#3"}
			}
		},
		{
			"name": "hexadecagon",
			"from": [4.25, -5.5, 7.25408],
			"to": [11.75, -4.5, 8.74592],
			"rotation": {"angle": 22.5, "axis": "y", "origin": [8, 4, 8]},
			"faces": {
				"east": {"uv": [0.016, 0.016, 0.984, 0.984], "texture": "#3"},
				"west": {"uv": [0.016, 0.016, 0.984, 0.984], "texture": "#3"},
				"up": {"uv": [0.016, 0.016, 0.984, 0.984], "texture": "#3"},
				"down": {"uv": [0.016, 0.016, 0.984, 0.984], "texture": "#3"}
			}
		},
		{
			"name": "hexadecagon",
			"from": [7.40326, -4.5, 5],
			"to": [8.59674, -2.5, 11],
			"rotation": {"angle": -45, "axis": "y", "origin": [8, 5, 8]},
			"faces": {
				"north": {"uv": [0.016, 0.016, 0.984, 0.984], "texture": "#3"},
				"south": {"uv": [0.016, 0.016, 0.984, 0.984], "texture": "#3"},
				"up": {"uv": [0.016, 0.016, 0.984, 0.984], "texture": "#3"}
			}
		},
		{
			"name": "hexadecagon",
			"from": [7.40326, -4.5, 5],
			"to": [8.59674, -2.5, 11],
			"rotation": {"angle": -22.5, "axis": "y", "origin": [8, 5, 8]},
			"faces": {
				"north": {"uv": [0.016, 0.016, 0.984, 0.984], "texture": "#3"},
				"south": {"uv": [0.016, 0.016, 0.984, 0.984], "texture": "#3"},
				"up": {"uv": [0.016, 0.016, 0.984, 0.984], "texture": "#3"}
			}
		},
		{
			"name": "hexadecagon",
			"from": [7.40326, -4.5, 5],
			"to": [8.59674, -2.5, 11],
			"faces": {
				"north": {"uv": [0.016, 0.016, 0.984, 0.984], "texture": "#3"},
				"south": {"uv": [0.016, 0.016, 0.984, 0.984], "texture": "#3"},
				"up": {"uv": [0.016, 0.016, 0.984, 0.984], "texture": "#3"}
			}
		},
		{
			"name": "hexadecagon",
			"from": [7.40326, -4.5, 5],
			"to": [8.59674, -2.5, 11],
			"rotation": {"angle": 22.5, "axis": "y", "origin": [8, 5, 8]},
			"faces": {
				"north": {"uv": [0.016, 0.016, 0.984, 0.984], "texture": "#3"},
				"south": {"uv": [0.016, 0.016, 0.984, 0.984], "texture": "#3"},
				"up": {"uv": [0.016, 0.016, 0.984, 0.984], "texture": "#3"}
			}
		},
		{
			"name": "hexadecagon",
			"from": [7.40326, -4.5, 5],
			"to": [8.59674, -2.5, 11],
			"rotation": {"angle": 45, "axis": "y", "origin": [8, 5, 8]},
			"faces": {
				"north": {"uv": [0.016, 0.016, 0.984, 0.984], "texture": "#3"},
				"south": {"uv": [0.016, 0.016, 0.984, 0.984], "texture": "#3"},
				"up": {"uv": [0.016, 0.016, 0.984, 0.984], "texture": "#3"}
			}
		},
		{
			"name": "hexadecagon",
			"from": [5, -4.5, 7.40326],
			"to": [11, -2.5, 8.59674],
			"rotation": {"angle": -22.5, "axis": "y", "origin": [8, 5, 8]},
			"faces": {
				"east": {"uv": [0.016, 0.016, 0.984, 0.984], "texture": "#3"},
				"west": {"uv": [0.016, 0.016, 0.984, 0.984], "texture": "#3"},
				"up": {"uv": [0.016, 0.016, 0.984, 0.984], "texture": "#3"}
			}
		},
		{
			"name": "hexadecagon",
			"from": [5, -4.5, 7.40326],
			"to": [11, -2.5, 8.59674],
			"faces": {
				"east": {"uv": [0.016, 0.016, 0.984, 0.984], "texture": "#3"},
				"west": {"uv": [0.016, 0.016, 0.984, 0.984], "texture": "#3"},
				"up": {"uv": [0.016, 0.016, 0.984, 0.984], "texture": "#3"}
			}
		},
		{
			"name": "hexadecagon",
			"from": [5, -4.5, 7.40326],
			"to": [11, -2.5, 8.59674],
			"rotation": {"angle": 22.5, "axis": "y", "origin": [8, 5, 8]},
			"faces": {
				"east": {"uv": [0.016, 0.016, 0.984, 0.984], "texture": "#3"},
				"west": {"uv": [0.016, 0.016, 0.984, 0.984], "texture": "#3"},
				"up": {"uv": [0.016, 0.016, 0.984, 0.984], "texture": "#3"}
			}
		},
		{
			"name": "octagon",
			"from": [6.96447, -2.5, 5.5],
			"to": [9.03553, -0.5, 10.5],
			"rotation": {"angle": 45, "axis": "y", "origin": [8, 9, 8]},
			"faces": {
				"north": {"uv": [0.016, 0.016, 0.984, 0.984], "texture": "#3"},
				"south": {"uv": [0.016, 0.016, 0.984, 0.984], "texture": "#3"},
				"up": {"uv": [0.016, 0.016, 0.984, 0.984], "texture": "#3"},
				"down": {"uv": [0.016, 0.016, 0.984, 0.984], "texture": "#3"}
			}
		},
		{
			"name": "octagon",
			"from": [6.96447, -2.5, 5.5],
			"to": [9.03553, -0.5, 10.5],
			"faces": {
				"north": {"uv": [0.016, 0.016, 0.984, 0.984], "texture": "#3"},
				"south": {"uv": [0.016, 0.016, 0.984, 0.984], "texture": "#3"},
				"up": {"uv": [0.016, 0.016, 0.984, 0.984], "texture": "#3"},
				"down": {"uv": [0.016, 0.016, 0.984, 0.984], "texture": "#3"}
			}
		},
		{
			"name": "octagon",
			"from": [5.5, -2.5, 6.96447],
			"to": [10.5, -0.5, 9.03553],
			"rotation": {"angle": 45, "axis": "y", "origin": [8, 9, 8]},
			"faces": {
				"east": {"uv": [0.016, 0.016, 0.984, 0.984], "texture": "#3"},
				"west": {"uv": [0.016, 0.016, 0.984, 0.984], "texture": "#3"},
				"up": {"uv": [0.016, 0.016, 0.984, 0.984], "texture": "#3"},
				"down": {"uv": [0.016, 0.016, 0.984, 0.984], "texture": "#3"}
			}
		},
		{
			"name": "octagon",
			"from": [5.5, -2.5, 6.96447],
			"to": [10.5, -0.5, 9.03553],
			"faces": {
				"east": {"uv": [0.016, 0.016, 0.984, 0.984], "texture": "#3"},
				"west": {"uv": [0.016, 0.016, 0.984, 0.984], "texture": "#3"},
				"up": {"uv": [0.016, 0.016, 0.984, 0.984], "texture": "#3"},
				"down": {"uv": [0.016, 0.016, 0.984, 0.984], "texture": "#3"}
			}
		},
		{
			"name": "hexadecagon",
			"from": [7.60218, -0.5, 6],
			"to": [8.39782, 1.5, 10],
			"rotation": {"angle": -45, "axis": "y", "origin": [8, 13, 8]},
			"faces": {
				"north": {"uv": [0.016, 0.016, 0.984, 0.984], "texture": "#3"},
				"south": {"uv": [0.016, 0.016, 0.984, 0.984], "texture": "#3"},
				"up": {"uv": [0.016, 0.016, 0.984, 0.984], "texture": "#3"},
				"down": {"uv": [0.016, 0.016, 0.984, 0.984], "texture": "#3"}
			}
		},
		{
			"name": "hexadecagon",
			"from": [7.60218, -0.5, 6],
			"to": [8.39782, 1.5, 10],
			"rotation": {"angle": -22.5, "axis": "y", "origin": [8, 13, 8]},
			"faces": {
				"north": {"uv": [0.016, 0.016, 0.984, 0.984], "texture": "#3"},
				"south": {"uv": [0.016, 0.016, 0.984, 0.984], "texture": "#3"},
				"up": {"uv": [0.016, 0.016, 0.984, 0.984], "texture": "#3"},
				"down": {"uv": [0.016, 0.016, 0.984, 0.984], "texture": "#3"}
			}
		},
		{
			"name": "hexadecagon",
			"from": [7.60218, -0.5, 6],
			"to": [8.39782, 1.5, 10],
			"faces": {
				"north": {"uv": [0.016, 0.016, 0.984, 0.984], "texture": "#3"},
				"south": {"uv": [0.016, 0.016, 0.984, 0.984], "texture": "#3"},
				"up": {"uv": [0.016, 0.016, 0.984, 0.984], "texture": "#3"}
			}
		},
		{
			"name": "hexadecagon",
			"from": [7.60218, -0.5, 6],
			"to": [8.39782, 1.5, 10],
			"rotation": {"angle": 22.5, "axis": "y", "origin": [8, 13, 8]},
			"faces": {
				"north": {"uv": [0.016, 0.016, 0.984, 0.984], "texture": "#3"},
				"south": {"uv": [0.016, 0.016, 0.984, 0.984], "texture": "#3"},
				"up": {"uv": [0.016, 0.016, 0.984, 0.984], "texture": "#3"},
				"down": {"uv": [0.016, 0.016, 0.984, 0.984], "texture": "#3"}
			}
		},
		{
			"name": "hexadecagon",
			"from": [7.60218, -0.5, 6],
			"to": [8.39782, 1.5, 10],
			"rotation": {"angle": 45, "axis": "y", "origin": [8, 13, 8]},
			"faces": {
				"north": {"uv": [0.016, 0.016, 0.984, 0.984], "texture": "#3"},
				"south": {"uv": [0.016, 0.016, 0.984, 0.984], "texture": "#3"},
				"up": {"uv": [0.016, 0.016, 0.984, 0.984], "texture": "#3"}
			}
		},
		{
			"name": "hexadecagon",
			"from": [6, -0.5, 7.60218],
			"to": [10, 1.5, 8.39782],
			"rotation": {"angle": -22.5, "axis": "y", "origin": [8, 13, 8]},
			"faces": {
				"east": {"uv": [0.016, 0.016, 0.984, 0.984], "texture": "#3"},
				"west": {"uv": [0.016, 0.016, 0.984, 0.984], "texture": "#3"},
				"up": {"uv": [0.016, 0.016, 0.984, 0.984], "texture": "#3"},
				"down": {"uv": [0.016, 0.016, 0.984, 0.984], "texture": "#3"}
			}
		},
		{
			"name": "hexadecagon",
			"from": [6, -0.5, 7.60218],
			"to": [10, 1.5, 8.39782],
			"faces": {
				"east": {"uv": [0.016, 0.016, 0.984, 0.984], "texture": "#3"},
				"west": {"uv": [0.016, 0.016, 0.984, 0.984], "texture": "#3"},
				"up": {"uv": [0.016, 0.016, 0.984, 0.984], "texture": "#3"}
			}
		},
		{
			"name": "hexadecagon",
			"from": [6, -0.5, 7.60218],
			"to": [10, 1.5, 8.39782],
			"rotation": {"angle": 22.5, "axis": "y", "origin": [8, 13, 8]},
			"faces": {
				"east": {"uv": [0.016, 0.016, 0.984, 0.984], "texture": "#3"},
				"west": {"uv": [0.016, 0.016, 0.984, 0.984], "texture": "#3"},
				"up": {"uv": [0.016, 0.016, 0.984, 0.984], "texture": "#3"},
				"down": {"uv": [0.016, 0.016, 0.984, 0.984], "texture": "#3"}
			}
		},
		{
			"name": "hexadecagon",
			"from": [7.60218, 18.5, 6],
			"to": [8.39782, 19.5, 10],
			"rotation": {"angle": -45, "axis": "y", "origin": [8, 19, 8]},
			"faces": {
				"north": {"uv": [0.016, 0.016, 0.984, 0.984], "texture": "#1"},
				"south": {"uv": [0.016, 0.016, 0.984, 0.984], "texture": "#1"},
				"up": {"uv": [0.016, 0.016, 0.984, 0.984], "texture": "#1"},
				"down": {"uv": [0.016, 0.016, 0.984, 0.984], "texture": "#1"}
			}
		},
		{
			"name": "hexadecagon",
			"from": [7.60218, 18.5, 6],
			"to": [8.39782, 19.5, 10],
			"rotation": {"angle": -22.5, "axis": "y", "origin": [8, 19, 8]},
			"faces": {
				"north": {"uv": [0.016, 0.016, 0.984, 0.984], "texture": "#1"},
				"south": {"uv": [0.016, 0.016, 0.984, 0.984], "texture": "#1"},
				"up": {"uv": [0.016, 0.016, 0.984, 0.984], "texture": "#1"},
				"down": {"uv": [0.016, 0.016, 0.984, 0.984], "texture": "#1"}
			}
		},
		{
			"name": "hexadecagon",
			"from": [7.60218, 18.5, 6],
			"to": [8.39782, 19.5, 10],
			"faces": {
				"north": {"uv": [0.016, 0.016, 0.984, 0.984], "texture": "#1"},
				"south": {"uv": [0.016, 0.016, 0.984, 0.984], "texture": "#1"},
				"up": {"uv": [0.016, 0.016, 0.984, 0.984], "texture": "#1"},
				"down": {"uv": [0.016, 0.016, 0.984, 0.984], "texture": "#1"}
			}
		},
		{
			"name": "hexadecagon",
			"from": [7.60218, 18.5, 6],
			"to": [8.39782, 19.5, 10],
			"rotation": {"angle": 22.5, "axis": "y", "origin": [8, 19, 8]},
			"faces": {
				"north": {"uv": [0.016, 0.016, 0.984, 0.984], "texture": "#1"},
				"south": {"uv": [0.016, 0.016, 0.984, 0.984], "texture": "#1"},
				"up": {"uv": [0.016, 0.016, 0.984, 0.984], "texture": "#1"},
				"down": {"uv": [0.016, 0.016, 0.984, 0.984], "texture": "#1"}
			}
		},
		{
			"name": "hexadecagon",
			"from": [7.60218, 18.5, 6],
			"to": [8.39782, 19.5, 10],
			"rotation": {"angle": 45, "axis": "y", "origin": [8, 19, 8]},
			"faces": {
				"north": {"uv": [0.016, 0.016, 0.984, 0.984], "texture": "#1"},
				"south": {"uv": [0.016, 0.016, 0.984, 0.984], "texture": "#1"},
				"up": {"uv": [0.016, 0.016, 0.984, 0.984], "texture": "#1"},
				"down": {"uv": [0.016, 0.016, 0.984, 0.984], "texture": "#1"}
			}
		},
		{
			"name": "hexadecagon",
			"from": [6, 18.5, 7.60218],
			"to": [10, 19.5, 8.39782],
			"rotation": {"angle": -22.5, "axis": "y", "origin": [8, 19, 8]},
			"faces": {
				"east": {"uv": [0.016, 0.016, 0.984, 0.984], "texture": "#1"},
				"west": {"uv": [0.016, 0.016, 0.984, 0.984], "texture": "#1"},
				"up": {"uv": [0.016, 0.016, 0.984, 0.984], "texture": "#1"},
				"down": {"uv": [0.016, 0.016, 0.984, 0.984], "texture": "#1"}
			}
		},
		{
			"name": "hexadecagon",
			"from": [6, 18.5, 7.60218],
			"to": [10, 19.5, 8.39782],
			"faces": {
				"east": {"uv": [0.016, 0.016, 0.984, 0.984], "texture": "#1"},
				"west": {"uv": [0.016, 0.016, 0.984, 0.984], "texture": "#1"},
				"up": {"uv": [0.016, 0.016, 0.984, 0.984], "texture": "#1"},
				"down": {"uv": [0.016, 0.016, 0.984, 0.984], "texture": "#1"}
			}
		},
		{
			"name": "hexadecagon",
			"from": [6, 18.5, 7.60218],
			"to": [10, 19.5, 8.39782],
			"rotation": {"angle": 22.5, "axis": "y", "origin": [8, 19, 8]},
			"faces": {
				"east": {"uv": [0.016, 0.016, 0.984, 0.984], "texture": "#1"},
				"west": {"uv": [0.016, 0.016, 0.984, 0.984], "texture": "#1"},
				"up": {"uv": [0.016, 0.016, 0.984, 0.984], "texture": "#1"},
				"down": {"uv": [0.016, 0.016, 0.984, 0.984], "texture": "#1"}
			}
		},
		{
			"name": "hexadecagon",
			"from": [7.50272, 19.5, 5.5],
			"to": [8.49728, 24.5, 6.5],
			"rotation": {"angle": -45, "axis": "y", "origin": [8, 20, 8]},
			"faces": {
				"north": {"uv": [0.016, 0.016, 0.984, 0.984], "texture": "#1"},
				"south": {"uv": [0.016, 0.016, 0.984, 0.984], "texture": "#1"},
				"up": {"uv": [0.016, 0.016, 0.984, 0.984], "texture": "#1"},
				"down": {"uv": [0.016, 0.016, 0.984, 0.984], "texture": "#1"}
			}
		},
		{
			"name": "hexadecagon",
			"from": [7.50272, 19.5, 5.5],
			"to": [8.49728, 24.5, 6.5],
			"rotation": {"angle": -22.5, "axis": "y", "origin": [8, 20, 8]},
			"faces": {
				"north": {"uv": [0.016, 0.016, 0.984, 0.984], "texture": "#1"},
				"south": {"uv": [0.016, 0.016, 0.984, 0.984], "texture": "#1"},
				"up": {"uv": [0.016, 0.016, 0.984, 0.984], "texture": "#1"},
				"down": {"uv": [0.016, 0.016, 0.984, 0.984], "texture": "#1"}
			}
		},
		{
			"name": "hexadecagon",
			"from": [7.50272, 19.5, 5.5],
			"to": [8.49728, 24.5, 6.5],
			"faces": {
				"north": {"uv": [0.016, 0.016, 0.984, 0.984], "texture": "#1"},
				"south": {"uv": [0.016, 0.016, 0.984, 0.984], "texture": "#1"},
				"down": {"uv": [0.016, 0.016, 0.984, 0.984], "texture": "#1"}
			}
		},
		{
			"name": "hexadecagon",
			"from": [7.50272, 19.5, 5.5],
			"to": [8.49728, 24.5, 6.5],
			"rotation": {"angle": 22.5, "axis": "y", "origin": [8, 20, 8]},
			"faces": {
				"north": {"uv": [0.016, 0.016, 0.984, 0.984], "texture": "#1"},
				"south": {"uv": [0.016, 0.016, 0.984, 0.984], "texture": "#1"},
				"up": {"uv": [0.016, 0.016, 0.984, 0.984], "texture": "#1"},
				"down": {"uv": [0.016, 0.016, 0.984, 0.984], "texture": "#1"}
			}
		},
		{
			"name": "hexadecagon",
			"from": [7.50272, 19.5, 5.5],
			"to": [8.49728, 24.5, 6.5],
			"rotation": {"angle": 45, "axis": "y", "origin": [8, 20, 8]},
			"faces": {
				"north": {"uv": [0.016, 0.016, 0.984, 0.984], "texture": "#1"},
				"south": {"uv": [0.016, 0.016, 0.984, 0.984], "texture": "#1"},
				"down": {"uv": [0.016, 0.016, 0.984, 0.984], "texture": "#1"}
			}
		},
		{
			"name": "hexadecagon",
			"from": [7.50272, 19.5, 9.5],
			"to": [8.49728, 24.5, 10.5],
			"rotation": {"angle": -45, "axis": "y", "origin": [8, 20, 8]},
			"faces": {
				"north": {"uv": [0.016, 0.016, 0.984, 0.984], "texture": "#1"},
				"south": {"uv": [0.016, 0.016, 0.984, 0.984], "texture": "#1"},
				"up": {"uv": [0.016, 0.016, 0.984, 0.984], "texture": "#1"},
				"down": {"uv": [0.016, 0.016, 0.984, 0.984], "texture": "#1"}
			}
		},
		{
			"name": "hexadecagon",
			"from": [7.50272, 19.5, 9.5],
			"to": [8.49728, 24.5, 10.5],
			"rotation": {"angle": -22.5, "axis": "y", "origin": [8, 20, 8]},
			"faces": {
				"north": {"uv": [0.016, 0.016, 0.984, 0.984], "texture": "#1"},
				"south": {"uv": [0.016, 0.016, 0.984, 0.984], "texture": "#1"},
				"up": {"uv": [0.016, 0.016, 0.984, 0.984], "texture": "#1"},
				"down": {"uv": [0.016, 0.016, 0.984, 0.984], "texture": "#1"}
			}
		},
		{
			"name": "hexadecagon",
			"from": [7.50272, 19.5, 9.5],
			"to": [8.49728, 24.5, 10.5],
			"faces": {
				"north": {"uv": [0.016, 0.016, 0.984, 0.984], "texture": "#1"},
				"south": {"uv": [0.016, 0.016, 0.984, 0.984], "texture": "#1"},
				"down": {"uv": [0.016, 0.016, 0.984, 0.984], "texture": "#1"}
			}
		},
		{
			"name": "hexadecagon",
			"from": [7.50272, 19.5, 9.5],
			"to": [8.49728, 24.5, 10.5],
			"rotation": {"angle": 22.5, "axis": "y", "origin": [8, 20, 8]},
			"faces": {
				"north": {"uv": [0.016, 0.016, 0.984, 0.984], "texture": "#1"},
				"south": {"uv": [0.016, 0.016, 0.984, 0.984], "texture": "#1"},
				"up": {"uv": [0.016, 0.016, 0.984, 0.984], "texture": "#1"},
				"down": {"uv": [0.016, 0.016, 0.984, 0.984], "texture": "#1"}
			}
		},
		{
			"name": "hexadecagon",
			"from": [7.50272, 19.5, 9.5],
			"to": [8.49728, 24.5, 10.5],
			"rotation": {"angle": 45, "axis": "y", "origin": [8, 20, 8]},
			"faces": {
				"north": {"uv": [0.016, 0.016, 0.984, 0.984], "texture": "#1"},
				"south": {"uv": [0.016, 0.016, 0.984, 0.984], "texture": "#1"},
				"down": {"uv": [0.016, 0.016, 0.984, 0.984], "texture": "#1"}
			}
		},
		{
			"name": "hexadecagon",
			"from": [5.5, 19.5, 7.50272],
			"to": [6.5, 24.5, 8.49728],
			"rotation": {"angle": -22.5, "axis": "y", "origin": [8, 20, 8]},
			"faces": {
				"east": {"uv": [0.016, 0.016, 0.984, 0.984], "texture": "#1"},
				"west": {"uv": [0.016, 0.016, 0.984, 0.984], "texture": "#1"},
				"up": {"uv": [0.016, 0.016, 0.984, 0.984], "texture": "#1"},
				"down": {"uv": [0.016, 0.016, 0.984, 0.984], "texture": "#1"}
			}
		},
		{
			"name": "hexadecagon",
			"from": [5.5, 19.5, 7.50272],
			"to": [6.5, 24.5, 8.49728],
			"faces": {
				"east": {"uv": [0.016, 0.016, 0.984, 0.984], "texture": "#1"},
				"west": {"uv": [0.016, 0.016, 0.984, 0.984], "texture": "#1"},
				"down": {"uv": [0.016, 0.016, 0.984, 0.984], "texture": "#1"}
			}
		},
		{
			"name": "hexadecagon",
			"from": [5.5, 19.5, 7.50272],
			"to": [6.5, 24.5, 8.49728],
			"rotation": {"angle": 22.5, "axis": "y", "origin": [8, 20, 8]},
			"faces": {
				"east": {"uv": [0.016, 0.016, 0.984, 0.984], "texture": "#1"},
				"west": {"uv": [0.016, 0.016, 0.984, 0.984], "texture": "#1"},
				"up": {"uv": [0.016, 0.016, 0.984, 0.984], "texture": "#1"},
				"down": {"uv": [0.016, 0.016, 0.984, 0.984], "texture": "#1"}
			}
		},
		{
			"name": "hexadecagon",
			"from": [9.5, 19.5, 7.50272],
			"to": [10.5, 24.5, 8.49728],
			"rotation": {"angle": -22.5, "axis": "y", "origin": [8, 20, 8]},
			"faces": {
				"east": {"uv": [0.016, 0.016, 0.984, 0.984], "texture": "#1"},
				"west": {"uv": [0.016, 0.016, 0.984, 0.984], "texture": "#1"},
				"up": {"uv": [0.016, 0.016, 0.984, 0.984], "texture": "#1"},
				"down": {"uv": [0.016, 0.016, 0.984, 0.984], "texture": "#1"}
			}
		},
		{
			"name": "hexadecagon",
			"from": [9.5, 19.5, 7.50272],
			"to": [10.5, 24.5, 8.49728],
			"faces": {
				"east": {"uv": [0.016, 0.016, 0.984, 0.984], "texture": "#1"},
				"west": {"uv": [0.016, 0.016, 0.984, 0.984], "texture": "#1"},
				"down": {"uv": [0.016, 0.016, 0.984, 0.984], "texture": "#1"}
			}
		},
		{
			"name": "hexadecagon",
			"from": [9.5, 19.5, 7.50272],
			"to": [10.5, 24.5, 8.49728],
			"rotation": {"angle": 22.5, "axis": "y", "origin": [8, 20, 8]},
			"faces": {
				"east": {"uv": [0.016, 0.016, 0.984, 0.984], "texture": "#1"},
				"west": {"uv": [0.016, 0.016, 0.984, 0.984], "texture": "#1"},
				"up": {"uv": [0.016, 0.016, 0.984, 0.984], "texture": "#1"},
				"down": {"uv": [0.016, 0.016, 0.984, 0.984], "texture": "#1"}
			}
		},
		{
			"name": "octagon",
			"from": [6.86091, 24.5, 5.25],
			"to": [9.13909, 25.5, 10.75],
			"rotation": {"angle": 45, "axis": "y", "origin": [8, 25, 8]},
			"faces": {
				"north": {"uv": [0.016, 0.016, 0.984, 0.984], "texture": "#3"},
				"south": {"uv": [0.016, 0.016, 0.984, 0.984], "texture": "#3"},
				"up": {"uv": [0.016, 0.016, 0.984, 0.984], "texture": "#3"},
				"down": {"uv": [0.016, 0.016, 0.984, 0.984], "texture": "#3"}
			}
		},
		{
			"name": "octagon",
			"from": [6.86091, 24.5, 5.25],
			"to": [9.13909, 25.5, 10.75],
			"faces": {
				"north": {"uv": [0.016, 0.016, 0.984, 0.984], "texture": "#3"},
				"south": {"uv": [0.016, 0.016, 0.984, 0.984], "texture": "#3"},
				"up": {"uv": [0.016, 0.016, 0.984, 0.984], "texture": "#3"},
				"down": {"uv": [0.016, 0.016, 0.984, 0.984], "texture": "#3"}
			}
		},
		{
			"name": "octagon",
			"from": [5.25, 24.5, 6.86091],
			"to": [10.75, 25.5, 9.13909],
			"rotation": {"angle": 45, "axis": "y", "origin": [8, 25, 8]},
			"faces": {
				"east": {"uv": [0.016, 0.016, 0.984, 0.984], "texture": "#3"},
				"west": {"uv": [0.016, 0.016, 0.984, 0.984], "texture": "#3"},
				"up": {"uv": [0.016, 0.016, 0.984, 0.984], "texture": "#3"},
				"down": {"uv": [0.016, 0.016, 0.984, 0.984], "texture": "#3"}
			}
		},
		{
			"name": "octagon",
			"from": [5.25, 24.5, 6.86091],
			"to": [10.75, 25.5, 9.13909],
			"faces": {
				"east": {"uv": [0.016, 0.016, 0.984, 0.984], "texture": "#3"},
				"west": {"uv": [0.016, 0.016, 0.984, 0.984], "texture": "#3"},
				"up": {"uv": [0.016, 0.016, 0.984, 0.984], "texture": "#3"},
				"down": {"uv": [0.016, 0.016, 0.984, 0.984], "texture": "#3"}
			}
		},
		{
			"name": "hexadecagon",
			"from": [7.50272, 25.5, 5.5],
			"to": [8.49728, 27.5, 10.5],
			"rotation": {"angle": -45, "axis": "y", "origin": [8, 26, 8]},
			"faces": {
				"north": {"uv": [0.016, 0.016, 0.984, 0.984], "texture": "#2"},
				"south": {"uv": [0.016, 0.016, 0.984, 0.984], "texture": "#2"},
				"up": {"uv": [0.016, 0.016, 0.984, 0.984], "texture": "#2"},
				"down": {"uv": [0.016, 0.016, 0.984, 0.984], "texture": "#2"}
			}
		},
		{
			"name": "hexadecagon",
			"from": [7.50272, 25.5, 5.5],
			"to": [8.49728, 27.5, 10.5],
			"rotation": {"angle": -22.5, "axis": "y", "origin": [8, 26, 8]},
			"faces": {
				"north": {"uv": [0.016, 0.016, 0.984, 0.984], "texture": "#2"},
				"south": {"uv": [0.016, 0.016, 0.984, 0.984], "texture": "#2"},
				"up": {"uv": [0.016, 0.016, 0.984, 0.984], "texture": "#2"},
				"down": {"uv": [0.016, 0.016, 0.984, 0.984], "texture": "#2"}
			}
		},
		{
			"name": "hexadecagon",
			"from": [7.50272, 25.5, 5.5],
			"to": [8.49728, 27.5, 10.5],
			"faces": {
				"north": {"uv": [0.016, 0.016, 0.984, 0.984], "texture": "#2"},
				"south": {"uv": [0.016, 0.016, 0.984, 0.984], "texture": "#2"},
				"up": {"uv": [0.016, 0.016, 0.984, 0.984], "texture": "#2"}
			}
		},
		{
			"name": "hexadecagon",
			"from": [7.50272, 25.5, 5.5],
			"to": [8.49728, 27.5, 10.5],
			"rotation": {"angle": 22.5, "axis": "y", "origin": [8, 26, 8]},
			"faces": {
				"north": {"uv": [0.016, 0.016, 0.984, 0.984], "texture": "#2"},
				"south": {"uv": [0.016, 0.016, 0.984, 0.984], "texture": "#2"},
				"up": {"uv": [0.016, 0.016, 0.984, 0.984], "texture": "#2"},
				"down": {"uv": [0.016, 0.016, 0.984, 0.984], "texture": "#2"}
			}
		},
		{
			"name": "hexadecagon",
			"from": [7.50272, 25.5, 5.5],
			"to": [8.49728, 27.5, 10.5],
			"rotation": {"angle": 45, "axis": "y", "origin": [8, 26, 8]},
			"faces": {
				"north": {"uv": [0.016, 0.016, 0.984, 0.984], "texture": "#2"},
				"south": {"uv": [0.016, 0.016, 0.984, 0.984], "texture": "#2"},
				"up": {"uv": [0.016, 0.016, 0.984, 0.984], "texture": "#2"}
			}
		},
		{
			"name": "hexadecagon",
			"from": [5.5, 25.5, 7.50272],
			"to": [10.5, 27.5, 8.49728],
			"rotation": {"angle": -22.5, "axis": "y", "origin": [8, 26, 8]},
			"faces": {
				"east": {"uv": [0.016, 0.016, 0.984, 0.984], "texture": "#2"},
				"west": {"uv": [0.016, 0.016, 0.984, 0.984], "texture": "#2"},
				"up": {"uv": [0.016, 0.016, 0.984, 0.984], "texture": "#2"},
				"down": {"uv": [0.016, 0.016, 0.984, 0.984], "texture": "#2"}
			}
		},
		{
			"name": "hexadecagon",
			"from": [5.5, 25.5, 7.50272],
			"to": [10.5, 27.5, 8.49728],
			"faces": {
				"east": {"uv": [0.016, 0.016, 0.984, 0.984], "texture": "#2"},
				"west": {"uv": [0.016, 0.016, 0.984, 0.984], "texture": "#2"},
				"up": {"uv": [0.016, 0.016, 0.984, 0.984], "texture": "#2"}
			}
		},
		{
			"name": "hexadecagon",
			"from": [5.5, 25.5, 7.50272],
			"to": [10.5, 27.5, 8.49728],
			"rotation": {"angle": 22.5, "axis": "y", "origin": [8, 26, 8]},
			"faces": {
				"east": {"uv": [0.016, 0.016, 0.984, 0.984], "texture": "#2"},
				"west": {"uv": [0.016, 0.016, 0.984, 0.984], "texture": "#2"},
				"up": {"uv": [0.016, 0.016, 0.984, 0.984], "texture": "#2"},
				"down": {"uv": [0.016, 0.016, 0.984, 0.984], "texture": "#2"}
			}
		},
		{
			"name": "hexadecagon",
			"from": [7.60218, 27.5, 6],
			"to": [8.39782, 28.5, 10],
			"rotation": {"angle": -45, "axis": "y", "origin": [8, 28, 8]},
			"faces": {
				"north": {"uv": [0.016, 0.016, 0.984, 0.984], "texture": "#2"},
				"south": {"uv": [0.016, 0.016, 0.984, 0.984], "texture": "#2"},
				"up": {"uv": [0.016, 0.016, 0.984, 0.984], "texture": "#2"}
			}
		},
		{
			"name": "hexadecagon",
			"from": [7.60218, 27.5, 6],
			"to": [8.39782, 28.5, 10],
			"rotation": {"angle": -22.5, "axis": "y", "origin": [8, 28, 8]},
			"faces": {
				"north": {"uv": [0.016, 0.016, 0.984, 0.984], "texture": "#2"},
				"south": {"uv": [0.016, 0.016, 0.984, 0.984], "texture": "#2"},
				"up": {"uv": [0.016, 0.016, 0.984, 0.984], "texture": "#2"}
			}
		},
		{
			"name": "hexadecagon",
			"from": [7.60218, 27.5, 6],
			"to": [8.39782, 28.5, 10],
			"faces": {
				"north": {"uv": [0.016, 0.016, 0.984, 0.984], "texture": "#2"},
				"south": {"uv": [0.016, 0.016, 0.984, 0.984], "texture": "#2"},
				"up": {"uv": [0.016, 0.016, 0.984, 0.984], "texture": "#2"}
			}
		},
		{
			"name": "hexadecagon",
			"from": [7.60218, 27.5, 6],
			"to": [8.39782, 28.5, 10],
			"rotation": {"angle": 22.5, "axis": "y", "origin": [8, 28, 8]},
			"faces": {
				"north": {"uv": [0.016, 0.016, 0.984, 0.984], "texture": "#2"},
				"south": {"uv": [0.016, 0.016, 0.984, 0.984], "texture": "#2"},
				"up": {"uv": [0.016, 0.016, 0.984, 0.984], "texture": "#2"}
			}
		},
		{
			"name": "hexadecagon",
			"from": [7.60218, 27.5, 6],
			"to": [8.39782, 28.5, 10],
			"rotation": {"angle": 45, "axis": "y", "origin": [8, 28, 8]},
			"faces": {
				"north": {"uv": [0.016, 0.016, 0.984, 0.984], "texture": "#2"},
				"south": {"uv": [0.016, 0.016, 0.984, 0.984], "texture": "#2"},
				"up": {"uv": [0.016, 0.016, 0.984, 0.984], "texture": "#2"}
			}
		},
		{
			"name": "hexadecagon",
			"from": [6, 27.5, 7.60218],
			"to": [10, 28.5, 8.39782],
			"rotation": {"angle": -22.5, "axis": "y", "origin": [8, 28, 8]},
			"faces": {
				"east": {"uv": [0.016, 0.016, 0.984, 0.984], "texture": "#2"},
				"west": {"uv": [0.016, 0.016, 0.984, 0.984], "texture": "#2"},
				"up": {"uv": [0.016, 0.016, 0.984, 0.984], "texture": "#2"}
			}
		},
		{
			"name": "hexadecagon",
			"from": [6, 27.5, 7.60218],
			"to": [10, 28.5, 8.39782],
			"faces": {
				"east": {"uv": [0.016, 0.016, 0.984, 0.984], "texture": "#2"},
				"west": {"uv": [0.016, 0.016, 0.984, 0.984], "texture": "#2"},
				"up": {"uv": [0.016, 0.016, 0.984, 0.984], "texture": "#2"}
			}
		},
		{
			"name": "hexadecagon",
			"from": [6, 27.5, 7.60218],
			"to": [10, 28.5, 8.39782],
			"rotation": {"angle": 22.5, "axis": "y", "origin": [8, 28, 8]},
			"faces": {
				"east": {"uv": [0.016, 0.016, 0.984, 0.984], "texture": "#2"},
				"west": {"uv": [0.016, 0.016, 0.984, 0.984], "texture": "#2"},
				"up": {"uv": [0.016, 0.016, 0.984, 0.984], "texture": "#2"}
			}
		},
		{
			"name": "hexadecagon",
			"from": [7.80109, 28.5, 7],
			"to": [8.19891, 29.5, 9],
			"rotation": {"angle": -45, "axis": "y", "origin": [8, 29, 8]},
			"faces": {
				"north": {"uv": [0.016, 0.016, 0.984, 0.984], "texture": "#3"},
				"south": {"uv": [0.016, 0.016, 0.984, 0.984], "texture": "#3"},
				"up": {"uv": [0.016, 0.016, 0.984, 0.984], "texture": "#3"}
			}
		},
		{
			"name": "hexadecagon",
			"from": [7.80109, 28.5, 7],
			"to": [8.19891, 29.5, 9],
			"rotation": {"angle": -22.5, "axis": "y", "origin": [8, 29, 8]},
			"faces": {
				"north": {"uv": [0.016, 0.016, 0.984, 0.984], "texture": "#3"},
				"south": {"uv": [0.016, 0.016, 0.984, 0.984], "texture": "#3"},
				"up": {"uv": [0.016, 0.016, 0.984, 0.984], "texture": "#3"}
			}
		},
		{
			"name": "hexadecagon",
			"from": [7.80109, 28.5, 7],
			"to": [8.19891, 29.5, 9],
			"faces": {
				"north": {"uv": [0.016, 0.016, 0.984, 0.984], "texture": "#3"},
				"south": {"uv": [0.016, 0.016, 0.984, 0.984], "texture": "#3"},
				"up": {"uv": [0.016, 0.016, 0.984, 0.984], "texture": "#3"}
			}
		},
		{
			"name": "hexadecagon",
			"from": [7.80109, 28.5, 7],
			"to": [8.19891, 29.5, 9],
			"rotation": {"angle": 22.5, "axis": "y", "origin": [8, 29, 8]},
			"faces": {
				"north": {"uv": [0.016, 0.016, 0.984, 0.984], "texture": "#3"},
				"south": {"uv": [0.016, 0.016, 0.984, 0.984], "texture": "#3"},
				"up": {"uv": [0.016, 0.016, 0.984, 0.984], "texture": "#3"}
			}
		},
		{
			"name": "hexadecagon",
			"from": [7.80109, 28.5, 7],
			"to": [8.19891, 29.5, 9],
			"rotation": {"angle": 45, "axis": "y", "origin": [8, 29, 8]},
			"faces": {
				"north": {"uv": [0.016, 0.016, 0.984, 0.984], "texture": "#3"},
				"south": {"uv": [0.016, 0.016, 0.984, 0.984], "texture": "#3"},
				"up": {"uv": [0.016, 0.016, 0.984, 0.984], "texture": "#3"}
			}
		},
		{
			"name": "hexadecagon",
			"from": [7, 28.5, 7.80109],
			"to": [9, 29.5, 8.19891],
			"rotation": {"angle": -22.5, "axis": "y", "origin": [8, 29, 8]},
			"faces": {
				"east": {"uv": [0.016, 0.016, 0.984, 0.984], "texture": "#3"},
				"west": {"uv": [0.016, 0.016, 0.984, 0.984], "texture": "#3"},
				"up": {"uv": [0.016, 0.016, 0.984, 0.984], "texture": "#3"}
			}
		},
		{
			"name": "hexadecagon",
			"from": [7, 28.5, 7.80109],
			"to": [9, 29.5, 8.19891],
			"faces": {
				"east": {"uv": [0.016, 0.016, 0.984, 0.984], "texture": "#3"},
				"west": {"uv": [0.016, 0.016, 0.984, 0.984], "texture": "#3"},
				"up": {"uv": [0.016, 0.016, 0.984, 0.984], "texture": "#3"}
			}
		},
		{
			"name": "hexadecagon",
			"from": [7, 28.5, 7.80109],
			"to": [9, 29.5, 8.19891],
			"rotation": {"angle": 22.5, "axis": "y", "origin": [8, 29, 8]},
			"faces": {
				"east": {"uv": [0.016, 0.016, 0.984, 0.984], "texture": "#3"},
				"west": {"uv": [0.016, 0.016, 0.984, 0.984], "texture": "#3"},
				"up": {"uv": [0.016, 0.016, 0.984, 0.984], "texture": "#3"}
			}
		},
		{
			"name": "hexadecagon",
			"from": [7.85082, 29.5, 7.25],
			"to": [8.14918, 30.5, 8.75],
			"rotation": {"angle": -45, "axis": "y", "origin": [8, 30, 8]},
			"faces": {
				"north": {"uv": [0.016, 0.016, 0.984, 0.984], "texture": "#3"},
				"south": {"uv": [0.016, 0.016, 0.984, 0.984], "texture": "#3"},
				"up": {"uv": [0.016, 0.016, 0.984, 0.984], "texture": "#3"}
			}
		},
		{
			"name": "hexadecagon",
			"from": [7.85082, 29.5, 7.25],
			"to": [8.14918, 30.5, 8.75],
			"rotation": {"angle": -22.5, "axis": "y", "origin": [8, 30, 8]},
			"faces": {
				"north": {"uv": [0.016, 0.016, 0.984, 0.984], "texture": "#3"},
				"south": {"uv": [0.016, 0.016, 0.984, 0.984], "texture": "#3"},
				"up": {"uv": [0.016, 0.016, 0.984, 0.984], "texture": "#3"}
			}
		},
		{
			"name": "hexadecagon",
			"from": [7.85082, 29.5, 7.25],
			"to": [8.14918, 30.5, 8.75],
			"faces": {
				"north": {"uv": [0.016, 0.016, 0.984, 0.984], "texture": "#3"},
				"south": {"uv": [0.016, 0.016, 0.984, 0.984], "texture": "#3"},
				"up": {"uv": [0.016, 0.016, 0.984, 0.984], "texture": "#3"}
			}
		},
		{
			"name": "hexadecagon",
			"from": [7.85082, 29.5, 7.25],
			"to": [8.14918, 30.5, 8.75],
			"rotation": {"angle": 22.5, "axis": "y", "origin": [8, 30, 8]},
			"faces": {
				"north": {"uv": [0.016, 0.016, 0.984, 0.984], "texture": "#3"},
				"south": {"uv": [0.016, 0.016, 0.984, 0.984], "texture": "#3"},
				"up": {"uv": [0.016, 0.016, 0.984, 0.984], "texture": "#3"}
			}
		},
		{
			"name": "hexadecagon",
			"from": [7.85082, 29.5, 7.25],
			"to": [8.14918, 30.5, 8.75],
			"rotation": {"angle": 45, "axis": "y", "origin": [8, 30, 8]},
			"faces": {
				"north": {"uv": [0.016, 0.016, 0.984, 0.984], "texture": "#3"},
				"south": {"uv": [0.016, 0.016, 0.984, 0.984], "texture": "#3"},
				"up": {"uv": [0.016, 0.016, 0.984, 0.984], "texture": "#3"}
			}
		},
		{
			"name": "hexadecagon",
			"from": [7.25, 29.5, 7.85082],
			"to": [8.75, 30.5, 8.14918],
			"rotation": {"angle": -22.5, "axis": "y", "origin": [8, 30, 8]},
			"faces": {
				"east": {"uv": [0.016, 0.016, 0.984, 0.984], "texture": "#3"},
				"west": {"uv": [0.016, 0.016, 0.984, 0.984], "texture": "#3"},
				"up": {"uv": [0.016, 0.016, 0.984, 0.984], "texture": "#3"}
			}
		},
		{
			"name": "hexadecagon",
			"from": [7.25, 29.5, 7.85082],
			"to": [8.75, 30.5, 8.14918],
			"faces": {
				"east": {"uv": [0.016, 0.016, 0.984, 0.984], "texture": "#3"},
				"west": {"uv": [0.016, 0.016, 0.984, 0.984], "texture": "#3"},
				"up": {"uv": [0.016, 0.016, 0.984, 0.984], "texture": "#3"}
			}
		},
		{
			"name": "hexadecagon",
			"from": [7.25, 29.5, 7.85082],
			"to": [8.75, 30.5, 8.14918],
			"rotation": {"angle": 22.5, "axis": "y", "origin": [8, 30, 8]},
			"faces": {
				"east": {"uv": [0.016, 0.016, 0.984, 0.984], "texture": "#3"},
				"west": {"uv": [0.016, 0.016, 0.984, 0.984], "texture": "#3"},
				"up": {"uv": [0.016, 0.016, 0.984, 0.984], "texture": "#3"}
			}
		},
		{
			"name": "hexadecagon",
			"from": [7.80109, 1.5, 7],
			"to": [8.19891, 18.5, 9],
			"rotation": {"angle": -45, "axis": "y", "origin": [8, 8, 8]},
			"faces": {
				"north": {"uv": [0.016, 0.016, 0.984, 0.984], "texture": "#3"},
				"south": {"uv": [0.016, 0.016, 0.984, 0.984], "texture": "#3"}
			}
		},
		{
			"name": "hexadecagon",
			"from": [7.80109, 1.5, 7],
			"to": [8.19891, 18.5, 9],
			"rotation": {"angle": -22.5, "axis": "y", "origin": [8, 8, 8]},
			"faces": {
				"north": {"uv": [0.016, 0.016, 0.984, 0.984], "texture": "#3"},
				"south": {"uv": [0.016, 0.016, 0.984, 0.984], "texture": "#3"}
			}
		},
		{
			"name": "hexadecagon",
			"from": [7.80109, 1.5, 7],
			"to": [8.19891, 18.5, 9],
			"faces": {
				"north": {"uv": [0.016, 0.016, 0.984, 0.984], "texture": "#3"},
				"south": {"uv": [0.016, 0.016, 0.984, 0.984], "texture": "#3"}
			}
		},
		{
			"name": "hexadecagon",
			"from": [7.80109, 1.5, 7],
			"to": [8.19891, 18.5, 9],
			"rotation": {"angle": 22.5, "axis": "y", "origin": [8, 8, 8]},
			"faces": {
				"north": {"uv": [0.016, 0.016, 0.984, 0.984], "texture": "#3"},
				"south": {"uv": [0.016, 0.016, 0.984, 0.984], "texture": "#3"}
			}
		},
		{
			"name": "hexadecagon",
			"from": [7.80109, 1.5, 7],
			"to": [8.19891, 18.5, 9],
			"rotation": {"angle": 45, "axis": "y", "origin": [8, 8, 8]},
			"faces": {
				"north": {"uv": [0.016, 0.016, 0.984, 0.984], "texture": "#3"},
				"south": {"uv": [0.016, 0.016, 0.984, 0.984], "texture": "#3"}
			}
		},
		{
			"name": "hexadecagon",
			"from": [7, 1.5, 7.80109],
			"to": [9, 18.5, 8.19891],
			"rotation": {"angle": -22.5, "axis": "y", "origin": [8, 8, 8]},
			"faces": {
				"east": {"uv": [0.016, 0.016, 0.984, 0.984], "texture": "#3"},
				"west": {"uv": [0.016, 0.016, 0.984, 0.984], "texture": "#3"}
			}
		},
		{
			"name": "hexadecagon",
			"from": [7, 1.5, 7.80109],
			"to": [9, 18.5, 8.19891],
			"faces": {
				"east": {"uv": [0.016, 0.016, 0.984, 0.984], "texture": "#3"},
				"west": {"uv": [0.016, 0.016, 0.984, 0.984], "texture": "#3"}
			}
		},
		{
			"name": "hexadecagon",
			"from": [7, 1.5, 7.80109],
			"to": [9, 18.5, 8.19891],
			"rotation": {"angle": 22.5, "axis": "y", "origin": [8, 8, 8]},
			"faces": {
				"east": {"uv": [0.016, 0.016, 0.984, 0.984], "texture": "#3"},
				"west": {"uv": [0.016, 0.016, 0.984, 0.984], "texture": "#3"}
			}
		},
		{
			"from": [7.75, 19.25, 4.75],
			"to": [8.25, 25.5, 5.25],
			"faces": {
				"north": {"uv": [0.016, 0.016, 0.5, 7.25], "texture": "#3"},
				"east": {"uv": [0.016, 0.016, 0.5, 7.25], "texture": "#3"},
				"south": {"uv": [0.016, 0.016, 0.5, 7.25], "texture": "#3"},
				"west": {"uv": [0.016, 0.016, 0.5, 7.25], "texture": "#3"},
				"up": {"uv": [0.016, 0.016, 0.5, 0.5], "texture": "#3"},
				"down": {"uv": [0.016, 0.016, 0.5, 0.5], "texture": "#3"}
			}
		},
		{
			"from": [7.75, 19.25, 10.75],
			"to": [8.25, 25.5, 11.25],
			"faces": {
				"north": {"uv": [0.5, 0.016, 0.016, 7.25], "texture": "#3"},
				"east": {"uv": [0.5, 0.016, 0.016, 7.25], "texture": "#3"},
				"south": {"uv": [0.5, 0.016, 0.016, 7.25], "texture": "#3"},
				"west": {"uv": [0.5, 0.016, 0.016, 7.25], "texture": "#3"},
				"up": {"uv": [0.016, 0.5, 0.5, 0.016], "texture": "#3"},
				"down": {"uv": [0.016, 0.5, 0.5, 0.016], "texture": "#3"}
			}
		},
		{
			"name": "hexadecagon",
			"from": [7.75, 16.75272, 6.75272],
			"to": [8.25, 17.25272, 7.74728],
			"faces": {
				"east": {"uv": [0, 0, 0.5, 0.5], "texture": "#3"},
				"south": {"uv": [0, 0, 0.5, 0.5], "texture": "#3"},
				"west": {"uv": [0, 0, 0.5, 0.5], "texture": "#3"},
				"up": {"uv": [0, 0, 0.5, 0.5], "texture": "#3"},
				"down": {"uv": [0, 0, 0.5, 0.5], "texture": "#3"}
			}
		},
		{
			"name": "hexadecagon",
			"from": [7.75, 16.75272, 6.75272],
			"to": [8.25, 17.25272, 7.74728],
			"rotation": {"angle": 22.5, "axis": "x", "origin": [8, 19.25272, 7.25]},
			"faces": {
				"east": {"uv": [0, 0, 0.5, 0.5], "texture": "#3"},
				"west": {"uv": [0, 0, 0.5, 0.5], "texture": "#3"},
				"up": {"uv": [0, 0, 0.5, 0.5], "texture": "#3"},
				"down": {"uv": [0, 0, 0.5, 0.5], "texture": "#3"}
			}
		},
		{
			"name": "hexadecagon",
			"from": [7.75, 18.75544, 4.75],
			"to": [8.25, 19.75, 5.25],
			"rotation": {"angle": -45, "axis": "x", "origin": [8, 19.25272, 7.25]},
			"faces": {
				"north": {"uv": [0, 0, 0.5, 0.5], "texture": "#3"},
				"east": {"uv": [0, 0, 0.5, 0.5], "texture": "#3"},
				"south": {"uv": [0, 0, 0.5, 0.5], "texture": "#3"},
				"west": {"uv": [0, 0, 0.5, 0.5], "texture": "#3"}
			}
		},
		{
			"name": "hexadecagon",
			"from": [7.75, 18.75544, 4.75],
			"to": [8.25, 19.75, 5.25],
			"rotation": {"angle": -22.5, "axis": "x", "origin": [8, 19.25272, 7.25]},
			"faces": {
				"north": {"uv": [0, 0, 0.5, 0.5], "texture": "#3"},
				"east": {"uv": [0, 0, 0.5, 0.5], "texture": "#3"},
				"south": {"uv": [0, 0, 0.5, 0.5], "texture": "#3"},
				"west": {"uv": [0, 0, 0.5, 0.5], "texture": "#3"}
			}
		},
		{
			"name": "hexadecagon",
			"from": [7.75, 18.75544, 4.75],
			"to": [8.25, 19.25, 5.25],
			"faces": {
				"north": {"uv": [0, 0, 0.5, 0.5], "texture": "#3"},
				"east": {"uv": [0, 0, 0.5, 0.5], "texture": "#3"},
				"south": {"uv": [0, 0, 0.5, 0.5], "texture": "#3"},
				"west": {"uv": [0, 0, 0.5, 0.5], "texture": "#3"},
				"up": {"uv": [0, 0, 0.5, 0.5], "texture": "#3"}
			}
		},
		{
			"name": "hexadecagon",
			"from": [7.75, 16.75272, 8.25272],
			"to": [8.25, 17.25272, 9.24728],
			"faces": {
				"north": {"uv": [0, 0, 0.5, 0.5], "texture": "#3"},
				"east": {"uv": [0, 0, 0.5, 0.5], "texture": "#3"},
				"west": {"uv": [0, 0, 0.5, 0.5], "texture": "#3"},
				"up": {"uv": [0, 0, 0.5, 0.5], "texture": "#3"},
				"down": {"uv": [0, 0, 0.5, 0.5], "texture": "#3"}
			}
		},
		{
			"name": "hexadecagon",
			"from": [7.75, 18.75544, 10.75],
			"to": [8.25, 19.25, 11.25],
			"faces": {
				"north": {"uv": [0, 0, 0.5, 0.5], "texture": "#3"},
				"east": {"uv": [0, 0, 0.5, 0.5], "texture": "#3"},
				"south": {"uv": [0, 0, 0.5, 0.5], "texture": "#3"},
				"west": {"uv": [0, 0, 0.5, 0.5], "texture": "#3"},
				"up": {"uv": [0, 0, 0.5, 0.5], "texture": "#3"}
			}
		},
		{
			"name": "hexadecagon",
			"from": [7.75, 18.75544, 10.75],
			"to": [8.25, 19.75, 11.25],
			"rotation": {"angle": 22.5, "axis": "x", "origin": [8, 19.25272, 8.75]},
			"faces": {
				"north": {"uv": [0, 0, 0.5, 0.5], "texture": "#3"},
				"east": {"uv": [0, 0, 0.5, 0.5], "texture": "#3"},
				"south": {"uv": [0, 0, 0.5, 0.5], "texture": "#3"},
				"west": {"uv": [0, 0, 0.5, 0.5], "texture": "#3"}
			}
		},
		{
			"name": "hexadecagon",
			"from": [7.75, 18.75544, 10.75],
			"to": [8.25, 19.75, 11.25],
			"rotation": {"angle": 45, "axis": "x", "origin": [8, 19.25272, 8.75]},
			"faces": {
				"north": {"uv": [0, 0, 0.5, 0.5], "texture": "#3"},
				"east": {"uv": [0, 0, 0.5, 0.5], "texture": "#3"},
				"south": {"uv": [0, 0, 0.5, 0.5], "texture": "#3"},
				"west": {"uv": [0, 0, 0.5, 0.5], "texture": "#3"}
			}
		},
		{
			"name": "hexadecagon",
			"from": [7.75, 16.75272, 8.25272],
			"to": [8.25, 17.25272, 9.24728],
			"rotation": {"angle": -22.5, "axis": "x", "origin": [8, 19.25272, 8.75]},
			"faces": {
				"east": {"uv": [0, 0, 0.5, 0.5], "texture": "#3"},
				"west": {"uv": [0, 0, 0.5, 0.5], "texture": "#3"},
				"up": {"uv": [0, 0, 0.5, 0.5], "texture": "#3"},
				"down": {"uv": [0, 0, 0.5, 0.5], "texture": "#3"}
			}
		}
	],
	"display": {
		"ground": {
			"translation": [0, 19, 0]
		},
		"gui": {
			"rotation": [0, 90, 0],
			"scale": [0.34, 0.34, 0.34]
		},
		"head": {
			"translation": [0, 2, 0],
			"scale": [2, 2, 2]
		},
		"fixed": {
			"rotation": [0, 90, 0],
			"translation": [0, 0, -2],
			"scale": [0.65, 0.65, 0.65]
		}
	},
	"groups": [
		{
			"name": "Lamp Base 1",
			"children": [0, 1, 2, 3, 4, 5, 6, 7]
		},
		{
			"name": "Lamp Base 2",
			"children": [8, 9, 10, 11, 12, 13, 14, 15]
		},
		{
			"name": "Lamp Base 3",
			"children": [16, 17, 18, 19]
		},
		{
			"name": "Lamp Base 4",
			"children": [20, 21, 22, 23, 24, 25, 26, 27]
		},
		{
			"name": "Lamp Base 5",
			"children": [28, 29, 30, 31]
		},
		{
			"name": "Lamp Base 6",
			"children": [32, 33, 34, 35, 36, 37, 38, 39]
		},
		{
			"name": "Lamp Base 7",
			"children": [40, 41, 42, 43, 44, 45, 46, 47]
		},
		{
			"name": "Lamp Base 8",
			"children": [48, 49, 50, 51]
		},
		{
			"name": "Lamp Base 9",
			"children": [52, 53, 54, 55, 56, 57, 58, 59]
		},
		{
			"name": "Glass 1",
			"children": [60, 61, 62, 63, 64, 65, 66, 67]
		},
		{
			"name": "Glass 2",
			"children": [68, 69, 70, 71, 72, 73, 74, 75, 76, 77, 78, 79, 80, 81, 82, 83]
		},
		{
			"name": "Light Top 1",
			"children": [84, 85, 86, 87]
		},
		{
			"name": "Light Top 2",
			"children": [88, 89, 90, 91, 92, 93, 94, 95]
		},
		{
			"name": "Light Top 3",
			"children": [96, 97, 98, 99, 100, 101, 102, 103]
		},
		{
			"name": "Lamp Top 4",
			"children": [104, 105, 106, 107, 108, 109, 110, 111]
		},
		{
			"name": "Lamp Top 5",
			"children": [112, 113, 114, 115, 116, 117, 118, 119]
		},
		{
			"name": "Lamp Base 10",
			"children": [120, 121, 122, 123, 124, 125, 126, 127]
		},
		{
			"name": "Lamp Rail 1",
			"children": [128]
		},
		{
			"name": "Lamp Rail 2",
			"children": [129]
		},
		{
			"name": "Lamp rails",
			"children": [
				{
					"name": "group",
					"children": [130, 131, 132, 133, 134]
				},
				{
					"name": "group",
					"children": [135, 136, 137, 138, 139]
				}
			]
		}
	]
}