{
	"credit": "Made by _Kastle. Message Kastle#4801 on Discord for inquiries. If you recieved this model from someone other than myself without context, it was probably stolen.",
  "parent": "item/_custom/parents/trashcan",
	"textures": {
		"0": "custom/entranceplaza/goawaygreen",
		"2": "custom/entranceplaza/goawaygreen",
		"3": "custom/downtowndisney/ddtrashcan2",
		"4": "custom/entranceplaza/goawaygreen",
		"5": "custom/downtowndisney/ddtrashcan3",
		"6": "custom/downtowndisney/ddtrashcan1",
		"7": "custom/downtowndisney/ddtrashcan4",
		"particle": "custom/entranceplaza/goawaygreen"
  }
}
