{
	"credit": "Made by _Kastle. Message Kastle#4801 on Discord for inquiries. If you recieved this model from someone other than myself without context, it was probably stolen.",
	"textures": {
		"0": "custom/crittercountry/ccrecyclelogo",
		"1": "custom/crittercountry/cctrashcan",
		"2": "custom/crittercountry/ccrecyclelabel",
		"particle": "custom/crittercountry/ccrecyclelogo"
	},
	"elements": [
		{
			"from": [0, 0, 0],
			"to": [1.5, 0.5, 1.5],
			"faces": {
				"north": {"uv": [1.5, 0.016, 0.016, 0.5], "texture": "#1"},
				"east": {"uv": [1.5, 0.016, 0.016, 0.5], "texture": "#1"},
				"south": {"uv": [0, 0, 1.5, 0.5], "texture": "#1"},
				"west": {"uv": [1.5, 0.016, 0.016, 0.5], "texture": "#1"},
				"up": {"uv": [0.016, 1.5, 1.5, 0.016], "texture": "#1"},
				"down": {"uv": [0.016, 1.5, 1.5, 0.016], "texture": "#1"}
			}
		},
		{
			"from": [0.5, 0.5, 0.5],
			"to": [1.5, 21.5, 1.5],
			"faces": {
				"north": {"uv": [0.984, 0.016, 0.016, 15.984], "texture": "#1"},
				"east": {"uv": [0.984, 0.016, 0.016, 15.984], "texture": "#1"},
				"south": {"uv": [0, 0, 1, 16], "texture": "#1"},
				"west": {"uv": [0.984, 0.016, 0.016, 15.984], "texture": "#1"}
			}
		},
		{
			"name": "hexadecagon",
			"from": [3.30381, 24.69619, 0.5],
			"to": [4.69619, 25.69619, 1.5],
			"rotation": {"angle": 22.5, "axis": "z", "origin": [4, 22.19619, 1]},
			"faces": {
				"north": {"uv": [0, 0, 1.39238, 1], "texture": "#1"},
				"east": {"uv": [0.5, 0.016, 0.016, 0.5], "texture": "#1"},
				"south": {"uv": [0, 0, 1.39238, 1], "texture": "#1"},
				"west": {"uv": [0.5, 0.016, 0.016, 0.5], "texture": "#1"},
				"up": {"uv": [0, 0, 1.39238, 1], "texture": "#1"},
				"down": {"uv": [0.016, 0.5, 0.5, 0.016], "texture": "#1"}
			}
		},
		{
			"name": "hexadecagon",
			"from": [3.30381, 24.69619, 0.5],
			"to": [4.69619, 25.69619, 1.5],
			"rotation": {"angle": 45, "axis": "z", "origin": [4, 22.19619, 1]},
			"faces": {
				"north": {"uv": [0, 0, 1.39238, 1], "texture": "#1"},
				"east": {"uv": [0.5, 0.016, 0.016, 0.5], "texture": "#1"},
				"south": {"uv": [0, 0, 1.39238, 1], "texture": "#1"},
				"up": {"uv": [0, 0, 1.39238, 1], "texture": "#1"},
				"down": {"uv": [0.016, 0.5, 0.5, 0.016], "texture": "#1"}
			}
		},
		{
			"name": "hexadecagon",
			"from": [0.5, 21.5, 0.5],
			"to": [1.5, 22.89239, 1.5],
			"rotation": {"angle": -22.5, "axis": "z", "origin": [4, 22.19619, 1]},
			"faces": {
				"north": {"uv": [0, 0, 1, 1.39239], "texture": "#1"},
				"east": {"uv": [0.5, 0.016, 0.016, 0.5], "texture": "#1"},
				"south": {"uv": [0, 0, 1, 1.39239], "texture": "#1"},
				"west": {"uv": [0, 0, 1, 1.39239], "texture": "#1"},
				"up": {"uv": [0.016, 0.5, 0.5, 0.016], "texture": "#1"}
			}
		},
		{
			"name": "hexadecagon",
			"from": [0.5, 21.5, 0.5],
			"to": [1.5, 22.89239, 1.5],
			"faces": {
				"north": {"uv": [0, 0, 1, 1.39239], "texture": "#1"},
				"east": {"uv": [0.5, 0.016, 0.016, 0.5], "texture": "#1"},
				"south": {"uv": [0, 0, 1, 1.39239], "texture": "#1"},
				"west": {"uv": [0, 0, 1, 1.39239], "texture": "#1"},
				"up": {"uv": [0.016, 0.5, 0.5, 0.016], "texture": "#1"}
			}
		},
		{
			"from": [14.5, 0, 0],
			"to": [16, 0.5, 1.5],
			"faces": {
				"north": {"uv": [0.016, 0.016, 1.5, 0.5], "texture": "#1"},
				"east": {"uv": [0.016, 0.016, 1.5, 0.5], "texture": "#1"},
				"south": {"uv": [0, 0, 1.5, 0.5], "texture": "#1"},
				"west": {"uv": [0.016, 0.016, 1.5, 0.5], "texture": "#1"},
				"up": {"uv": [1.5, 1.5, 0.016, 0.016], "texture": "#1"},
				"down": {"uv": [1.5, 1.5, 0.016, 0.016], "texture": "#1"}
			}
		},
		{
			"from": [14.5, 0.5, 0.5],
			"to": [15.5, 21.5, 1.5],
			"faces": {
				"north": {"uv": [0.016, 0.016, 0.984, 15.984], "texture": "#1"},
				"east": {"uv": [0.016, 0.016, 0.984, 15.984], "texture": "#1"},
				"south": {"uv": [0, 0, 1, 16], "texture": "#1"},
				"west": {"uv": [0.016, 0.016, 0.984, 15.984], "texture": "#1"}
			}
		},
		{
			"name": "hexadecagon",
			"from": [3.30381, 24.69619, 0.5],
			"to": [12.69619, 25.69619, 1.5],
			"faces": {
				"north": {"uv": [0, 0, 9.39238, 1], "texture": "#1"},
				"east": {"uv": [0, 0, 1, 1], "texture": "#1"},
				"south": {"uv": [0, 0, 9.39238, 1], "texture": "#1"},
				"west": {"uv": [0.016, 0.016, 0.5, 0.5], "texture": "#1"},
				"up": {"uv": [0, 0, 9.39238, 1], "texture": "#1"},
				"down": {"uv": [0.5, 0.5, 0.016, 0.016], "texture": "#1"}
			}
		},
		{
			"name": "hexadecagon",
			"from": [11.30381, 24.69619, 0.5],
			"to": [12.69619, 25.69619, 1.5],
			"rotation": {"angle": -22.5, "axis": "z", "origin": [12, 22.19619, 1]},
			"faces": {
				"north": {"uv": [0, 0, 1.39238, 1], "texture": "#1"},
				"east": {"uv": [0, 0, 1, 1], "texture": "#1"},
				"south": {"uv": [0, 0, 1.39238, 1], "texture": "#1"},
				"west": {"uv": [0.016, 0.016, 0.5, 0.5], "texture": "#1"},
				"up": {"uv": [0, 0, 1.39238, 1], "texture": "#1"},
				"down": {"uv": [0.5, 0.5, 0.016, 0.016], "texture": "#1"}
			}
		},
		{
			"name": "hexadecagon",
			"from": [11.30381, 24.69619, 0.5],
			"to": [12.69619, 25.69619, 1.5],
			"rotation": {"angle": -45, "axis": "z", "origin": [12, 22.19619, 1]},
			"faces": {
				"north": {"uv": [0, 0, 1.39238, 1], "texture": "#1"},
				"south": {"uv": [0, 0, 1.39238, 1], "texture": "#1"},
				"west": {"uv": [0.016, 0.016, 0.5, 0.5], "texture": "#1"},
				"up": {"uv": [0, 0, 1.39238, 1], "texture": "#1"},
				"down": {"uv": [0.5, 0.5, 0.016, 0.016], "texture": "#1"}
			}
		},
		{
			"name": "hexadecagon",
			"from": [14.5, 21.5, 0.5],
			"to": [15.5, 22.89239, 1.5],
			"rotation": {"angle": 22.5, "axis": "z", "origin": [12, 22.19619, 1]},
			"faces": {
				"north": {"uv": [0, 0, 1, 1.39239], "texture": "#1"},
				"east": {"uv": [0, 0, 1, 1.39239], "texture": "#1"},
				"south": {"uv": [0, 0, 1, 1.39239], "texture": "#1"},
				"west": {"uv": [0.016, 0.016, 0.5, 0.5], "texture": "#1"},
				"up": {"uv": [0.5, 0.5, 0.016, 0.016], "texture": "#1"}
			}
		},
		{
			"name": "hexadecagon",
			"from": [14.5, 21.5, 0.5],
			"to": [15.5, 22.89239, 1.5],
			"faces": {
				"north": {"uv": [0, 0, 1, 1.39239], "texture": "#1"},
				"east": {"uv": [0, 0, 1, 1.39239], "texture": "#1"},
				"south": {"uv": [0, 0, 1, 1.39239], "texture": "#1"},
				"west": {"uv": [0.016, 0.016, 0.5, 0.5], "texture": "#1"},
				"up": {"uv": [0.5, 0.5, 0.016, 0.016], "texture": "#1"}
			}
		},
		{
			"from": [14.5, 0, 14.5],
			"to": [16, 0.5, 16],
			"faces": {
				"north": {"uv": [1.5, 0.016, 0.016, 0.5], "texture": "#1"},
				"east": {"uv": [1.5, 0.016, 0.016, 0.5], "texture": "#1"},
				"south": {"uv": [0, 0, 1.5, 0.5], "texture": "#1"},
				"west": {"uv": [1.5, 0.016, 0.016, 0.5], "texture": "#1"},
				"up": {"uv": [1.5, 0.016, 0.016, 1.5], "texture": "#1"},
				"down": {"uv": [1.5, 0.016, 0.016, 1.5], "texture": "#1"}
			}
		},
		{
			"from": [14.5, 0.5, 14.5],
			"to": [15.5, 21.5, 15.5],
			"faces": {
				"north": {"uv": [0.984, 0.016, 0.016, 15.984], "texture": "#1"},
				"east": {"uv": [0.984, 0.016, 0.016, 15.984], "texture": "#1"},
				"south": {"uv": [0, 0, 1, 16], "texture": "#1"},
				"west": {"uv": [0.984, 0.016, 0.016, 15.984], "texture": "#1"}
			}
		},
		{
			"name": "hexadecagon",
			"from": [3.30381, 24.69619, 14.5],
			"to": [12.69619, 25.69619, 15.5],
			"faces": {
				"north": {"uv": [0, 0, 9.39238, 1], "texture": "#1"},
				"east": {"uv": [0.5, 0.016, 0.016, 0.5], "texture": "#1"},
				"south": {"uv": [0, 0, 9.393, 1], "texture": "#1"},
				"west": {"uv": [0.5, 0.016, 0.016, 0.5], "texture": "#1"},
				"up": {"uv": [0, 0, 9.39238, 1], "texture": "#1"},
				"down": {"uv": [0.5, 0.016, 0.016, 0.5], "texture": "#1"}
			}
		},
		{
			"name": "hexadecagon",
			"from": [11.30381, 24.69619, 14.5],
			"to": [12.69619, 25.69619, 15.5],
			"rotation": {"angle": -22.5, "axis": "z", "origin": [12, 22.19619, 15]},
			"faces": {
				"north": {"uv": [0, 0, 1.39238, 1], "texture": "#1"},
				"east": {"uv": [0.5, 0.016, 0.016, 0.5], "texture": "#1"},
				"south": {"uv": [0, 0, 1.39238, 1], "texture": "#1"},
				"west": {"uv": [0.5, 0.016, 0.016, 0.5], "texture": "#1"},
				"up": {"uv": [0, 0, 1.39238, 1], "texture": "#1"},
				"down": {"uv": [0.5, 0.016, 0.016, 0.5], "texture": "#1"}
			}
		},
		{
			"name": "hexadecagon",
			"from": [11.30381, 24.69619, 14.5],
			"to": [12.69619, 25.69619, 15.5],
			"rotation": {"angle": -45, "axis": "z", "origin": [12, 22.19619, 15]},
			"faces": {
				"north": {"uv": [0, 0, 1.39238, 1], "texture": "#1"},
				"south": {"uv": [0, 0, 1.39238, 1], "texture": "#1"},
				"west": {"uv": [0.5, 0.016, 0.016, 0.5], "texture": "#1"},
				"up": {"uv": [0, 0, 1.39238, 1], "texture": "#1"},
				"down": {"uv": [0.5, 0.016, 0.016, 0.5], "texture": "#1"}
			}
		},
		{
			"name": "hexadecagon",
			"from": [14.5, 21.5, 14.5],
			"to": [15.5, 22.89239, 15.5],
			"rotation": {"angle": 22.5, "axis": "z", "origin": [12, 22.19619, 15]},
			"faces": {
				"north": {"uv": [0, 0, 1, 1.39239], "texture": "#1"},
				"east": {"uv": [0, 0, 1, 1.39239], "texture": "#1"},
				"south": {"uv": [0, 0, 1, 1.39239], "texture": "#1"},
				"west": {"uv": [0.5, 0.016, 0.016, 0.5], "texture": "#1"},
				"up": {"uv": [0.5, 0.016, 0.016, 0.5], "texture": "#1"}
			}
		},
		{
			"name": "hexadecagon",
			"from": [14.5, 21.5, 14.5],
			"to": [15.5, 22.89239, 15.5],
			"faces": {
				"north": {"uv": [0.5, 0.016, 0.016, 0.5], "texture": "#1"},
				"east": {"uv": [0, 0, 1, 1.39239], "texture": "#1"},
				"south": {"uv": [0, 0, 1, 1.39239], "texture": "#1"},
				"west": {"uv": [0.5, 0.016, 0.016, 0.5], "texture": "#1"},
				"up": {"uv": [0.5, 0.016, 0.016, 0.5], "texture": "#1"}
			}
		},
		{
			"from": [0, 0, 14.5],
			"to": [1.5, 0.5, 16],
			"faces": {
				"north": {"uv": [0.016, 0.016, 1.5, 0.5], "texture": "#1"},
				"east": {"uv": [0.016, 0.016, 1.5, 0.5], "texture": "#1"},
				"south": {"uv": [0, 0, 1.5, 0.5], "texture": "#1"},
				"west": {"uv": [0.016, 0.016, 1.5, 0.5], "texture": "#1"},
				"up": {"uv": [0.016, 0.016, 1.5, 1.5], "texture": "#1"},
				"down": {"uv": [0.016, 0.016, 1.5, 1.5], "texture": "#1"}
			}
		},
		{
			"from": [0.5, 0.5, 14.5],
			"to": [1.5, 21.5, 15.5],
			"faces": {
				"north": {"uv": [0.016, 0.016, 0.984, 15.984], "texture": "#1"},
				"east": {"uv": [0.016, 0.016, 0.984, 15.984], "texture": "#1"},
				"south": {"uv": [0, 0, 1, 16], "texture": "#1"},
				"west": {"uv": [0.016, 0.016, 0.984, 15.984], "texture": "#1"}
			}
		},
		{
			"name": "hexadecagon",
			"from": [3.30381, 24.69619, 14.5],
			"to": [4.69619, 25.69619, 15.5],
			"rotation": {"angle": 22.5, "axis": "z", "origin": [4, 22.19619, 15]},
			"faces": {
				"north": {"uv": [0, 0, 1.39238, 1], "texture": "#1"},
				"east": {"uv": [0.016, 0.016, 0.5, 0.5], "texture": "#1"},
				"south": {"uv": [0, 0, 1.39238, 1], "texture": "#1"},
				"west": {"uv": [0.016, 0.016, 0.5, 0.5], "texture": "#1"},
				"up": {"uv": [0, 0, 1.39238, 1], "texture": "#1"},
				"down": {"uv": [0.016, 0.016, 0.5, 0.5], "texture": "#1"}
			}
		},
		{
			"name": "hexadecagon",
			"from": [3.30381, 24.69619, 14.5],
			"to": [4.69619, 25.69619, 15.5],
			"rotation": {"angle": 45, "axis": "z", "origin": [4, 22.19619, 15]},
			"faces": {
				"north": {"uv": [0, 0, 1.39238, 1], "texture": "#1"},
				"east": {"uv": [0.016, 0.016, 0.5, 0.5], "texture": "#1"},
				"south": {"uv": [0, 0, 1.39238, 1], "texture": "#1"},
				"up": {"uv": [0, 0, 1.39238, 1], "texture": "#1"},
				"down": {"uv": [0.016, 0.016, 0.5, 0.5], "texture": "#1"}
			}
		},
		{
			"name": "hexadecagon",
			"from": [0.5, 21.5, 14.5],
			"to": [1.5, 22.89239, 15.5],
			"rotation": {"angle": -22.5, "axis": "z", "origin": [4, 22.19619, 15]},
			"faces": {
				"north": {"uv": [0, 0, 1, 1.39239], "texture": "#1"},
				"east": {"uv": [0.016, 0.016, 0.5, 0.5], "texture": "#1"},
				"south": {"uv": [0, 0, 1, 1.39239], "texture": "#1"},
				"west": {"uv": [0, 0, 1, 1.39239], "texture": "#1"},
				"up": {"uv": [0.016, 0.016, 0.5, 0.5], "texture": "#1"}
			}
		},
		{
			"name": "hexadecagon",
			"from": [0.5, 21.5, 14.5],
			"to": [1.5, 22.89239, 15.5],
			"faces": {
				"north": {"uv": [0, 0, 1, 1.39239], "texture": "#1"},
				"east": {"uv": [0.016, 0.016, 0.5, 0.5], "texture": "#1"},
				"south": {"uv": [0, 0, 1, 1.39239], "texture": "#1"},
				"west": {"uv": [0, 0, 1, 1.39239], "texture": "#1"},
				"up": {"uv": [0.016, 0.016, 0.5, 0.5], "texture": "#1"}
			}
		},
		{
			"from": [14.5, 0.5, 1.5],
			"to": [15, 21.4, 14.5],
			"faces": {
				"east": {"uv": [5, 0, 15.967, 12.967], "texture": "#1"},
				"west": {"uv": [1.016, 0.016, 13.984, 15.984], "texture": "#1"},
				"up": {"uv": [1.016, 0.016, 1.5, 12.984], "texture": "#1"},
				"down": {"uv": [1.016, 0.016, 1.5, 12.984], "texture": "#1"}
			}
		},
		{
			"from": [1, 0.5, 1.5],
			"to": [1.5, 21.4, 14.5],
			"faces": {
				"east": {"uv": [1.016, 0.016, 13.984, 15.984], "texture": "#1"},
				"west": {"uv": [3, 0, 12.967, 12.967], "texture": "#1"},
				"up": {"uv": [1.016, 0.016, 1.5, 12.984], "texture": "#1"},
				"down": {"uv": [1.016, 0.016, 1.5, 12.984], "texture": "#1"}
			}
		},
		{
			"from": [1.5, 0.5, 1],
			"to": [14.5, 19.5, 1.5],
			"faces": {
				"north": {"uv": [0, 0, 9.967, 12.967], "texture": "#1"},
				"south": {"uv": [1.016, 0.016, 13.984, 15.984], "texture": "#1"},
				"up": {"uv": [1.016, 0.016, 1.5, 12.984], "rotation": 90, "texture": "#1"},
				"down": {"uv": [1.016, 0.016, 1.5, 12.984], "rotation": 270, "texture": "#1"}
			}
		},
		{
			"from": [1.5, 0.5, 14.5],
			"to": [14.5, 19.5, 15],
			"faces": {
				"north": {"uv": [1.016, 0.016, 13.984, 15.984], "texture": "#1"},
				"south": {"uv": [0, 0, 9.967, 12.967], "texture": "#1"},
				"up": {"uv": [1.016, 0.016, 1.5, 12.984], "rotation": 90, "texture": "#1"},
				"down": {"uv": [1.016, 0.016, 1.5, 12.984], "rotation": 270, "texture": "#1"}
			}
		},
		{
			"name": "hexadecagon",
			"from": [11.40326, 24.69674, 1.5],
			"to": [12.59674, 25.19674, 14.5],
			"rotation": {"angle": -45, "axis": "z", "origin": [12, 22.19674, 2]},
			"faces": {
				"east": {"uv": [0.016, 0.016, 0.5, 0.5], "texture": "#1"},
				"west": {"uv": [0.016, 0.016, 0.5, 0.5], "texture": "#1"},
				"up": {"uv": [6, 0, 7.194, 13], "texture": "#1"},
				"down": {"uv": [0.016, 0.016, 0.5, 0.5], "texture": "#1"}
			}
		},
		{
			"name": "hexadecagon",
			"from": [11.40326, 24.69674, 1.5],
			"to": [12.59674, 25.19674, 14.5],
			"rotation": {"angle": -22.5, "axis": "z", "origin": [12, 22.19674, 2]},
			"faces": {
				"east": {"uv": [0.016, 0.016, 0.5, 0.5], "texture": "#1"},
				"west": {"uv": [0.016, 0.016, 0.5, 0.5], "texture": "#1"},
				"up": {"uv": [15, 0, 16, 13], "texture": "#1"},
				"down": {"uv": [0.016, 0.016, 0.5, 0.5], "texture": "#1"}
			}
		},
		{
			"name": "hexadecagon",
			"from": [14.5, 21.6, 1.5],
			"to": [15, 22.79347, 14.5],
			"faces": {
				"east": {"uv": [6, 1, 7, 13], "rotation": 90, "texture": "#1"},
				"west": {"uv": [0.016, 0.016, 0.5, 0.5], "texture": "#1"},
				"up": {"uv": [0.016, 0.016, 0.5, 0.5], "texture": "#1"},
				"down": {"uv": [0.016, 0.016, 0.5, 0.5], "texture": "#1"}
			}
		},
		{
			"name": "hexadecagon",
			"from": [14.5, 21.6, 1.5],
			"to": [15, 22.79347, 14.5],
			"rotation": {"angle": 22.5, "axis": "z", "origin": [12, 22.19674, 2]},
			"faces": {
				"east": {"uv": [15, 0, 16, 12], "rotation": 90, "texture": "#1"},
				"west": {"uv": [0.016, 0.016, 0.5, 0.5], "texture": "#1"},
				"up": {"uv": [0.016, 0.016, 0.5, 0.5], "texture": "#1"},
				"down": {"uv": [0.016, 0.016, 0.5, 0.5], "texture": "#1"}
			}
		},
		{
			"name": "hexadecagon",
			"from": [3.40326, 24.69674, 1.5],
			"to": [12.59674, 25.19674, 14.5],
			"faces": {
				"east": {"uv": [0.016, 0.016, 0.5, 0.5], "texture": "#1"},
				"west": {"uv": [0.016, 0.016, 0.5, 0.5], "texture": "#1"},
				"up": {"uv": [6, 0, 15.194, 13], "texture": "#1"},
				"down": {"uv": [0.016, 0.016, 0.5, 0.5], "texture": "#1"}
			}
		},
		{
			"name": "hexadecagon",
			"from": [1, 21.6, 1.5],
			"to": [1.5, 22.79347, 14.5],
			"faces": {
				"east": {"uv": [0.016, 0.016, 0.5, 0.5], "texture": "#1"},
				"west": {"uv": [12, 0, 13, 13.193], "rotation": 90, "texture": "#1"},
				"up": {"uv": [0.016, 0.016, 0.5, 0.5], "texture": "#1"},
				"down": {"uv": [0.016, 0.016, 0.5, 0.5], "texture": "#1"}
			}
		},
		{
			"name": "hexadecagon",
			"from": [3.40326, 24.69674, 1.5],
			"to": [4.59674, 25.19674, 14.5],
			"rotation": {"angle": 22.5, "axis": "z", "origin": [4, 22.19674, 2]},
			"faces": {
				"east": {"uv": [0.016, 0.016, 0.5, 0.5], "texture": "#1"},
				"west": {"uv": [0.016, 0.016, 0.5, 0.5], "texture": "#1"},
				"up": {"uv": [3, 0, 4, 13], "texture": "#1"},
				"down": {"uv": [0.016, 0.016, 0.5, 0.5], "texture": "#1"}
			}
		},
		{
			"name": "hexadecagon",
			"from": [3.40326, 24.69674, 1.5],
			"to": [4.59674, 25.19674, 14.5],
			"rotation": {"angle": 45, "axis": "z", "origin": [4, 22.19674, 2]},
			"faces": {
				"east": {"uv": [0.016, 0.016, 0.5, 0.5], "texture": "#1"},
				"west": {"uv": [0.016, 0.016, 0.5, 0.5], "texture": "#1"},
				"up": {"uv": [0, 0, 1.19348, 13], "texture": "#1"},
				"down": {"uv": [0.016, 0.016, 0.5, 0.5], "texture": "#1"}
			}
		},
		{
			"name": "hexadecagon",
			"from": [1, 21.6, 1.5],
			"to": [1.5, 22.79347, 14.5],
			"rotation": {"angle": -22.5, "axis": "z", "origin": [4, 22.19674, 2]},
			"faces": {
				"east": {"uv": [0.016, 0.016, 0.5, 0.5], "texture": "#1"},
				"west": {"uv": [6, 0, 7, 13], "rotation": 90, "texture": "#1"},
				"up": {"uv": [0.016, 0.016, 0.5, 0.5], "texture": "#1"},
				"down": {"uv": [0.016, 0.016, 0.5, 0.5], "texture": "#1"}
			}
		},
		{
			"from": [1.5, 1, 1.5],
			"to": [14.5, 1.5, 14.5],
			"faces": {
				"up": {"uv": [1.016, 0.016, 13.984, 12.984], "texture": "#1"},
				"down": {"uv": [1.016, 0.016, 13.984, 12.984], "texture": "#1"}
			}
		},
		{
			"from": [1.2, 21.3, 1.5],
			"to": [1.5, 21.6, 14.5],
			"faces": {
				"east": {"uv": [1.016, 0.016, 13.984, 0.3], "texture": "#1"},
				"west": {"uv": [1.016, 0.016, 13.984, 0.3], "texture": "#1"}
			}
		},
		{
			"from": [14.5, 21.4, 1.5],
			"to": [14.8, 21.6, 14.5],
			"faces": {
				"east": {"uv": [1.016, 0.016, 13.984, 0.2], "texture": "#1"},
				"west": {"uv": [1.016, 0.016, 13.984, 0.2], "texture": "#1"}
			}
		},
		{
			"name": "hexadecagon",
			"from": [1.65272, 22.95554, 14.5],
			"to": [6.04728, 24.75554, 15],
			"faces": {
				"north": {"uv": [0, 0, 4.5, 4.5], "texture": "#1"},
				"south": {"uv": [6, 14, 10, 16], "texture": "#1"}
			}
		},
		{
			"name": "hexadecagon",
			"from": [1.45, 19.65826, 14.5],
			"to": [5.95, 23.05282, 15],
			"faces": {
				"north": {"uv": [0, 0, 4.5, 4.5], "texture": "#1"},
				"south": {"uv": [0, 14, 5, 16], "texture": "#1"},
				"down": {"uv": [0, 0, 4.5, 4.5], "texture": "#1"}
			}
		},
		{
			"name": "hexadecagon",
			"from": [10.05, 19.65826, 14.5],
			"to": [14.55, 23.05282, 15],
			"faces": {
				"north": {"uv": [0, 0, 4.5, 4.5], "texture": "#1"},
				"south": {"uv": [12, 14, 16, 16], "texture": "#1"},
				"down": {"uv": [0, 0, 4.5, 4.5], "texture": "#1"}
			}
		},
		{
			"name": "hexadecagon",
			"from": [9.95272, 22.95554, 14.5],
			"to": [14.34728, 24.75554, 15],
			"faces": {
				"north": {"uv": [0, 0, 4.5, 4.5], "texture": "#1"},
				"south": {"uv": [0, 14, 3, 16], "texture": "#1"}
			}
		},
		{
			"name": "hexadecagon",
			"from": [9.45, 19.65826, 14.5],
			"to": [10.05, 20.75282, 15],
			"faces": {
				"north": {"uv": [0, 0, 4.5, 4.5], "texture": "#1"},
				"south": {"uv": [15, 15, 16, 16], "texture": "#1"},
				"down": {"uv": [0, 0, 4.5, 4.5], "texture": "#1"}
			}
		},
		{
			"name": "hexadecagon",
			"from": [8.75, 19.65826, 14.5],
			"to": [9.45, 20.35282, 15],
			"faces": {
				"north": {"uv": [0, 0, 4.5, 4.5], "texture": "#1"},
				"south": {"uv": [13, 15, 14, 16], "texture": "#1"},
				"down": {"uv": [0, 0, 4.5, 4.5], "texture": "#1"}
			}
		},
		{
			"name": "hexadecagon",
			"from": [7.95, 19.65826, 14.5],
			"to": [8.75, 20.15282, 15],
			"faces": {
				"north": {"uv": [0, 0, 4.5, 4.5], "texture": "#1"},
				"south": {"uv": [12, 15, 13, 16], "texture": "#1"},
				"down": {"uv": [0, 0, 4.5, 4.5], "texture": "#1"}
			}
		},
		{
			"name": "hexadecagon",
			"from": [5.95, 19.65826, 14.5],
			"to": [6.55, 20.75282, 15],
			"faces": {
				"north": {"uv": [0, 0, 4.5, 4.5], "texture": "#1"},
				"south": {"uv": [15, 15, 16, 16], "texture": "#1"},
				"down": {"uv": [0, 0, 4.5, 4.5], "texture": "#1"}
			}
		},
		{
			"name": "hexadecagon",
			"from": [6.55, 19.65826, 14.5],
			"to": [7.25, 20.35282, 15],
			"faces": {
				"north": {"uv": [0, 0, 4.5, 4.5], "texture": "#1"},
				"south": {"uv": [14, 15, 15, 16], "texture": "#1"},
				"down": {"uv": [0, 0, 4.5, 4.5], "texture": "#1"}
			}
		},
		{
			"name": "hexadecagon",
			"from": [7.25, 19.65826, 14.5],
			"to": [8.05, 20.15282, 15],
			"faces": {
				"north": {"uv": [0, 0, 4.5, 4.5], "texture": "#1"},
				"south": {"uv": [13, 14, 14, 15], "texture": "#1"},
				"down": {"uv": [0, 0, 4.5, 4.5], "texture": "#1"}
			}
		},
		{
			"name": "hexadecagon",
			"from": [9.45816, 23.55554, 14.5],
			"to": [9.95272, 24.75554, 15],
			"faces": {
				"north": {"uv": [0, 0, 4.5, 4.5], "texture": "#1"},
				"south": {"uv": [9, 14, 9.5, 15.5], "texture": "#1"}
			}
		},
		{
			"name": "hexadecagon",
			"from": [7.8636, 24.25554, 14.5],
			"to": [9.45816, 24.75554, 15],
			"faces": {
				"north": {"uv": [0, 0, 4.5, 4.5], "texture": "#1"},
				"south": {"uv": [8, 14, 9.5, 14.5], "texture": "#1"}
			}
		},
		{
			"name": "hexadecagon",
			"from": [6.04728, 23.55554, 14.5],
			"to": [6.54184, 24.75554, 15],
			"faces": {
				"north": {"uv": [0, 0, 4.5, 4.5], "texture": "#1"},
				"south": {"uv": [2, 14, 2.5, 15.5], "texture": "#1"}
			}
		},
		{
			"name": "hexadecagon",
			"from": [6.54184, 24.25554, 14.5],
			"to": [8.1364, 24.75554, 15],
			"faces": {
				"north": {"uv": [0, 0, 4.5, 4.5], "texture": "#1"},
				"south": {"uv": [6, 14, 7.5, 15], "texture": "#1"}
			}
		},
		{
			"name": "hexadecagon",
			"from": [7.50272, 19.7, 14.5],
			"to": [8.49728, 20.7, 15],
			"rotation": {"angle": -45, "axis": "z", "origin": [8, 22.2, 14.5]},
			"faces": {
				"north": {"uv": [0, 0, 4.5, 4.5], "texture": "#1"},
				"south": {"uv": [2, 14, 2.5, 14.5], "texture": "#1"},
				"up": {"uv": [0, 0, 4.5, 4.5], "texture": "#1"}
			}
		},
		{
			"name": "hexadecagon",
			"from": [7.50272, 19.7, 14.5],
			"to": [8.49728, 20.7, 15],
			"rotation": {"angle": -22.5, "axis": "z", "origin": [8, 22.2, 14.5]},
			"faces": {
				"north": {"uv": [0, 0, 4.5, 4.5], "texture": "#1"},
				"south": {"uv": [7, 14, 7.5, 14.5], "texture": "#1"},
				"up": {"uv": [0, 0, 4.5, 4.5], "texture": "#1"}
			}
		},
		{
			"name": "hexadecagon",
			"from": [7.50272, 19.7, 14.5],
			"to": [8.49728, 20.7, 15],
			"faces": {
				"north": {"uv": [0, 0, 4.5, 4.5], "texture": "#1"},
				"south": {"uv": [7, 14, 7.5, 14.5], "texture": "#1"},
				"up": {"uv": [0, 0, 4.5, 4.5], "texture": "#1"}
			}
		},
		{
			"name": "hexadecagon",
			"from": [7.50272, 19.7, 14.5],
			"to": [8.49728, 20.7, 15],
			"rotation": {"angle": 22.5, "axis": "z", "origin": [8, 22.2, 14.5]},
			"faces": {
				"north": {"uv": [0, 0, 4.5, 4.5], "texture": "#1"},
				"south": {"uv": [7, 14, 7.5, 14.5], "texture": "#1"},
				"up": {"uv": [0, 0, 4.5, 4.5], "texture": "#1"}
			}
		},
		{
			"name": "hexadecagon",
			"from": [7.50272, 19.7, 14.5],
			"to": [8.49728, 20.7, 15],
			"rotation": {"angle": 45, "axis": "z", "origin": [8, 22.2, 14.5]},
			"faces": {
				"north": {"uv": [0, 0, 4.5, 4.5], "texture": "#1"},
				"south": {"uv": [14, 15, 14.5, 15.5], "texture": "#1"},
				"up": {"uv": [0, 0, 4.5, 4.5], "texture": "#1"}
			}
		},
		{
			"name": "hexadecagon",
			"from": [7.50272, 23.7, 14.5],
			"to": [8.49728, 24.7, 15],
			"rotation": {"angle": -45, "axis": "z", "origin": [8, 22.2, 14.5]},
			"faces": {
				"north": {"uv": [0, 0, 4.5, 4.5], "texture": "#1"},
				"south": {"uv": [3, 15, 3.5, 15.5], "texture": "#1"},
				"down": {"uv": [0, 0, 4.5, 4.5], "texture": "#1"}
			}
		},
		{
			"name": "hexadecagon",
			"from": [7.50272, 23.7, 14.5],
			"to": [8.49728, 24.7, 15],
			"rotation": {"angle": -22.5, "axis": "z", "origin": [8, 22.2, 14.5]},
			"faces": {
				"north": {"uv": [0, 0, 4.5, 4.5], "texture": "#1"},
				"south": {"uv": [8, 15, 8.5, 15.5], "texture": "#1"},
				"down": {"uv": [0, 0, 4.5, 4.5], "texture": "#1"}
			}
		},
		{
			"name": "hexadecagon",
			"from": [7.50272, 23.7, 14.5],
			"to": [8.49728, 24.7, 15],
			"faces": {
				"north": {"uv": [0, 0, 4.5, 4.5], "texture": "#1"},
				"south": {"uv": [10, 15, 10.5, 15.5], "texture": "#1"},
				"down": {"uv": [0, 0, 4.5, 4.5], "texture": "#1"}
			}
		},
		{
			"name": "hexadecagon",
			"from": [7.50272, 23.7, 14.5],
			"to": [8.49728, 24.7, 15],
			"rotation": {"angle": 22.5, "axis": "z", "origin": [8, 22.2, 14.5]},
			"faces": {
				"north": {"uv": [0, 0, 4.5, 4.5], "texture": "#1"},
				"south": {"uv": [15, 15, 15.5, 15.5], "texture": "#1"},
				"down": {"uv": [0, 0, 4.5, 4.5], "texture": "#1"}
			}
		},
		{
			"name": "hexadecagon",
			"from": [7.50272, 23.7, 14.5],
			"to": [8.49728, 24.7, 15],
			"rotation": {"angle": 45, "axis": "z", "origin": [8, 22.2, 14.5]},
			"faces": {
				"north": {"uv": [0, 0, 4.5, 4.5], "texture": "#1"},
				"south": {"uv": [8, 15, 8.5, 15.5], "texture": "#1"},
				"down": {"uv": [0, 0, 4.5, 4.5], "texture": "#1"}
			}
		},
		{
			"name": "hexadecagon",
			"from": [5.5, 21.70272, 14.5],
			"to": [6.5, 22.69728, 15],
			"rotation": {"angle": -22.5, "axis": "z", "origin": [8, 22.2, 14.5]},
			"faces": {
				"north": {"uv": [0, 0, 4.5, 4.5], "texture": "#1"},
				"east": {"uv": [0, 0, 4.5, 4.5], "texture": "#1"},
				"south": {"uv": [2, 15, 2.5, 15.5], "rotation": 90, "texture": "#1"}
			}
		},
		{
			"name": "hexadecagon",
			"from": [5.5, 21.70272, 14.5],
			"to": [6.5, 22.69728, 15],
			"faces": {
				"north": {"uv": [0, 0, 4.5, 4.5], "texture": "#1"},
				"east": {"uv": [0, 0, 4.5, 4.5], "texture": "#1"},
				"south": {"uv": [4, 14, 4.5, 14.5], "rotation": 90, "texture": "#1"}
			}
		},
		{
			"name": "hexadecagon",
			"from": [5.5, 21.70272, 14.5],
			"to": [6.5, 22.69728, 15],
			"rotation": {"angle": 22.5, "axis": "z", "origin": [8, 22.2, 14.5]},
			"faces": {
				"north": {"uv": [0, 0, 4.5, 4.5], "texture": "#1"},
				"east": {"uv": [0, 0, 4.5, 4.5], "texture": "#1"},
				"south": {"uv": [13, 15, 13.5, 15.5], "rotation": 90, "texture": "#1"}
			}
		},
		{
			"name": "hexadecagon",
			"from": [9.5, 21.70272, 14.5],
			"to": [10.5, 22.69728, 15],
			"rotation": {"angle": -22.5, "axis": "z", "origin": [8, 22.2, 14.5]},
			"faces": {
				"north": {"uv": [0, 0, 4.5, 4.5], "texture": "#1"},
				"south": {"uv": [12, 14, 12.5, 14.5], "rotation": 90, "texture": "#1"},
				"west": {"uv": [0, 0, 4.5, 4.5], "texture": "#1"}
			}
		},
		{
			"name": "hexadecagon",
			"from": [9.5, 21.70272, 14.5],
			"to": [10.5, 22.69728, 15],
			"faces": {
				"north": {"uv": [0, 0, 4.5, 4.5], "texture": "#1"},
				"south": {"uv": [2, 14, 2.5, 14.5], "rotation": 90, "texture": "#1"},
				"west": {"uv": [0, 0, 4.5, 4.5], "texture": "#1"}
			}
		},
		{
			"name": "hexadecagon",
			"from": [9.5, 21.70272, 14.5],
			"to": [10.5, 22.69728, 15],
			"rotation": {"angle": 22.5, "axis": "z", "origin": [8, 22.2, 14.5]},
			"faces": {
				"north": {"uv": [0, 0, 4.5, 4.5], "texture": "#1"},
				"south": {"uv": [15, 15, 15.5, 15.5], "rotation": 90, "texture": "#1"},
				"west": {"uv": [0, 0, 4.5, 4.5], "texture": "#1"}
			}
		},
		{
			"name": "hexadecagon",
			"from": [9.95272, 22.95554, 1],
			"to": [14.34728, 24.75554, 1.5],
			"faces": {
				"north": {"uv": [6, 14, 10, 16], "texture": "#1"},
				"south": {"uv": [0, 0, 4.5, 4.5], "texture": "#1"}
			}
		},
		{
			"name": "hexadecagon",
			"from": [10.05, 19.65826, 1],
			"to": [14.55, 23.05282, 1.5],
			"faces": {
				"north": {"uv": [0, 14, 5, 16], "texture": "#1"},
				"south": {"uv": [0, 0, 4.5, 4.5], "texture": "#1"},
				"down": {"uv": [0, 0, 4.5, 4.5], "rotation": 180, "texture": "#1"}
			}
		},
		{
			"name": "hexadecagon",
			"from": [1.45, 19.65826, 1],
			"to": [5.95, 23.05282, 1.5],
			"faces": {
				"north": {"uv": [12, 14, 16, 16], "texture": "#1"},
				"south": {"uv": [0, 0, 4.5, 4.5], "texture": "#1"},
				"down": {"uv": [0, 0, 4.5, 4.5], "rotation": 180, "texture": "#1"}
			}
		},
		{
			"name": "hexadecagon",
			"from": [1.65272, 22.95554, 1],
			"to": [6.04728, 24.75554, 1.5],
			"faces": {
				"north": {"uv": [0, 14, 3, 16], "texture": "#1"},
				"south": {"uv": [0, 0, 4.5, 4.5], "texture": "#1"}
			}
		},
		{
			"name": "hexadecagon",
			"from": [5.95, 19.65826, 1],
			"to": [6.55, 20.75282, 1.5],
			"faces": {
				"north": {"uv": [15, 15, 16, 16], "texture": "#1"},
				"south": {"uv": [0, 0, 4.5, 4.5], "texture": "#1"},
				"down": {"uv": [0, 0, 4.5, 4.5], "rotation": 180, "texture": "#1"}
			}
		},
		{
			"name": "hexadecagon",
			"from": [6.55, 19.65826, 1],
			"to": [7.25, 20.35282, 1.5],
			"faces": {
				"north": {"uv": [13, 15, 14, 16], "texture": "#1"},
				"south": {"uv": [0, 0, 4.5, 4.5], "texture": "#1"},
				"down": {"uv": [0, 0, 4.5, 4.5], "rotation": 180, "texture": "#1"}
			}
		},
		{
			"name": "hexadecagon",
			"from": [7.25, 19.65826, 1],
			"to": [8.05, 20.15282, 1.5],
			"faces": {
				"north": {"uv": [12, 15, 13, 16], "texture": "#1"},
				"south": {"uv": [0, 0, 4.5, 4.5], "texture": "#1"},
				"down": {"uv": [0, 0, 4.5, 4.5], "rotation": 180, "texture": "#1"}
			}
		},
		{
			"name": "hexadecagon",
			"from": [9.45, 19.65826, 1],
			"to": [10.05, 20.75282, 1.5],
			"faces": {
				"north": {"uv": [15, 15, 16, 16], "texture": "#1"},
				"south": {"uv": [0, 0, 4.5, 4.5], "texture": "#1"},
				"down": {"uv": [0, 0, 4.5, 4.5], "rotation": 180, "texture": "#1"}
			}
		},
		{
			"name": "hexadecagon",
			"from": [8.75, 19.65826, 1],
			"to": [9.45, 20.35282, 1.5],
			"faces": {
				"north": {"uv": [14, 15, 15, 16], "texture": "#1"},
				"south": {"uv": [0, 0, 4.5, 4.5], "texture": "#1"},
				"down": {"uv": [0, 0, 4.5, 4.5], "rotation": 180, "texture": "#1"}
			}
		},
		{
			"name": "hexadecagon",
			"from": [7.95, 19.65826, 1],
			"to": [8.75, 20.15282, 1.5],
			"faces": {
				"north": {"uv": [13, 14, 14, 15], "texture": "#1"},
				"south": {"uv": [0, 0, 4.5, 4.5], "texture": "#1"},
				"down": {"uv": [0, 0, 4.5, 4.5], "rotation": 180, "texture": "#1"}
			}
		},
		{
			"name": "hexadecagon",
			"from": [6.04728, 23.55554, 1],
			"to": [6.54184, 24.75554, 1.5],
			"faces": {
				"north": {"uv": [9, 14, 9.5, 15.5], "texture": "#1"},
				"south": {"uv": [0, 0, 4.5, 4.5], "texture": "#1"}
			}
		},
		{
			"name": "hexadecagon",
			"from": [6.54184, 24.25554, 1],
			"to": [8.1364, 24.75554, 1.5],
			"faces": {
				"north": {"uv": [8, 14, 9.5, 14.5], "texture": "#1"},
				"south": {"uv": [0, 0, 4.5, 4.5], "texture": "#1"}
			}
		},
		{
			"name": "hexadecagon",
			"from": [9.45816, 23.55554, 1],
			"to": [9.95272, 24.75554, 1.5],
			"faces": {
				"north": {"uv": [2, 14, 2.5, 15.5], "texture": "#1"},
				"south": {"uv": [0, 0, 4.5, 4.5], "texture": "#1"}
			}
		},
		{
			"name": "hexadecagon",
			"from": [7.8636, 24.25554, 1],
			"to": [9.45816, 24.75554, 1.5],
			"faces": {
				"north": {"uv": [6, 14, 7.5, 15], "texture": "#1"},
				"south": {"uv": [0, 0, 4.5, 4.5], "texture": "#1"}
			}
		},
		{
			"name": "hexadecagon",
			"from": [7.50272, 19.7, 1],
			"to": [8.49728, 20.7, 1.5],
			"rotation": {"angle": 45, "axis": "z", "origin": [8, 22.2, 1.5]},
			"faces": {
				"north": {"uv": [2, 14, 2.5, 14.5], "texture": "#1"},
				"south": {"uv": [0, 0, 4.5, 4.5], "texture": "#1"},
				"up": {"uv": [0, 0, 4.5, 4.5], "rotation": 180, "texture": "#1"}
			}
		},
		{
			"name": "hexadecagon",
			"from": [7.50272, 19.7, 1],
			"to": [8.49728, 20.7, 1.5],
			"rotation": {"angle": 22.5, "axis": "z", "origin": [8, 22.2, 1.5]},
			"faces": {
				"north": {"uv": [7, 14, 7.5, 14.5], "texture": "#1"},
				"south": {"uv": [0, 0, 4.5, 4.5], "texture": "#1"},
				"up": {"uv": [0, 0, 4.5, 4.5], "rotation": 180, "texture": "#1"}
			}
		},
		{
			"name": "hexadecagon",
			"from": [7.50272, 19.7, 1],
			"to": [8.49728, 20.7, 1.5],
			"faces": {
				"north": {"uv": [7, 14, 7.5, 14.5], "texture": "#1"},
				"south": {"uv": [0, 0, 4.5, 4.5], "texture": "#1"},
				"up": {"uv": [0, 0, 4.5, 4.5], "rotation": 180, "texture": "#1"}
			}
		},
		{
			"name": "hexadecagon",
			"from": [7.50272, 19.7, 1],
			"to": [8.49728, 20.7, 1.5],
			"rotation": {"angle": -22.5, "axis": "z", "origin": [8, 22.2, 1.5]},
			"faces": {
				"north": {"uv": [7, 14, 7.5, 14.5], "texture": "#1"},
				"south": {"uv": [0, 0, 4.5, 4.5], "texture": "#1"},
				"up": {"uv": [0, 0, 4.5, 4.5], "rotation": 180, "texture": "#1"}
			}
		},
		{
			"name": "hexadecagon",
			"from": [7.50272, 19.7, 1],
			"to": [8.49728, 20.7, 1.5],
			"rotation": {"angle": -45, "axis": "z", "origin": [8, 22.2, 1.5]},
			"faces": {
				"north": {"uv": [14, 15, 14.5, 15.5], "texture": "#1"},
				"south": {"uv": [0, 0, 4.5, 4.5], "texture": "#1"},
				"up": {"uv": [0, 0, 4.5, 4.5], "rotation": 180, "texture": "#1"}
			}
		},
		{
			"name": "hexadecagon",
			"from": [7.50272, 23.7, 1],
			"to": [8.49728, 24.7, 1.5],
			"rotation": {"angle": 45, "axis": "z", "origin": [8, 22.2, 1.5]},
			"faces": {
				"north": {"uv": [3, 15, 3.5, 15.5], "texture": "#1"},
				"south": {"uv": [0, 0, 4.5, 4.5], "texture": "#1"},
				"down": {"uv": [0, 0, 4.5, 4.5], "rotation": 180, "texture": "#1"}
			}
		},
		{
			"name": "hexadecagon",
			"from": [7.50272, 23.7, 1],
			"to": [8.49728, 24.7, 1.5],
			"rotation": {"angle": 22.5, "axis": "z", "origin": [8, 22.2, 1.5]},
			"faces": {
				"north": {"uv": [8, 15, 8.5, 15.5], "texture": "#1"},
				"south": {"uv": [0, 0, 4.5, 4.5], "texture": "#1"},
				"down": {"uv": [0, 0, 4.5, 4.5], "rotation": 180, "texture": "#1"}
			}
		},
		{
			"name": "hexadecagon",
			"from": [7.50272, 23.7, 1],
			"to": [8.49728, 24.7, 1.5],
			"faces": {
				"north": {"uv": [10, 15, 10.5, 15.5], "texture": "#1"},
				"south": {"uv": [0, 0, 4.5, 4.5], "texture": "#1"},
				"down": {"uv": [0, 0, 4.5, 4.5], "rotation": 180, "texture": "#1"}
			}
		},
		{
			"name": "hexadecagon",
			"from": [7.50272, 23.7, 1],
			"to": [8.49728, 24.7, 1.5],
			"rotation": {"angle": -22.5, "axis": "z", "origin": [8, 22.2, 1.5]},
			"faces": {
				"north": {"uv": [15, 15, 15.5, 15.5], "texture": "#1"},
				"south": {"uv": [0, 0, 4.5, 4.5], "texture": "#1"},
				"down": {"uv": [0, 0, 4.5, 4.5], "rotation": 180, "texture": "#1"}
			}
		},
		{
			"name": "hexadecagon",
			"from": [7.50272, 23.7, 1],
			"to": [8.49728, 24.7, 1.5],
			"rotation": {"angle": -45, "axis": "z", "origin": [8, 22.2, 1.5]},
			"faces": {
				"north": {"uv": [8, 15, 8.5, 15.5], "texture": "#1"},
				"south": {"uv": [0, 0, 4.5, 4.5], "texture": "#1"},
				"down": {"uv": [0, 0, 4.5, 4.5], "rotation": 180, "texture": "#1"}
			}
		},
		{
			"name": "hexadecagon",
			"from": [9.5, 21.70272, 1],
			"to": [10.5, 22.69728, 1.5],
			"rotation": {"angle": 22.5, "axis": "z", "origin": [8, 22.2, 1.5]},
			"faces": {
				"north": {"uv": [2, 15, 2.5, 15.5], "rotation": 90, "texture": "#1"},
				"south": {"uv": [0, 0, 4.5, 4.5], "texture": "#1"},
				"west": {"uv": [0, 0, 4.5, 4.5], "texture": "#1"}
			}
		},
		{
			"name": "hexadecagon",
			"from": [9.5, 21.70272, 1],
			"to": [10.5, 22.69728, 1.5],
			"faces": {
				"north": {"uv": [4, 14, 4.5, 14.5], "rotation": 90, "texture": "#1"},
				"south": {"uv": [0, 0, 4.5, 4.5], "texture": "#1"},
				"west": {"uv": [0, 0, 4.5, 4.5], "texture": "#1"}
			}
		},
		{
			"name": "hexadecagon",
			"from": [9.5, 21.70272, 1],
			"to": [10.5, 22.69728, 1.5],
			"rotation": {"angle": -22.5, "axis": "z", "origin": [8, 22.2, 1.5]},
			"faces": {
				"north": {"uv": [13, 15, 13.5, 15.5], "rotation": 90, "texture": "#1"},
				"south": {"uv": [0, 0, 4.5, 4.5], "texture": "#1"},
				"west": {"uv": [0, 0, 4.5, 4.5], "texture": "#1"}
			}
		},
		{
			"name": "hexadecagon",
			"from": [5.5, 21.70272, 1],
			"to": [6.5, 22.69728, 1.5],
			"rotation": {"angle": 22.5, "axis": "z", "origin": [8, 22.2, 1.5]},
			"faces": {
				"north": {"uv": [12, 14, 12.5, 14.5], "rotation": 90, "texture": "#1"},
				"east": {"uv": [0, 0, 4.5, 4.5], "texture": "#1"},
				"south": {"uv": [0, 0, 4.5, 4.5], "texture": "#1"}
			}
		},
		{
			"name": "hexadecagon",
			"from": [5.5, 21.70272, 1],
			"to": [6.5, 22.69728, 1.5],
			"faces": {
				"north": {"uv": [2, 14, 2.5, 14.5], "rotation": 90, "texture": "#1"},
				"east": {"uv": [0, 0, 4.5, 4.5], "texture": "#1"},
				"south": {"uv": [0, 0, 4.5, 4.5], "texture": "#1"}
			}
		},
		{
			"name": "hexadecagon",
			"from": [5.5, 21.70272, 1],
			"to": [6.5, 22.69728, 1.5],
			"rotation": {"angle": -22.5, "axis": "z", "origin": [8, 22.2, 1.5]},
			"faces": {
				"north": {"uv": [15, 15, 15.5, 15.5], "rotation": 90, "texture": "#1"},
				"east": {"uv": [0, 0, 4.5, 4.5], "texture": "#1"},
				"south": {"uv": [0, 0, 4.5, 4.5], "texture": "#1"}
			}
		},
		{
			"from": [1.5, 15.7, 15],
			"to": [14.5, 28.7, 15.1],
			"faces": {
				"south": {"uv": [0, 0, 16, 16], "texture": "#0"}
			}
		},
		{
			"from": [1.5, 15.7, 0.9],
			"to": [14.5, 28.7, 1],
			"faces": {
				"north": {"uv": [0, 0, 16, 16], "texture": "#0"}
			}
		},
		{
			"from": [1.5, 6.2, 0.9],
			"to": [14.5, 19.2, 1],
			"faces": {
				"north": {"uv": [1, 0, 15, 14], "texture": "#2"}
			}
		},
		{
			"from": [1.5, 6.2, 15],
			"to": [14.5, 19.2, 15.1],
			"faces": {
				"south": {"uv": [1, 0, 15, 14], "texture": "#2"}
			}
		}
	],
	"display": {
		"thirdperson_righthand": {
			"translation": [1.75, -3.25, -3.5],
			"scale": [0.5, 0.5, 0.5]
		},
		"thirdperson_lefthand": {
			"translation": [1.75, -3.25, -3.5],
			"scale": [0.5, 0.5, 0.5]
		},
		"firstperson_righthand": {
			"translation": [6.5, 0, 0]
		},
		"firstperson_lefthand": {
			"translation": [10, 0, 0]
		},
		"ground": {
			"translation": [0, 4.25, 0]
		},
		"gui": {
			"translation": [0, -3, 0],
			"scale": [0.62, 0.62, 0.62]
		},
		"head": {
			"translation": [0, -32.8, 0],
			"scale": [1.3, 1.3, 1.3]
		},
		"fixed": {
			"translation": [0, -5, -7.25],
			"scale": [1.11, 1.11, 1.11]
		}
	},
	"groups": [
		{
			"name": "Posts",
			"children": [
				{
					"name": "Post4",
					"children": [
						{
							"name": "group",
							"children": [0, 1, 2, 3, 4, 5]
						}
					]
				},
				{
					"name": "Post3",
					"children": [
						{
							"name": "group",
							"children": [6, 7, 8, 9, 10, 11, 12]
						}
					]
				},
				{
					"name": "Post2",
					"children": [
						{
							"name": "group",
							"children": [13, 14, 15, 16, 17, 18, 19]
						}
					]
				},
				{
					"name": "Post1",
					"children": [
						{
							"name": "group",
							"children": [20, 21, 22, 23, 24, 25]
						}
					]
				}
			]
		},
		{
			"name": "Walls",
			"children": [26, 27, 28, 29,
				{
					"name": "Topcurves",
					"children": [
						{
							"name": "TopCurve1",
							"children": [30, 31, 32, 33, 34]
						},
						{
							"name": "TopCurve2",
							"children": [35, 36, 37, 38]
						}
					]
				}, 39, 40, 41]
		},
		{
			"name": "Flaps",
			"children": [
				{
					"name": "Flap2",
					"children": [42, 43, 44, 45, 46, 47, 48, 49, 50, 51, 52, 53, 54, 55,
						{
							"name": "hole",
							"children": [56, 57, 58, 59, 60, 61, 62, 63, 64, 65, 66, 67, 68, 69, 70, 71]
						}
					]
				},
				{
					"name": "Flap1",
					"children": [72, 73, 74, 75, 76, 77, 78, 79, 80, 81, 82, 83, 84, 85,
						{
							"name": "hole",
							"children": [86, 87, 88, 89, 90, 91, 92, 93, 94, 95, 96, 97, 98, 99, 100, 101]
						}
					]
				}
			]
		},
		{
			"name": "Display",
			"children": [
				{
					"name": "Body",
					"children": []
				},
				{
					"name": "Hole",
					"children": [102, 103, 104, 105]
				}
			]
		}
	]
}