{
	"credit": "Made by _Kastle. Message Kastle#4801 on Discord for inquiries. If you recieved this model from someone other than myself without context, it was probably stolen.",
	"textures": {
		"1": "block/black_concrete",
		"2": "custom/accessories/hats/oswald"
	},
	"elements": [
		{
			"name": "hexadecagon",
			"from": [7.6519, 2.45, 7.85381],
			"to": [8.3481, 2.95, 9.35381],
			"rotation": {"angle": -45, "axis": "y", "origin": [8, 2.7, 7.60381]},
			"faces": {
				"east": {"uv": [0.016, 0.016, 15.984, 15.984], "texture": "#1"},
				"south": {"uv": [0.016, 0.016, 15.984, 15.984], "texture": "#1"},
				"west": {"uv": [0.016, 0.016, 15.984, 15.984], "texture": "#1"},
				"up": {"uv": [0.016, 0.016, 15.984, 15.984], "texture": "#1"}
			}
		},
		{
			"name": "hexadecagon",
			"from": [7.6519, 2.45, 6.55],
			"to": [8.3481, 2.95, 7.55],
			"rotation": {"angle": -22.5, "axis": "y", "origin": [8, 2.7, 8.3]},
			"faces": {
				"north": {"uv": [0.016, 0.016, 15.984, 15.984], "texture": "#1"},
				"east": {"uv": [0.016, 0.016, 15.984, 15.984], "texture": "#1"},
				"west": {"uv": [0.016, 0.016, 15.984, 15.984], "texture": "#1"},
				"up": {"uv": [0.016, 0.016, 15.984, 15.984], "texture": "#1"}
			}
		},
		{
			"name": "hexadecagon",
			"from": [7.6519, 2.45, 7.85381],
			"to": [8.3481, 2.95, 9.35381],
			"faces": {
				"east": {"uv": [0.016, 0.016, 15.984, 15.984], "texture": "#1"},
				"south": {"uv": [0.016, 0.016, 15.984, 15.984], "texture": "#1"},
				"west": {"uv": [0.016, 0.016, 15.984, 15.984], "texture": "#1"},
				"up": {"uv": [0.016, 0.016, 15.984, 15.984], "texture": "#1"}
			}
		},
		{
			"name": "hexadecagon",
			"from": [7.6519, 2.45, 6.55],
			"to": [8.3481, 2.95, 7.55],
			"rotation": {"angle": 22.5, "axis": "y", "origin": [8, 2.7, 8.3]},
			"faces": {
				"north": {"uv": [0.016, 0.016, 15.984, 15.984], "texture": "#1"},
				"east": {"uv": [0.016, 0.016, 15.984, 15.984], "texture": "#1"},
				"west": {"uv": [0.016, 0.016, 15.984, 15.984], "texture": "#1"},
				"up": {"uv": [0.016, 0.016, 15.984, 15.984], "texture": "#1"}
			}
		},
		{
			"name": "hexadecagon",
			"from": [7.6519, 2.45, 6.55],
			"to": [8.3481, 2.95, 8.05],
			"rotation": {"angle": 45, "axis": "y", "origin": [8, 2.7, 8.3]},
			"faces": {
				"north": {"uv": [0.016, 0.016, 15.984, 15.984], "texture": "#1"},
				"east": {"uv": [0.016, 0.016, 15.984, 15.984], "texture": "#1"},
				"west": {"uv": [0.016, 0.016, 15.984, 15.984], "texture": "#1"},
				"up": {"uv": [0.016, 0.016, 15.984, 15.984], "texture": "#1"}
			}
		},
		{
			"name": "hexadecagon",
			"from": [8.75, 2.45, 7.25571],
			"to": [9.75, 2.95, 7.9519],
			"rotation": {"angle": -22.5, "axis": "y", "origin": [8, 2.7, 7.60381]},
			"faces": {
				"north": {"uv": [0.016, 0.016, 15.984, 15.984], "texture": "#1"},
				"east": {"uv": [0.016, 0.016, 15.984, 15.984], "texture": "#1"},
				"south": {"uv": [0.016, 0.016, 15.984, 15.984], "texture": "#1"},
				"up": {"uv": [0.016, 0.016, 15.984, 15.984], "texture": "#1"}
			}
		},
		{
			"name": "hexadecagon",
			"from": [6.25, 2.45, 7.9519],
			"to": [9.75, 2.95, 7.9519],
			"faces": {
				"north": {"uv": [0.016, 0.016, 15.984, 15.984], "texture": "#1"},
				"south": {"uv": [0.016, 0.016, 15.984, 15.984], "texture": "#1"},
				"up": {"uv": [0.016, 0.016, 15.984, 15.984], "texture": "#1"}
			}
		},
		{
			"name": "hexadecagon",
			"from": [7.50272, 2.25, 6.1],
			"to": [8.49728, 2.75, 10.1],
			"rotation": {"angle": -45, "axis": "y", "origin": [8, 2.5, 7.6]},
			"faces": {
				"east": {"uv": [0.016, 0.016, 15.984, 15.984], "texture": "#1"},
				"south": {"uv": [0.016, 0.016, 15.984, 15.984], "texture": "#1"},
				"west": {"uv": [0.016, 0.016, 15.984, 15.984], "texture": "#1"},
				"up": {"uv": [0.016, 0.016, 15.984, 15.984], "texture": "#1"},
				"down": {"uv": [0.016, 0.016, 15.984, 15.984], "texture": "#1"}
			}
		},
		{
			"name": "hexadecagon",
			"from": [7.50272, 2.25, 6.1],
			"to": [8.49728, 2.75, 10.1],
			"rotation": {"angle": -22.5, "axis": "y", "origin": [8, 2.5, 7.6]},
			"faces": {
				"east": {"uv": [0.016, 0.016, 15.984, 15.984], "texture": "#1"},
				"south": {"uv": [0.016, 0.016, 15.984, 15.984], "texture": "#1"},
				"west": {"uv": [0.016, 0.016, 15.984, 15.984], "texture": "#1"},
				"up": {"uv": [0.016, 0.016, 15.984, 15.984], "texture": "#1"},
				"down": {"uv": [0.016, 0.016, 15.984, 15.984], "texture": "#1"}
			}
		},
		{
			"name": "hexadecagon",
			"from": [7.50272, 2.25, 6.1],
			"to": [8.49728, 2.75, 10.1],
			"faces": {
				"east": {"uv": [0.016, 0.016, 15.984, 15.984], "texture": "#1"},
				"south": {"uv": [0.016, 0.016, 15.984, 15.984], "texture": "#1"},
				"west": {"uv": [0.016, 0.016, 15.984, 15.984], "texture": "#1"},
				"up": {"uv": [0.016, 0.016, 15.984, 15.984], "texture": "#1"},
				"down": {"uv": [0.016, 0.016, 15.984, 15.984], "texture": "#1"}
			}
		},
		{
			"name": "hexadecagon",
			"from": [7.50272, 2.25, 6.6],
			"to": [8.49728, 2.75, 10.1],
			"rotation": {"angle": 22.5, "axis": "y", "origin": [8, 2.5, 7.6]},
			"faces": {
				"east": {"uv": [0.016, 0.016, 15.984, 15.984], "texture": "#1"},
				"south": {"uv": [0.016, 0.016, 15.984, 15.984], "texture": "#1"},
				"west": {"uv": [0.016, 0.016, 15.984, 15.984], "texture": "#1"},
				"up": {"uv": [0.016, 0.016, 15.984, 15.984], "texture": "#1"},
				"down": {"uv": [0.016, 0.016, 15.984, 15.984], "texture": "#1"}
			}
		},
		{
			"name": "hexadecagon",
			"from": [7.50272, 2.25, 6.1],
			"to": [8.49728, 2.75, 10.1],
			"rotation": {"angle": 45, "axis": "y", "origin": [8, 2.5, 7.6]},
			"faces": {
				"east": {"uv": [0.016, 0.016, 15.984, 15.984], "texture": "#1"},
				"south": {"uv": [0.016, 0.016, 15.984, 15.984], "texture": "#1"},
				"west": {"uv": [0.016, 0.016, 15.984, 15.984], "texture": "#1"},
				"up": {"uv": [0.016, 0.016, 15.984, 15.984], "texture": "#1"},
				"down": {"uv": [0.016, 0.016, 15.984, 15.984], "texture": "#1"}
			}
		},
		{
			"name": "hexadecagon",
			"from": [6.5, 2.25, 7.10272],
			"to": [10.5, 2.75, 8.09728],
			"rotation": {"angle": -22.5, "axis": "y", "origin": [8, 2.5, 7.6]},
			"faces": {
				"north": {"uv": [0.016, 0.016, 15.984, 15.984], "texture": "#1"},
				"east": {"uv": [0.016, 0.016, 15.984, 15.984], "texture": "#1"},
				"south": {"uv": [0.016, 0.016, 15.984, 15.984], "texture": "#1"},
				"up": {"uv": [0.016, 0.016, 15.984, 15.984], "texture": "#1"},
				"down": {"uv": [0.016, 0.016, 15.984, 15.984], "texture": "#1"}
			}
		},
		{
			"name": "hexadecagon",
			"from": [5.5, 2.25, 7.10272],
			"to": [9.5, 2.75, 8.09728],
			"rotation": {"angle": 22.5, "axis": "y", "origin": [8, 2.5, 7.6]},
			"faces": {
				"north": {"uv": [0.016, 0.016, 15.984, 15.984], "texture": "#1"},
				"south": {"uv": [0.016, 0.016, 15.984, 15.984], "texture": "#1"},
				"west": {"uv": [0.016, 0.016, 15.984, 15.984], "texture": "#1"},
				"up": {"uv": [0.016, 0.016, 15.984, 15.984], "texture": "#1"},
				"down": {"uv": [0.016, 0.016, 15.984, 15.984], "texture": "#1"}
			}
		},
		{
			"name": "hexadecagon",
			"from": [7.6519, 2.45, 6.55],
			"to": [8.3481, 2.95, 8.05],
			"rotation": {"angle": -45, "axis": "y", "origin": [8, 2.7, 8.3]},
			"faces": {
				"north": {"uv": [0.016, 0.016, 15.984, 15.984], "texture": "#1"},
				"east": {"uv": [0.016, 0.016, 15.984, 15.984], "texture": "#1"},
				"west": {"uv": [0.016, 0.016, 15.984, 15.984], "texture": "#1"},
				"up": {"uv": [0.016, 0.016, 15.984, 15.984], "texture": "#1"}
			}
		},
		{
			"name": "hexadecagon",
			"from": [7.6519, 2.45, 8.35381],
			"to": [8.3481, 2.95, 9.35381],
			"rotation": {"angle": -22.5, "axis": "y", "origin": [8, 2.7, 7.60381]},
			"faces": {
				"east": {"uv": [0.016, 0.016, 15.984, 15.984], "texture": "#1"},
				"south": {"uv": [0.016, 0.016, 15.984, 15.984], "texture": "#1"},
				"west": {"uv": [0.016, 0.016, 15.984, 15.984], "texture": "#1"},
				"up": {"uv": [0.016, 0.016, 15.984, 15.984], "texture": "#1"}
			}
		},
		{
			"name": "hexadecagon",
			"from": [7.6519, 2.45, 6.55],
			"to": [8.3481, 2.95, 8.05],
			"faces": {
				"north": {"uv": [0.016, 0.016, 15.984, 15.984], "texture": "#1"},
				"east": {"uv": [0.016, 0.016, 15.984, 15.984], "texture": "#1"},
				"west": {"uv": [0.016, 0.016, 15.984, 15.984], "texture": "#1"},
				"up": {"uv": [0.016, 0.016, 15.984, 15.984], "texture": "#1"}
			}
		},
		{
			"name": "hexadecagon",
			"from": [7.6519, 2.45, 8.35381],
			"to": [8.3481, 2.95, 9.35381],
			"rotation": {"angle": 22.5, "axis": "y", "origin": [8, 2.7, 7.60381]},
			"faces": {
				"east": {"uv": [0.016, 0.016, 15.984, 15.984], "texture": "#1"},
				"south": {"uv": [0.016, 0.016, 15.984, 15.984], "texture": "#1"},
				"west": {"uv": [0.016, 0.016, 15.984, 15.984], "texture": "#1"},
				"up": {"uv": [0.016, 0.016, 15.984, 15.984], "texture": "#1"}
			}
		},
		{
			"name": "hexadecagon",
			"from": [7.6519, 2.45, 7.85381],
			"to": [8.3481, 2.95, 9.35381],
			"rotation": {"angle": 45, "axis": "y", "origin": [8, 2.7, 7.60381]},
			"faces": {
				"east": {"uv": [0.016, 0.016, 15.984, 15.984], "texture": "#1"},
				"south": {"uv": [0.016, 0.016, 15.984, 15.984], "texture": "#1"},
				"west": {"uv": [0.016, 0.016, 15.984, 15.984], "texture": "#1"},
				"up": {"uv": [0.016, 0.016, 15.984, 15.984], "texture": "#1"}
			}
		},
		{
			"name": "hexadecagon",
			"from": [6.25, 2.45, 7.9519],
			"to": [7.25, 2.95, 8.6481],
			"rotation": {"angle": -22.5, "axis": "y", "origin": [8, 2.7, 8.3]},
			"faces": {
				"north": {"uv": [0.016, 0.016, 15.984, 15.984], "texture": "#1"},
				"south": {"uv": [0.016, 0.016, 15.984, 15.984], "texture": "#1"},
				"west": {"uv": [0.016, 0.016, 15.984, 15.984], "texture": "#1"},
				"up": {"uv": [0.016, 0.016, 15.984, 15.984], "texture": "#1"}
			}
		},
		{
			"name": "hexadecagon",
			"from": [8.75, 2.45, 7.9519],
			"to": [9.75, 2.95, 8.6481],
			"rotation": {"angle": 22.5, "axis": "y", "origin": [8, 2.7, 8.3]},
			"faces": {
				"north": {"uv": [0.016, 0.016, 15.984, 15.984], "texture": "#1"},
				"east": {"uv": [0.016, 0.016, 15.984, 15.984], "texture": "#1"},
				"south": {"uv": [0.016, 0.016, 15.984, 15.984], "texture": "#1"},
				"up": {"uv": [0.016, 0.016, 15.984, 15.984], "texture": "#1"}
			}
		},
		{
			"name": "hexadecagon",
			"from": [6.25, 2.45, 7.25571],
			"to": [7.25, 2.95, 7.9519],
			"rotation": {"angle": 22.5, "axis": "y", "origin": [8, 2.7, 7.60381]},
			"faces": {
				"north": {"uv": [0.016, 0.016, 15.984, 15.984], "texture": "#1"},
				"south": {"uv": [0.016, 0.016, 15.984, 15.984], "texture": "#1"},
				"west": {"uv": [0.016, 0.016, 15.984, 15.984], "texture": "#1"},
				"up": {"uv": [0.016, 0.016, 15.984, 15.984], "texture": "#1"}
			}
		},
		{
			"name": "hexadecagon",
			"from": [7.50272, 2.25, 5.9],
			"to": [8.49728, 2.75, 9.9],
			"rotation": {"angle": -45, "axis": "y", "origin": [8, 2.5, 8.4]},
			"faces": {
				"north": {"uv": [0.016, 0.016, 15.984, 15.984], "texture": "#1"},
				"east": {"uv": [0.016, 0.016, 15.984, 15.984], "texture": "#1"},
				"west": {"uv": [0.016, 0.016, 15.984, 15.984], "texture": "#1"},
				"up": {"uv": [0.016, 0.016, 15.984, 15.984], "texture": "#1"},
				"down": {"uv": [0.016, 0.016, 15.984, 15.984], "texture": "#1"}
			}
		},
		{
			"name": "hexadecagon",
			"from": [7.50272, 2.25, 5.9],
			"to": [8.49728, 2.75, 9.9],
			"rotation": {"angle": -22.5, "axis": "y", "origin": [8, 2.5, 8.4]},
			"faces": {
				"north": {"uv": [0.016, 0.016, 15.984, 15.984], "texture": "#1"},
				"east": {"uv": [0.016, 0.016, 15.984, 15.984], "texture": "#1"},
				"west": {"uv": [0.016, 0.016, 15.984, 15.984], "texture": "#1"},
				"up": {"uv": [0.016, 0.016, 15.984, 15.984], "texture": "#1"},
				"down": {"uv": [0.016, 0.016, 15.984, 15.984], "texture": "#1"}
			}
		},
		{
			"name": "hexadecagon",
			"from": [7.50272, 2.25, 5.9],
			"to": [8.49728, 2.75, 9.9],
			"faces": {
				"north": {"uv": [0.016, 0.016, 15.984, 15.984], "texture": "#1"},
				"east": {"uv": [0.016, 0.016, 15.984, 15.984], "texture": "#1"},
				"west": {"uv": [0.016, 0.016, 15.984, 15.984], "texture": "#1"},
				"up": {"uv": [0.016, 0.016, 15.984, 15.984], "texture": "#1"},
				"down": {"uv": [0.016, 0.016, 15.984, 15.984], "texture": "#1"}
			}
		},
		{
			"name": "hexadecagon",
			"from": [7.50272, 2.25, 5.9],
			"to": [8.49728, 2.75, 9.9],
			"rotation": {"angle": 22.5, "axis": "y", "origin": [8, 2.5, 8.4]},
			"faces": {
				"north": {"uv": [0.016, 0.016, 15.984, 15.984], "texture": "#1"},
				"east": {"uv": [0.016, 0.016, 15.984, 15.984], "texture": "#1"},
				"west": {"uv": [0.016, 0.016, 15.984, 15.984], "texture": "#1"},
				"up": {"uv": [0.016, 0.016, 15.984, 15.984], "texture": "#1"},
				"down": {"uv": [0.016, 0.016, 15.984, 15.984], "texture": "#1"}
			}
		},
		{
			"name": "hexadecagon",
			"from": [7.50272, 2.25, 5.9],
			"to": [8.49728, 2.75, 9.9],
			"rotation": {"angle": 45, "axis": "y", "origin": [8, 2.5, 8.4]},
			"faces": {
				"north": {"uv": [0.016, 0.016, 15.984, 15.984], "texture": "#1"},
				"east": {"uv": [0.016, 0.016, 15.984, 15.984], "texture": "#1"},
				"west": {"uv": [0.016, 0.016, 15.984, 15.984], "texture": "#1"},
				"up": {"uv": [0.016, 0.016, 15.984, 15.984], "texture": "#1"},
				"down": {"uv": [0.016, 0.016, 15.984, 15.984], "texture": "#1"}
			}
		},
		{
			"name": "hexadecagon",
			"from": [5.5, 2.25, 7.90272],
			"to": [9.5, 2.75, 8.89728],
			"rotation": {"angle": -22.5, "axis": "y", "origin": [8, 2.5, 8.4]},
			"faces": {
				"north": {"uv": [0.016, 0.016, 15.984, 15.984], "texture": "#1"},
				"south": {"uv": [0.016, 0.016, 15.984, 15.984], "texture": "#1"},
				"west": {"uv": [0.016, 0.016, 15.984, 15.984], "texture": "#1"},
				"up": {"uv": [0.016, 0.016, 15.984, 15.984], "texture": "#1"},
				"down": {"uv": [0.016, 0.016, 15.984, 15.984], "texture": "#1"}
			}
		},
		{
			"name": "hexadecagon",
			"from": [5.5, 2.25, 7.90272],
			"to": [10.5, 2.75, 8.09728],
			"faces": {
				"north": {"uv": [0.016, 0.016, 15.984, 15.984], "texture": "#1"},
				"east": {"uv": [0.016, 0.016, 15.984, 15.984], "texture": "#1"},
				"south": {"uv": [0.016, 0.016, 15.984, 15.984], "texture": "#1"},
				"west": {"uv": [0.016, 0.016, 15.984, 15.984], "texture": "#1"},
				"up": {"uv": [0.016, 0.016, 15.984, 15.984], "texture": "#1"},
				"down": {"uv": [0.016, 0.016, 15.984, 15.984], "texture": "#1"}
			}
		},
		{
			"name": "hexadecagon",
			"from": [6.5, 2.25, 7.90272],
			"to": [10.5, 2.75, 8.89728],
			"rotation": {"angle": 22.5, "axis": "y", "origin": [8, 2.5, 8.4]},
			"faces": {
				"north": {"uv": [0.016, 0.016, 15.984, 15.984], "texture": "#1"},
				"east": {"uv": [0.016, 0.016, 15.984, 15.984], "texture": "#1"},
				"south": {"uv": [0.016, 0.016, 15.984, 15.984], "texture": "#1"},
				"up": {"uv": [0.016, 0.016, 15.984, 15.984], "texture": "#1"},
				"down": {"uv": [0.016, 0.016, 15.984, 15.984], "texture": "#1"}
			}
		},
		{
			"name": "hexadecagon",
			"from": [7.40326, 2.05, 5.4],
			"to": [8.59674, 2.55, 5.9],
			"rotation": {"angle": -45, "axis": "y", "origin": [8, 2.3, 8.4]},
			"faces": {
				"north": {"uv": [0.016, 0.016, 15.984, 15.984], "texture": "#1"},
				"east": {"uv": [0.016, 0.016, 15.984, 15.984], "texture": "#1"},
				"south": {"uv": [0.016, 0.016, 15.984, 15.984], "texture": "#1"},
				"west": {"uv": [0.016, 0.016, 15.984, 15.984], "texture": "#1"},
				"up": {"uv": [0.016, 0.016, 15.984, 15.984], "texture": "#1"},
				"down": {"uv": [0.016, 0.016, 15.984, 15.984], "texture": "#1"}
			}
		},
		{
			"name": "hexadecagon",
			"from": [7.40326, 2.05, 5.4],
			"to": [8.59674, 2.55, 5.9],
			"rotation": {"angle": -22.5, "axis": "y", "origin": [8, 2.3, 8.4]},
			"faces": {
				"north": {"uv": [0.016, 0.016, 15.984, 15.984], "texture": "#1"},
				"east": {"uv": [0.016, 0.016, 15.984, 15.984], "texture": "#1"},
				"south": {"uv": [0.016, 0.016, 15.984, 15.984], "texture": "#1"},
				"west": {"uv": [0.016, 0.016, 15.984, 15.984], "texture": "#1"},
				"up": {"uv": [0.016, 0.016, 15.984, 15.984], "texture": "#1"},
				"down": {"uv": [0.016, 0.016, 15.984, 15.984], "texture": "#1"}
			}
		},
		{
			"name": "hexadecagon",
			"from": [7.40326, 2.05, 5.4],
			"to": [8.59674, 2.55, 5.9],
			"faces": {
				"north": {"uv": [0.016, 0.016, 15.984, 15.984], "texture": "#1"},
				"east": {"uv": [0.016, 0.016, 15.984, 15.984], "texture": "#1"},
				"south": {"uv": [0.016, 0.016, 15.984, 15.984], "texture": "#1"},
				"west": {"uv": [0.016, 0.016, 15.984, 15.984], "texture": "#1"},
				"up": {"uv": [0.016, 0.016, 15.984, 15.984], "texture": "#1"},
				"down": {"uv": [0.016, 0.016, 15.984, 15.984], "texture": "#1"}
			}
		},
		{
			"name": "hexadecagon",
			"from": [7.40326, 2.05, 5.4],
			"to": [8.59674, 2.55, 5.9],
			"rotation": {"angle": 22.5, "axis": "y", "origin": [8, 2.3, 8.4]},
			"faces": {
				"north": {"uv": [0.016, 0.016, 15.984, 15.984], "texture": "#1"},
				"east": {"uv": [0.016, 0.016, 15.984, 15.984], "texture": "#1"},
				"south": {"uv": [0.016, 0.016, 15.984, 15.984], "texture": "#1"},
				"west": {"uv": [0.016, 0.016, 15.984, 15.984], "texture": "#1"},
				"up": {"uv": [0.016, 0.016, 15.984, 15.984], "texture": "#1"},
				"down": {"uv": [0.016, 0.016, 15.984, 15.984], "texture": "#1"}
			}
		},
		{
			"name": "hexadecagon",
			"from": [7.40326, 2.05, 5.4],
			"to": [8.59674, 2.55, 5.9],
			"rotation": {"angle": 45, "axis": "y", "origin": [8, 2.3, 8.4]},
			"faces": {
				"north": {"uv": [0.016, 0.016, 15.984, 15.984], "texture": "#1"},
				"east": {"uv": [0.016, 0.016, 15.984, 15.984], "texture": "#1"},
				"south": {"uv": [0.016, 0.016, 15.984, 15.984], "texture": "#1"},
				"west": {"uv": [0.016, 0.016, 15.984, 15.984], "texture": "#1"},
				"up": {"uv": [0.016, 0.016, 15.984, 15.984], "texture": "#1"},
				"down": {"uv": [0.016, 0.016, 15.984, 15.984], "texture": "#1"}
			}
		},
		{
			"name": "hexadecagon",
			"from": [7.40326, 2.05, 10.1],
			"to": [8.59674, 2.55, 10.6],
			"rotation": {"angle": -45, "axis": "y", "origin": [8, 2.3, 7.6]},
			"faces": {
				"north": {"uv": [0.016, 0.016, 15.984, 15.984], "texture": "#1"},
				"east": {"uv": [0.016, 0.016, 15.984, 15.984], "texture": "#1"},
				"south": {"uv": [0.016, 0.016, 15.984, 15.984], "texture": "#1"},
				"west": {"uv": [0.016, 0.016, 15.984, 15.984], "texture": "#1"},
				"up": {"uv": [0.016, 0.016, 15.984, 15.984], "texture": "#1"},
				"down": {"uv": [0.016, 0.016, 15.984, 15.984], "texture": "#1"}
			}
		},
		{
			"name": "hexadecagon",
			"from": [7.40326, 2.05, 10.1],
			"to": [8.59674, 2.55, 10.6],
			"rotation": {"angle": -22.5, "axis": "y", "origin": [8, 2.3, 7.6]},
			"faces": {
				"north": {"uv": [0.016, 0.016, 15.984, 15.984], "texture": "#1"},
				"east": {"uv": [0.016, 0.016, 15.984, 15.984], "texture": "#1"},
				"south": {"uv": [0.016, 0.016, 15.984, 15.984], "texture": "#1"},
				"west": {"uv": [0.016, 0.016, 15.984, 15.984], "texture": "#1"},
				"up": {"uv": [0.016, 0.016, 15.984, 15.984], "texture": "#1"},
				"down": {"uv": [0.016, 0.016, 15.984, 15.984], "texture": "#1"}
			}
		},
		{
			"name": "hexadecagon",
			"from": [7.40326, 2.05, 10.1],
			"to": [8.59674, 2.55, 10.6],
			"faces": {
				"north": {"uv": [0.016, 0.016, 15.984, 15.984], "texture": "#1"},
				"east": {"uv": [0.016, 0.016, 15.984, 15.984], "texture": "#1"},
				"south": {"uv": [0.016, 0.016, 15.984, 15.984], "texture": "#1"},
				"west": {"uv": [0.016, 0.016, 15.984, 15.984], "texture": "#1"},
				"up": {"uv": [0.016, 0.016, 15.984, 15.984], "texture": "#1"},
				"down": {"uv": [0.016, 0.016, 15.984, 15.984], "texture": "#1"}
			}
		},
		{
			"name": "hexadecagon",
			"from": [7.40326, 2.05, 10.1],
			"to": [8.59674, 2.55, 10.6],
			"rotation": {"angle": 22.5, "axis": "y", "origin": [8, 2.3, 7.6]},
			"faces": {
				"north": {"uv": [0.016, 0.016, 15.984, 15.984], "texture": "#1"},
				"east": {"uv": [0.016, 0.016, 15.984, 15.984], "texture": "#1"},
				"south": {"uv": [0.016, 0.016, 15.984, 15.984], "texture": "#1"},
				"west": {"uv": [0.016, 0.016, 15.984, 15.984], "texture": "#1"},
				"up": {"uv": [0.016, 0.016, 15.984, 15.984], "texture": "#1"},
				"down": {"uv": [0.016, 0.016, 15.984, 15.984], "texture": "#1"}
			}
		},
		{
			"name": "hexadecagon",
			"from": [7.40326, 2.05, 10.1],
			"to": [8.59674, 2.55, 10.6],
			"rotation": {"angle": 45, "axis": "y", "origin": [8, 2.3, 7.6]},
			"faces": {
				"north": {"uv": [0.016, 0.016, 15.984, 15.984], "texture": "#1"},
				"east": {"uv": [0.016, 0.016, 15.984, 15.984], "texture": "#1"},
				"south": {"uv": [0.016, 0.016, 15.984, 15.984], "texture": "#1"},
				"west": {"uv": [0.016, 0.016, 15.984, 15.984], "texture": "#1"},
				"up": {"uv": [0.016, 0.016, 15.984, 15.984], "texture": "#1"},
				"down": {"uv": [0.016, 0.016, 15.984, 15.984], "texture": "#1"}
			}
		},
		{
			"name": "hexadecagon",
			"from": [5, 2.05, 7.80326],
			"to": [5.5, 2.55, 8.99674],
			"rotation": {"angle": -22.5, "axis": "y", "origin": [8, 2.3, 8.4]},
			"faces": {
				"north": {"uv": [0.016, 0.016, 15.984, 15.984], "texture": "#1"},
				"east": {"uv": [0.016, 0.016, 15.984, 15.984], "texture": "#1"},
				"south": {"uv": [0.016, 0.016, 15.984, 15.984], "texture": "#1"},
				"west": {"uv": [0.016, 0.016, 15.984, 15.984], "texture": "#1"},
				"up": {"uv": [0.016, 0.016, 15.984, 15.984], "texture": "#1"},
				"down": {"uv": [0.016, 0.016, 15.984, 15.984], "texture": "#1"}
			}
		},
		{
			"name": "hexadecagon",
			"from": [5, 2.05, 7.80326],
			"to": [5.5, 2.55, 8.19674],
			"faces": {
				"north": {"uv": [0.016, 0.016, 15.984, 15.984], "texture": "#1"},
				"east": {"uv": [0.016, 0.016, 15.984, 15.984], "texture": "#1"},
				"south": {"uv": [0.016, 0.016, 15.984, 15.984], "texture": "#1"},
				"west": {"uv": [0.016, 0.016, 15.984, 15.984], "texture": "#1"},
				"up": {"uv": [0.016, 0.016, 15.984, 15.984], "texture": "#1"},
				"down": {"uv": [0.016, 0.016, 15.984, 15.984], "texture": "#1"}
			}
		},
		{
			"name": "hexadecagon",
			"from": [5, 2.05, 7.00326],
			"to": [5.5, 2.55, 8.19674],
			"rotation": {"angle": 22.5, "axis": "y", "origin": [8, 2.3, 7.6]},
			"faces": {
				"north": {"uv": [0.016, 0.016, 15.984, 15.984], "texture": "#1"},
				"east": {"uv": [0.016, 0.016, 15.984, 15.984], "texture": "#1"},
				"south": {"uv": [0.016, 0.016, 15.984, 15.984], "texture": "#1"},
				"west": {"uv": [0.016, 0.016, 15.984, 15.984], "texture": "#1"},
				"up": {"uv": [0.016, 0.016, 15.984, 15.984], "texture": "#1"},
				"down": {"uv": [0.016, 0.016, 15.984, 15.984], "texture": "#1"}
			}
		},
		{
			"name": "hexadecagon",
			"from": [10.5, 2.05, 7.00326],
			"to": [11, 2.55, 8.19674],
			"rotation": {"angle": -22.5, "axis": "y", "origin": [8, 2.3, 7.6]},
			"faces": {
				"north": {"uv": [0.016, 0.016, 15.984, 15.984], "texture": "#1"},
				"east": {"uv": [0.016, 0.016, 15.984, 15.984], "texture": "#1"},
				"south": {"uv": [0.016, 0.016, 15.984, 15.984], "texture": "#1"},
				"west": {"uv": [0.016, 0.016, 15.984, 15.984], "texture": "#1"},
				"up": {"uv": [0.016, 0.016, 15.984, 15.984], "texture": "#1"},
				"down": {"uv": [0.016, 0.016, 15.984, 15.984], "texture": "#1"}
			}
		},
		{
			"name": "hexadecagon",
			"from": [10.5, 2.05, 7.80326],
			"to": [11, 2.55, 8.19674],
			"faces": {
				"north": {"uv": [0.016, 0.016, 15.984, 15.984], "texture": "#1"},
				"east": {"uv": [0.016, 0.016, 15.984, 15.984], "texture": "#1"},
				"south": {"uv": [0.016, 0.016, 15.984, 15.984], "texture": "#1"},
				"west": {"uv": [0.016, 0.016, 15.984, 15.984], "texture": "#1"},
				"up": {"uv": [0.016, 0.016, 15.984, 15.984], "texture": "#1"},
				"down": {"uv": [0.016, 0.016, 15.984, 15.984], "texture": "#1"}
			}
		},
		{
			"name": "hexadecagon",
			"from": [10.5, 2.05, 7.80326],
			"to": [11, 2.55, 8.99674],
			"rotation": {"angle": 22.5, "axis": "y", "origin": [8, 2.3, 8.4]},
			"faces": {
				"north": {"uv": [0.016, 0.016, 15.984, 15.984], "texture": "#1"},
				"east": {"uv": [0.016, 0.016, 15.984, 15.984], "texture": "#1"},
				"south": {"uv": [0.016, 0.016, 15.984, 15.984], "texture": "#1"},
				"west": {"uv": [0.016, 0.016, 15.984, 15.984], "texture": "#1"},
				"up": {"uv": [0.016, 0.016, 15.984, 15.984], "texture": "#1"},
				"down": {"uv": [0.016, 0.016, 15.984, 15.984], "texture": "#1"}
			}
		},
		{
			"name": "hexadecagon",
			"from": [7.30381, 1.75, 4.9],
			"to": [8.69619, 2.25, 5.4],
			"rotation": {"angle": -45, "axis": "y", "origin": [8, 2, 8.4]},
			"faces": {
				"north": {"uv": [0.016, 0.016, 15.984, 15.984], "texture": "#1"},
				"east": {"uv": [0.016, 0.016, 15.984, 15.984], "texture": "#1"},
				"south": {"uv": [0.016, 0.016, 15.984, 15.984], "texture": "#1"},
				"west": {"uv": [0.016, 0.016, 15.984, 15.984], "texture": "#1"},
				"up": {"uv": [0.016, 0.016, 15.984, 15.984], "texture": "#1"},
				"down": {"uv": [0.016, 0.016, 15.984, 15.984], "texture": "#1"}
			}
		},
		{
			"name": "hexadecagon",
			"from": [7.30381, 1.75, 4.9],
			"to": [8.69619, 2.25, 5.4],
			"rotation": {"angle": -22.5, "axis": "y", "origin": [8, 2, 8.4]},
			"faces": {
				"north": {"uv": [0.016, 0.016, 15.984, 15.984], "texture": "#1"},
				"east": {"uv": [0.016, 0.016, 15.984, 15.984], "texture": "#1"},
				"south": {"uv": [0.016, 0.016, 15.984, 15.984], "texture": "#1"},
				"west": {"uv": [0.016, 0.016, 15.984, 15.984], "texture": "#1"},
				"up": {"uv": [0.016, 0.016, 15.984, 15.984], "texture": "#1"},
				"down": {"uv": [0.016, 0.016, 15.984, 15.984], "texture": "#1"}
			}
		},
		{
			"name": "hexadecagon",
			"from": [7.30381, 1.75, 4.9],
			"to": [8.69619, 2.25, 5.4],
			"faces": {
				"north": {"uv": [0.016, 0.016, 15.984, 15.984], "texture": "#1"},
				"east": {"uv": [0.016, 0.016, 15.984, 15.984], "texture": "#1"},
				"south": {"uv": [0.016, 0.016, 15.984, 15.984], "texture": "#1"},
				"west": {"uv": [0.016, 0.016, 15.984, 15.984], "texture": "#1"},
				"up": {"uv": [0.016, 0.016, 15.984, 15.984], "texture": "#1"},
				"down": {"uv": [0.016, 0.016, 15.984, 15.984], "texture": "#1"}
			}
		},
		{
			"name": "hexadecagon",
			"from": [7.30381, 1.75, 4.9],
			"to": [8.69619, 2.25, 5.4],
			"rotation": {"angle": 22.5, "axis": "y", "origin": [8, 2, 8.4]},
			"faces": {
				"north": {"uv": [0.016, 0.016, 15.984, 15.984], "texture": "#1"},
				"east": {"uv": [0.016, 0.016, 15.984, 15.984], "texture": "#1"},
				"south": {"uv": [0.016, 0.016, 15.984, 15.984], "texture": "#1"},
				"west": {"uv": [0.016, 0.016, 15.984, 15.984], "texture": "#1"},
				"up": {"uv": [0.016, 0.016, 15.984, 15.984], "texture": "#1"},
				"down": {"uv": [0.016, 0.016, 15.984, 15.984], "texture": "#1"}
			}
		},
		{
			"name": "hexadecagon",
			"from": [7.30381, 1.75, 4.9],
			"to": [8.69619, 2.25, 5.4],
			"rotation": {"angle": 45, "axis": "y", "origin": [8, 2, 8.4]},
			"faces": {
				"north": {"uv": [0.016, 0.016, 15.984, 15.984], "texture": "#1"},
				"east": {"uv": [0.016, 0.016, 15.984, 15.984], "texture": "#1"},
				"south": {"uv": [0.016, 0.016, 15.984, 15.984], "texture": "#1"},
				"west": {"uv": [0.016, 0.016, 15.984, 15.984], "texture": "#1"},
				"up": {"uv": [0.016, 0.016, 15.984, 15.984], "texture": "#1"},
				"down": {"uv": [0.016, 0.016, 15.984, 15.984], "texture": "#1"}
			}
		},
		{
			"name": "hexadecagon",
			"from": [7.30381, 1.75, 10.6],
			"to": [8.69619, 2.25, 11.1],
			"rotation": {"angle": -45, "axis": "y", "origin": [8, 2, 7.6]},
			"faces": {
				"north": {"uv": [0.016, 0.016, 15.984, 15.984], "texture": "#1"},
				"east": {"uv": [0.016, 0.016, 15.984, 15.984], "texture": "#1"},
				"south": {"uv": [0.016, 0.016, 15.984, 15.984], "texture": "#1"},
				"west": {"uv": [0.016, 0.016, 15.984, 15.984], "texture": "#1"},
				"up": {"uv": [0.016, 0.016, 15.984, 15.984], "texture": "#1"},
				"down": {"uv": [0.016, 0.016, 15.984, 15.984], "texture": "#1"}
			}
		},
		{
			"name": "hexadecagon",
			"from": [7.30381, 1.75, 10.6],
			"to": [8.69619, 2.25, 11.1],
			"rotation": {"angle": -22.5, "axis": "y", "origin": [8, 2, 7.6]},
			"faces": {
				"north": {"uv": [0.016, 0.016, 15.984, 15.984], "texture": "#1"},
				"east": {"uv": [0.016, 0.016, 15.984, 15.984], "texture": "#1"},
				"south": {"uv": [0.016, 0.016, 15.984, 15.984], "texture": "#1"},
				"west": {"uv": [0.016, 0.016, 15.984, 15.984], "texture": "#1"},
				"up": {"uv": [0.016, 0.016, 15.984, 15.984], "texture": "#1"},
				"down": {"uv": [0.016, 0.016, 15.984, 15.984], "texture": "#1"}
			}
		},
		{
			"name": "hexadecagon",
			"from": [7.30381, 1.75, 10.6],
			"to": [8.69619, 2.25, 11.1],
			"faces": {
				"north": {"uv": [0.016, 0.016, 15.984, 15.984], "texture": "#1"},
				"east": {"uv": [0.016, 0.016, 15.984, 15.984], "texture": "#1"},
				"south": {"uv": [0.016, 0.016, 15.984, 15.984], "texture": "#1"},
				"west": {"uv": [0.016, 0.016, 15.984, 15.984], "texture": "#1"},
				"up": {"uv": [0.016, 0.016, 15.984, 15.984], "texture": "#1"},
				"down": {"uv": [0.016, 0.016, 15.984, 15.984], "texture": "#1"}
			}
		},
		{
			"name": "hexadecagon",
			"from": [7.30381, 1.75, 10.6],
			"to": [8.69619, 2.25, 11.1],
			"rotation": {"angle": 22.5, "axis": "y", "origin": [8, 2, 7.6]},
			"faces": {
				"north": {"uv": [0.016, 0.016, 15.984, 15.984], "texture": "#1"},
				"east": {"uv": [0.016, 0.016, 15.984, 15.984], "texture": "#1"},
				"south": {"uv": [0.016, 0.016, 15.984, 15.984], "texture": "#1"},
				"west": {"uv": [0.016, 0.016, 15.984, 15.984], "texture": "#1"},
				"up": {"uv": [0.016, 0.016, 15.984, 15.984], "texture": "#1"},
				"down": {"uv": [0.016, 0.016, 15.984, 15.984], "texture": "#1"}
			}
		},
		{
			"name": "hexadecagon",
			"from": [7.30381, 1.75, 10.6],
			"to": [8.69619, 2.25, 11.1],
			"rotation": {"angle": 45, "axis": "y", "origin": [8, 2, 7.6]},
			"faces": {
				"north": {"uv": [0.016, 0.016, 15.984, 15.984], "texture": "#1"},
				"east": {"uv": [0.016, 0.016, 15.984, 15.984], "texture": "#1"},
				"south": {"uv": [0.016, 0.016, 15.984, 15.984], "texture": "#1"},
				"west": {"uv": [0.016, 0.016, 15.984, 15.984], "texture": "#1"},
				"up": {"uv": [0.016, 0.016, 15.984, 15.984], "texture": "#1"},
				"down": {"uv": [0.016, 0.016, 15.984, 15.984], "texture": "#1"}
			}
		},
		{
			"name": "hexadecagon",
			"from": [4.5, 1.75, 7.70381],
			"to": [5, 2.25, 9.09619],
			"rotation": {"angle": -22.5, "axis": "y", "origin": [8, 2, 8.4]},
			"faces": {
				"north": {"uv": [0.016, 0.016, 15.984, 15.984], "texture": "#1"},
				"east": {"uv": [0.016, 0.016, 15.984, 15.984], "texture": "#1"},
				"south": {"uv": [0.016, 0.016, 15.984, 15.984], "texture": "#1"},
				"west": {"uv": [0.016, 0.016, 15.984, 15.984], "texture": "#1"},
				"up": {"uv": [0.016, 0.016, 15.984, 15.984], "texture": "#1"},
				"down": {"uv": [0.016, 0.016, 15.984, 15.984], "texture": "#1"}
			}
		},
		{
			"name": "hexadecagon",
			"from": [4.5, 1.75, 7.70381],
			"to": [5, 2.25, 8.29619],
			"faces": {
				"north": {"uv": [0.016, 0.016, 15.984, 15.984], "texture": "#1"},
				"east": {"uv": [0.016, 0.016, 15.984, 15.984], "texture": "#1"},
				"south": {"uv": [0.016, 0.016, 15.984, 15.984], "texture": "#1"},
				"west": {"uv": [0.016, 0.016, 15.984, 15.984], "texture": "#1"},
				"up": {"uv": [0.016, 0.016, 15.984, 15.984], "texture": "#1"},
				"down": {"uv": [0.016, 0.016, 15.984, 15.984], "texture": "#1"}
			}
		},
		{
			"name": "hexadecagon",
			"from": [4.5, 1.75, 6.90381],
			"to": [5, 2.25, 8.29619],
			"rotation": {"angle": 22.5, "axis": "y", "origin": [8, 2, 7.6]},
			"faces": {
				"north": {"uv": [0.016, 0.016, 15.984, 15.984], "texture": "#1"},
				"east": {"uv": [0.016, 0.016, 15.984, 15.984], "texture": "#1"},
				"south": {"uv": [0.016, 0.016, 15.984, 15.984], "texture": "#1"},
				"west": {"uv": [0.016, 0.016, 15.984, 15.984], "texture": "#1"},
				"up": {"uv": [0.016, 0.016, 15.984, 15.984], "texture": "#1"},
				"down": {"uv": [0.016, 0.016, 15.984, 15.984], "texture": "#1"}
			}
		},
		{
			"name": "hexadecagon",
			"from": [11, 1.75, 6.90381],
			"to": [11.5, 2.25, 8.29619],
			"rotation": {"angle": -22.5, "axis": "y", "origin": [8, 2, 7.6]},
			"faces": {
				"north": {"uv": [0.016, 0.016, 15.984, 15.984], "texture": "#1"},
				"east": {"uv": [0.016, 0.016, 15.984, 15.984], "texture": "#1"},
				"south": {"uv": [0.016, 0.016, 15.984, 15.984], "texture": "#1"},
				"west": {"uv": [0.016, 0.016, 15.984, 15.984], "texture": "#1"},
				"up": {"uv": [0.016, 0.016, 15.984, 15.984], "texture": "#1"},
				"down": {"uv": [0.016, 0.016, 15.984, 15.984], "texture": "#1"}
			}
		},
		{
			"name": "hexadecagon",
			"from": [11, 1.75, 7.70381],
			"to": [11.5, 2.25, 8.29619],
			"faces": {
				"north": {"uv": [0.016, 0.016, 15.984, 15.984], "texture": "#1"},
				"east": {"uv": [0.016, 0.016, 15.984, 15.984], "texture": "#1"},
				"south": {"uv": [0.016, 0.016, 15.984, 15.984], "texture": "#1"},
				"west": {"uv": [0.016, 0.016, 15.984, 15.984], "texture": "#1"},
				"up": {"uv": [0.016, 0.016, 15.984, 15.984], "texture": "#1"},
				"down": {"uv": [0.016, 0.016, 15.984, 15.984], "texture": "#1"}
			}
		},
		{
			"name": "hexadecagon",
			"from": [11, 1.75, 7.70381],
			"to": [11.5, 2.25, 9.09619],
			"rotation": {"angle": 22.5, "axis": "y", "origin": [8, 2, 8.4]},
			"faces": {
				"north": {"uv": [0.016, 0.016, 15.984, 15.984], "texture": "#1"},
				"east": {"uv": [0.016, 0.016, 15.984, 15.984], "texture": "#1"},
				"south": {"uv": [0.016, 0.016, 15.984, 15.984], "texture": "#1"},
				"west": {"uv": [0.016, 0.016, 15.984, 15.984], "texture": "#1"},
				"up": {"uv": [0.016, 0.016, 15.984, 15.984], "texture": "#1"},
				"down": {"uv": [0.016, 0.016, 15.984, 15.984], "texture": "#1"}
			}
		},
		{
			"name": "hexadecagon",
			"from": [7.25408, 1.4, 4.65],
			"to": [8.74592, 1.9, 5.15],
			"rotation": {"angle": -45, "axis": "y", "origin": [8, 1.65, 8.4]},
			"faces": {
				"north": {"uv": [0.016, 0.016, 15.984, 15.984], "texture": "#1"},
				"east": {"uv": [0.016, 0.016, 15.984, 15.984], "texture": "#1"},
				"south": {"uv": [0.016, 0.016, 15.984, 15.984], "texture": "#1"},
				"west": {"uv": [0.016, 0.016, 15.984, 15.984], "texture": "#1"},
				"up": {"uv": [0.016, 0.016, 15.984, 15.984], "texture": "#1"},
				"down": {"uv": [0.016, 0.016, 15.984, 15.984], "texture": "#1"}
			}
		},
		{
			"name": "hexadecagon",
			"from": [7.25408, 1.4, 4.65],
			"to": [8.74592, 1.9, 5.15],
			"rotation": {"angle": -22.5, "axis": "y", "origin": [8, 1.65, 8.4]},
			"faces": {
				"north": {"uv": [0.016, 0.016, 15.984, 15.984], "texture": "#1"},
				"east": {"uv": [0.016, 0.016, 15.984, 15.984], "texture": "#1"},
				"south": {"uv": [0.016, 0.016, 15.984, 15.984], "texture": "#1"},
				"west": {"uv": [0.016, 0.016, 15.984, 15.984], "texture": "#1"},
				"up": {"uv": [0.016, 0.016, 15.984, 15.984], "texture": "#1"},
				"down": {"uv": [0.016, 0.016, 15.984, 15.984], "texture": "#1"}
			}
		},
		{
			"name": "hexadecagon",
			"from": [7.25408, 1.4, 4.65],
			"to": [8.74592, 1.9, 5.15],
			"faces": {
				"north": {"uv": [0.016, 0.016, 15.984, 15.984], "texture": "#1"},
				"east": {"uv": [0.016, 0.016, 15.984, 15.984], "texture": "#1"},
				"south": {"uv": [0.016, 0.016, 15.984, 15.984], "texture": "#1"},
				"west": {"uv": [0.016, 0.016, 15.984, 15.984], "texture": "#1"},
				"up": {"uv": [0.016, 0.016, 15.984, 15.984], "texture": "#1"},
				"down": {"uv": [0.016, 0.016, 15.984, 15.984], "texture": "#1"}
			}
		},
		{
			"name": "hexadecagon",
			"from": [7.25408, 1.4, 4.65],
			"to": [8.74592, 1.9, 5.15],
			"rotation": {"angle": 22.5, "axis": "y", "origin": [8, 1.65, 8.4]},
			"faces": {
				"north": {"uv": [0.016, 0.016, 15.984, 15.984], "texture": "#1"},
				"east": {"uv": [0.016, 0.016, 15.984, 15.984], "texture": "#1"},
				"south": {"uv": [0.016, 0.016, 15.984, 15.984], "texture": "#1"},
				"west": {"uv": [0.016, 0.016, 15.984, 15.984], "texture": "#1"},
				"up": {"uv": [0.016, 0.016, 15.984, 15.984], "texture": "#1"},
				"down": {"uv": [0.016, 0.016, 15.984, 15.984], "texture": "#1"}
			}
		},
		{
			"name": "hexadecagon",
			"from": [7.25408, 1.4, 4.65],
			"to": [8.74592, 1.9, 5.15],
			"rotation": {"angle": 45, "axis": "y", "origin": [8, 1.65, 8.4]},
			"faces": {
				"north": {"uv": [0.016, 0.016, 15.984, 15.984], "texture": "#1"},
				"east": {"uv": [0.016, 0.016, 15.984, 15.984], "texture": "#1"},
				"south": {"uv": [0.016, 0.016, 15.984, 15.984], "texture": "#1"},
				"west": {"uv": [0.016, 0.016, 15.984, 15.984], "texture": "#1"},
				"up": {"uv": [0.016, 0.016, 15.984, 15.984], "texture": "#1"},
				"down": {"uv": [0.016, 0.016, 15.984, 15.984], "texture": "#1"}
			}
		},
		{
			"name": "hexadecagon",
			"from": [7.25408, 1.4, 10.85],
			"to": [8.74592, 1.9, 11.35],
			"rotation": {"angle": -45, "axis": "y", "origin": [8, 1.65, 7.6]},
			"faces": {
				"north": {"uv": [0.016, 0.016, 15.984, 15.984], "texture": "#1"},
				"east": {"uv": [0.016, 0.016, 15.984, 15.984], "texture": "#1"},
				"south": {"uv": [0.016, 0.016, 15.984, 15.984], "texture": "#1"},
				"west": {"uv": [0.016, 0.016, 15.984, 15.984], "texture": "#1"},
				"up": {"uv": [0.016, 0.016, 15.984, 15.984], "texture": "#1"},
				"down": {"uv": [0.016, 0.016, 15.984, 15.984], "texture": "#1"}
			}
		},
		{
			"name": "hexadecagon",
			"from": [7.25408, 1.4, 10.85],
			"to": [8.74592, 1.9, 11.35],
			"rotation": {"angle": -22.5, "axis": "y", "origin": [8, 1.65, 7.6]},
			"faces": {
				"north": {"uv": [0.016, 0.016, 15.984, 15.984], "texture": "#1"},
				"east": {"uv": [0.016, 0.016, 15.984, 15.984], "texture": "#1"},
				"south": {"uv": [0.016, 0.016, 15.984, 15.984], "texture": "#1"},
				"west": {"uv": [0.016, 0.016, 15.984, 15.984], "texture": "#1"},
				"up": {"uv": [0.016, 0.016, 15.984, 15.984], "texture": "#1"},
				"down": {"uv": [0.016, 0.016, 15.984, 15.984], "texture": "#1"}
			}
		},
		{
			"name": "hexadecagon",
			"from": [7.25408, 1.4, 10.85],
			"to": [8.74592, 1.9, 11.35],
			"faces": {
				"north": {"uv": [0.016, 0.016, 15.984, 15.984], "texture": "#1"},
				"east": {"uv": [0.016, 0.016, 15.984, 15.984], "texture": "#1"},
				"south": {"uv": [0.016, 0.016, 15.984, 15.984], "texture": "#1"},
				"west": {"uv": [0.016, 0.016, 15.984, 15.984], "texture": "#1"},
				"up": {"uv": [0.016, 0.016, 15.984, 15.984], "texture": "#1"},
				"down": {"uv": [0.016, 0.016, 15.984, 15.984], "texture": "#1"}
			}
		},
		{
			"name": "hexadecagon",
			"from": [7.25408, 1.4, 10.85],
			"to": [8.74592, 1.9, 11.35],
			"rotation": {"angle": 22.5, "axis": "y", "origin": [8, 1.65, 7.6]},
			"faces": {
				"north": {"uv": [0.016, 0.016, 15.984, 15.984], "texture": "#1"},
				"east": {"uv": [0.016, 0.016, 15.984, 15.984], "texture": "#1"},
				"south": {"uv": [0.016, 0.016, 15.984, 15.984], "texture": "#1"},
				"west": {"uv": [0.016, 0.016, 15.984, 15.984], "texture": "#1"},
				"up": {"uv": [0.016, 0.016, 15.984, 15.984], "texture": "#1"},
				"down": {"uv": [0.016, 0.016, 15.984, 15.984], "texture": "#1"}
			}
		},
		{
			"name": "hexadecagon",
			"from": [7.25408, 1.4, 10.85],
			"to": [8.74592, 1.9, 11.35],
			"rotation": {"angle": 45, "axis": "y", "origin": [8, 1.65, 7.6]},
			"faces": {
				"north": {"uv": [0.016, 0.016, 15.984, 15.984], "texture": "#1"},
				"east": {"uv": [0.016, 0.016, 15.984, 15.984], "texture": "#1"},
				"south": {"uv": [0.016, 0.016, 15.984, 15.984], "texture": "#1"},
				"west": {"uv": [0.016, 0.016, 15.984, 15.984], "texture": "#1"},
				"up": {"uv": [0.016, 0.016, 15.984, 15.984], "texture": "#1"},
				"down": {"uv": [0.016, 0.016, 15.984, 15.984], "texture": "#1"}
			}
		},
		{
			"name": "hexadecagon",
			"from": [4.25, 1.4, 7.65408],
			"to": [4.75, 1.9, 9.14592],
			"rotation": {"angle": -22.5, "axis": "y", "origin": [8, 1.65, 8.4]},
			"faces": {
				"north": {"uv": [0.016, 0.016, 15.984, 15.984], "texture": "#1"},
				"east": {"uv": [0.016, 0.016, 15.984, 15.984], "texture": "#1"},
				"south": {"uv": [0.016, 0.016, 15.984, 15.984], "texture": "#1"},
				"west": {"uv": [0.016, 0.016, 15.984, 15.984], "texture": "#1"},
				"up": {"uv": [0.016, 0.016, 15.984, 15.984], "texture": "#1"},
				"down": {"uv": [0.016, 0.016, 15.984, 15.984], "texture": "#1"}
			}
		},
		{
			"name": "hexadecagon",
			"from": [4.25, 1.4, 7.65408],
			"to": [4.75, 1.9, 8.34592],
			"faces": {
				"north": {"uv": [0.016, 0.016, 15.984, 15.984], "texture": "#1"},
				"east": {"uv": [0.016, 0.016, 15.984, 15.984], "texture": "#1"},
				"south": {"uv": [0.016, 0.016, 15.984, 15.984], "texture": "#1"},
				"west": {"uv": [0.016, 0.016, 15.984, 15.984], "texture": "#1"},
				"up": {"uv": [0.016, 0.016, 15.984, 15.984], "texture": "#1"},
				"down": {"uv": [0.016, 0.016, 15.984, 15.984], "texture": "#1"}
			}
		},
		{
			"name": "hexadecagon",
			"from": [4.25, 1.4, 6.85408],
			"to": [4.75, 1.9, 8.34592],
			"rotation": {"angle": 22.5, "axis": "y", "origin": [8, 1.65, 7.6]},
			"faces": {
				"north": {"uv": [0.016, 0.016, 15.984, 15.984], "texture": "#1"},
				"east": {"uv": [0.016, 0.016, 15.984, 15.984], "texture": "#1"},
				"south": {"uv": [0.016, 0.016, 15.984, 15.984], "texture": "#1"},
				"west": {"uv": [0.016, 0.016, 15.984, 15.984], "texture": "#1"},
				"up": {"uv": [0.016, 0.016, 15.984, 15.984], "texture": "#1"},
				"down": {"uv": [0.016, 0.016, 15.984, 15.984], "texture": "#1"}
			}
		},
		{
			"name": "hexadecagon",
			"from": [11.25, 1.4, 6.85408],
			"to": [11.75, 1.9, 8.34592],
			"rotation": {"angle": -22.5, "axis": "y", "origin": [8, 1.65, 7.6]},
			"faces": {
				"north": {"uv": [0.016, 0.016, 15.984, 15.984], "texture": "#1"},
				"east": {"uv": [0.016, 0.016, 15.984, 15.984], "texture": "#1"},
				"south": {"uv": [0.016, 0.016, 15.984, 15.984], "texture": "#1"},
				"west": {"uv": [0.016, 0.016, 15.984, 15.984], "texture": "#1"},
				"up": {"uv": [0.016, 0.016, 15.984, 15.984], "texture": "#1"},
				"down": {"uv": [0.016, 0.016, 15.984, 15.984], "texture": "#1"}
			}
		},
		{
			"name": "hexadecagon",
			"from": [11.25, 1.4, 7.65408],
			"to": [11.75, 1.9, 8.34592],
			"faces": {
				"north": {"uv": [0.016, 0.016, 15.984, 15.984], "texture": "#1"},
				"east": {"uv": [0.016, 0.016, 15.984, 15.984], "texture": "#1"},
				"south": {"uv": [0.016, 0.016, 15.984, 15.984], "texture": "#1"},
				"west": {"uv": [0.016, 0.016, 15.984, 15.984], "texture": "#1"},
				"up": {"uv": [0.016, 0.016, 15.984, 15.984], "texture": "#1"},
				"down": {"uv": [0.016, 0.016, 15.984, 15.984], "texture": "#1"}
			}
		},
		{
			"name": "hexadecagon",
			"from": [11.25, 1.4, 7.65408],
			"to": [11.75, 1.9, 9.14592],
			"rotation": {"angle": 22.5, "axis": "y", "origin": [8, 1.65, 8.4]},
			"faces": {
				"north": {"uv": [0.016, 0.016, 15.984, 15.984], "texture": "#1"},
				"east": {"uv": [0.016, 0.016, 15.984, 15.984], "texture": "#1"},
				"south": {"uv": [0.016, 0.016, 15.984, 15.984], "texture": "#1"},
				"west": {"uv": [0.016, 0.016, 15.984, 15.984], "texture": "#1"},
				"up": {"uv": [0.016, 0.016, 15.984, 15.984], "texture": "#1"},
				"down": {"uv": [0.016, 0.016, 15.984, 15.984], "texture": "#1"}
			}
		},
		{
			"name": "hexadecagon",
			"from": [7.22921, 0.95, 4.525],
			"to": [8.77079, 1.45, 5.025],
			"rotation": {"angle": -45, "axis": "y", "origin": [8, 1.7, 8.4]},
			"faces": {
				"north": {"uv": [0.016, 0.016, 15.984, 15.984], "texture": "#1"},
				"east": {"uv": [0.016, 0.016, 15.984, 15.984], "texture": "#1"},
				"south": {"uv": [0.016, 0.016, 15.984, 15.984], "texture": "#1"},
				"west": {"uv": [0.016, 0.016, 15.984, 15.984], "texture": "#1"},
				"up": {"uv": [0.016, 0.016, 15.984, 15.984], "texture": "#1"},
				"down": {"uv": [0.016, 0.016, 15.984, 15.984], "texture": "#1"}
			}
		},
		{
			"name": "hexadecagon",
			"from": [7.22921, 0.95, 4.525],
			"to": [8.77079, 1.45, 5.025],
			"rotation": {"angle": -22.5, "axis": "y", "origin": [8, 1.7, 8.4]},
			"faces": {
				"north": {"uv": [0.016, 0.016, 15.984, 15.984], "texture": "#1"},
				"east": {"uv": [0.016, 0.016, 15.984, 15.984], "texture": "#1"},
				"south": {"uv": [0.016, 0.016, 15.984, 15.984], "texture": "#1"},
				"west": {"uv": [0.016, 0.016, 15.984, 15.984], "texture": "#1"},
				"up": {"uv": [0.016, 0.016, 15.984, 15.984], "texture": "#1"},
				"down": {"uv": [0.016, 0.016, 15.984, 15.984], "texture": "#1"}
			}
		},
		{
			"name": "hexadecagon",
			"from": [7.22921, 0.95, 4.525],
			"to": [8.77079, 1.45, 5.025],
			"faces": {
				"north": {"uv": [0.016, 0.016, 15.984, 15.984], "texture": "#1"},
				"east": {"uv": [0.016, 0.016, 15.984, 15.984], "texture": "#1"},
				"south": {"uv": [0.016, 0.016, 15.984, 15.984], "texture": "#1"},
				"west": {"uv": [0.016, 0.016, 15.984, 15.984], "texture": "#1"},
				"up": {"uv": [0.016, 0.016, 15.984, 15.984], "texture": "#1"},
				"down": {"uv": [0.016, 0.016, 15.984, 15.984], "texture": "#1"}
			}
		},
		{
			"name": "hexadecagon",
			"from": [7.22921, 0.95, 4.525],
			"to": [8.77079, 1.45, 5.025],
			"rotation": {"angle": 22.5, "axis": "y", "origin": [8, 1.7, 8.4]},
			"faces": {
				"north": {"uv": [0.016, 0.016, 15.984, 15.984], "texture": "#1"},
				"east": {"uv": [0.016, 0.016, 15.984, 15.984], "texture": "#1"},
				"south": {"uv": [0.016, 0.016, 15.984, 15.984], "texture": "#1"},
				"west": {"uv": [0.016, 0.016, 15.984, 15.984], "texture": "#1"},
				"up": {"uv": [0.016, 0.016, 15.984, 15.984], "texture": "#1"},
				"down": {"uv": [0.016, 0.016, 15.984, 15.984], "texture": "#1"}
			}
		},
		{
			"name": "hexadecagon",
			"from": [7.22921, 0.95, 4.525],
			"to": [8.77079, 1.45, 5.025],
			"rotation": {"angle": 45, "axis": "y", "origin": [8, 1.7, 8.4]},
			"faces": {
				"north": {"uv": [0.016, 0.016, 15.984, 15.984], "texture": "#1"},
				"east": {"uv": [0.016, 0.016, 15.984, 15.984], "texture": "#1"},
				"south": {"uv": [0.016, 0.016, 15.984, 15.984], "texture": "#1"},
				"west": {"uv": [0.016, 0.016, 15.984, 15.984], "texture": "#1"},
				"up": {"uv": [0.016, 0.016, 15.984, 15.984], "texture": "#1"},
				"down": {"uv": [0.016, 0.016, 15.984, 15.984], "texture": "#1"}
			}
		},
		{
			"name": "hexadecagon",
			"from": [7.22921, 0.95, 10.975],
			"to": [8.77079, 1.45, 11.475],
			"rotation": {"angle": -45, "axis": "y", "origin": [8, 1.7, 7.6]},
			"faces": {
				"north": {"uv": [0.016, 0.016, 15.984, 15.984], "texture": "#1"},
				"east": {"uv": [0.016, 0.016, 15.984, 15.984], "texture": "#1"},
				"south": {"uv": [0.016, 0.016, 15.984, 15.984], "texture": "#1"},
				"west": {"uv": [0.016, 0.016, 15.984, 15.984], "texture": "#1"},
				"up": {"uv": [0.016, 0.016, 15.984, 15.984], "texture": "#1"},
				"down": {"uv": [0.016, 0.016, 15.984, 15.984], "texture": "#1"}
			}
		},
		{
			"name": "hexadecagon",
			"from": [7.22921, 0.95, 10.975],
			"to": [8.77079, 1.45, 11.475],
			"rotation": {"angle": -22.5, "axis": "y", "origin": [8, 1.7, 7.6]},
			"faces": {
				"north": {"uv": [0.016, 0.016, 15.984, 15.984], "texture": "#1"},
				"east": {"uv": [0.016, 0.016, 15.984, 15.984], "texture": "#1"},
				"south": {"uv": [0.016, 0.016, 15.984, 15.984], "texture": "#1"},
				"west": {"uv": [0.016, 0.016, 15.984, 15.984], "texture": "#1"},
				"up": {"uv": [0.016, 0.016, 15.984, 15.984], "texture": "#1"},
				"down": {"uv": [0.016, 0.016, 15.984, 15.984], "texture": "#1"}
			}
		},
		{
			"name": "hexadecagon",
			"from": [7.22921, 0.95, 10.975],
			"to": [8.77079, 1.45, 11.475],
			"faces": {
				"north": {"uv": [0.016, 0.016, 15.984, 15.984], "texture": "#1"},
				"east": {"uv": [0.016, 0.016, 15.984, 15.984], "texture": "#1"},
				"south": {"uv": [0.016, 0.016, 15.984, 15.984], "texture": "#1"},
				"west": {"uv": [0.016, 0.016, 15.984, 15.984], "texture": "#1"},
				"up": {"uv": [0.016, 0.016, 15.984, 15.984], "texture": "#1"},
				"down": {"uv": [0.016, 0.016, 15.984, 15.984], "texture": "#1"}
			}
		},
		{
			"name": "hexadecagon",
			"from": [7.22921, 0.95, 10.975],
			"to": [8.77079, 1.45, 11.475],
			"rotation": {"angle": 22.5, "axis": "y", "origin": [8, 1.7, 7.6]},
			"faces": {
				"north": {"uv": [0.016, 0.016, 15.984, 15.984], "texture": "#1"},
				"east": {"uv": [0.016, 0.016, 15.984, 15.984], "texture": "#1"},
				"south": {"uv": [0.016, 0.016, 15.984, 15.984], "texture": "#1"},
				"west": {"uv": [0.016, 0.016, 15.984, 15.984], "texture": "#1"},
				"up": {"uv": [0.016, 0.016, 15.984, 15.984], "texture": "#1"},
				"down": {"uv": [0.016, 0.016, 15.984, 15.984], "texture": "#1"}
			}
		},
		{
			"name": "hexadecagon",
			"from": [7.22921, 0.95, 10.975],
			"to": [8.77079, 1.45, 11.475],
			"rotation": {"angle": 45, "axis": "y", "origin": [8, 1.7, 7.6]},
			"faces": {
				"north": {"uv": [0.016, 0.016, 15.984, 15.984], "texture": "#1"},
				"east": {"uv": [0.016, 0.016, 15.984, 15.984], "texture": "#1"},
				"south": {"uv": [0.016, 0.016, 15.984, 15.984], "texture": "#1"},
				"west": {"uv": [0.016, 0.016, 15.984, 15.984], "texture": "#1"},
				"up": {"uv": [0.016, 0.016, 15.984, 15.984], "texture": "#1"},
				"down": {"uv": [0.016, 0.016, 15.984, 15.984], "texture": "#1"}
			}
		},
		{
			"name": "hexadecagon",
			"from": [4.125, 0.95, 7.62921],
			"to": [4.625, 1.45, 9.17079],
			"rotation": {"angle": -22.5, "axis": "y", "origin": [8, 1.7, 8.4]},
			"faces": {
				"north": {"uv": [0.016, 0.016, 15.984, 15.984], "texture": "#1"},
				"east": {"uv": [0.016, 0.016, 15.984, 15.984], "texture": "#1"},
				"south": {"uv": [0.016, 0.016, 15.984, 15.984], "texture": "#1"},
				"west": {"uv": [0.016, 0.016, 15.984, 15.984], "texture": "#1"},
				"up": {"uv": [0.016, 0.016, 15.984, 15.984], "texture": "#1"},
				"down": {"uv": [0.016, 0.016, 15.984, 15.984], "texture": "#1"}
			}
		},
		{
			"name": "hexadecagon",
			"from": [4.125, 0.95, 7.62921],
			"to": [4.625, 1.45, 8.37079],
			"faces": {
				"north": {"uv": [0.016, 0.016, 15.984, 15.984], "texture": "#1"},
				"east": {"uv": [0.016, 0.016, 15.984, 15.984], "texture": "#1"},
				"south": {"uv": [0.016, 0.016, 15.984, 15.984], "texture": "#1"},
				"west": {"uv": [0.016, 0.016, 15.984, 15.984], "texture": "#1"},
				"up": {"uv": [0.016, 0.016, 15.984, 15.984], "texture": "#1"},
				"down": {"uv": [0.016, 0.016, 15.984, 15.984], "texture": "#1"}
			}
		},
		{
			"name": "hexadecagon",
			"from": [4.125, 0.95, 6.82921],
			"to": [4.625, 1.45, 8.37079],
			"rotation": {"angle": 22.5, "axis": "y", "origin": [8, 1.7, 7.6]},
			"faces": {
				"north": {"uv": [0.016, 0.016, 15.984, 15.984], "texture": "#1"},
				"east": {"uv": [0.016, 0.016, 15.984, 15.984], "texture": "#1"},
				"south": {"uv": [0.016, 0.016, 15.984, 15.984], "texture": "#1"},
				"west": {"uv": [0.016, 0.016, 15.984, 15.984], "texture": "#1"},
				"up": {"uv": [0.016, 0.016, 15.984, 15.984], "texture": "#1"},
				"down": {"uv": [0.016, 0.016, 15.984, 15.984], "texture": "#1"}
			}
		},
		{
			"name": "hexadecagon",
			"from": [11.375, 0.95, 6.82921],
			"to": [11.875, 1.45, 8.37079],
			"rotation": {"angle": -22.5, "axis": "y", "origin": [8, 1.7, 7.6]},
			"faces": {
				"north": {"uv": [0.016, 0.016, 15.984, 15.984], "texture": "#1"},
				"east": {"uv": [0.016, 0.016, 15.984, 15.984], "texture": "#1"},
				"south": {"uv": [0.016, 0.016, 15.984, 15.984], "texture": "#1"},
				"west": {"uv": [0.016, 0.016, 15.984, 15.984], "texture": "#1"},
				"up": {"uv": [0.016, 0.016, 15.984, 15.984], "texture": "#1"},
				"down": {"uv": [0.016, 0.016, 15.984, 15.984], "texture": "#1"}
			}
		},
		{
			"name": "hexadecagon",
			"from": [11.375, 0.95, 7.62921],
			"to": [11.875, 1.45, 8.37079],
			"faces": {
				"north": {"uv": [0.016, 0.016, 15.984, 15.984], "texture": "#1"},
				"east": {"uv": [0.016, 0.016, 15.984, 15.984], "texture": "#1"},
				"south": {"uv": [0.016, 0.016, 15.984, 15.984], "texture": "#1"},
				"west": {"uv": [0.016, 0.016, 15.984, 15.984], "texture": "#1"},
				"up": {"uv": [0.016, 0.016, 15.984, 15.984], "texture": "#1"},
				"down": {"uv": [0.016, 0.016, 15.984, 15.984], "texture": "#1"}
			}
		},
		{
			"name": "hexadecagon",
			"from": [11.375, 0.95, 7.62921],
			"to": [11.875, 1.45, 9.17079],
			"rotation": {"angle": 22.5, "axis": "y", "origin": [8, 1.7, 8.4]},
			"faces": {
				"north": {"uv": [0.016, 0.016, 15.984, 15.984], "texture": "#1"},
				"east": {"uv": [0.016, 0.016, 15.984, 15.984], "texture": "#1"},
				"south": {"uv": [0.016, 0.016, 15.984, 15.984], "texture": "#1"},
				"west": {"uv": [0.016, 0.016, 15.984, 15.984], "texture": "#1"},
				"up": {"uv": [0.016, 0.016, 15.984, 15.984], "texture": "#1"},
				"down": {"uv": [0.016, 0.016, 15.984, 15.984], "texture": "#1"}
			}
		},
		{
			"name": "hexadecagon",
			"from": [7.20435, 0, 4.4],
			"to": [8.79565, 1, 4.9],
			"rotation": {"angle": -45, "axis": "y", "origin": [8, 0, 8.4]},
			"faces": {
				"north": {"uv": [0.016, 0.016, 15.984, 15.984], "texture": "#1"},
				"south": {"uv": [0.016, 0.016, 15.984, 15.984], "texture": "#1"},
				"up": {"uv": [0.016, 0.016, 15.984, 15.984], "texture": "#1"},
				"down": {"uv": [0.016, 0.016, 15.984, 15.984], "texture": "#1"}
			}
		},
		{
			"name": "hexadecagon",
			"from": [7.20435, 0, 4.4],
			"to": [8.79565, 1, 4.9],
			"rotation": {"angle": -22.5, "axis": "y", "origin": [8, 0, 8.4]},
			"faces": {
				"north": {"uv": [0.016, 0.016, 15.984, 15.984], "texture": "#1"},
				"south": {"uv": [0.016, 0.016, 15.984, 15.984], "texture": "#1"},
				"up": {"uv": [0.016, 0.016, 15.984, 15.984], "texture": "#1"},
				"down": {"uv": [0.016, 0.016, 15.984, 15.984], "texture": "#1"}
			}
		},
		{
			"name": "hexadecagon",
			"from": [7.20435, 0, 4.4],
			"to": [8.79565, 1, 4.9],
			"faces": {
				"north": {"uv": [0.016, 0.016, 15.984, 15.984], "texture": "#1"},
				"south": {"uv": [0.016, 0.016, 15.984, 15.984], "texture": "#1"},
				"up": {"uv": [0.016, 0.016, 15.984, 15.984], "texture": "#1"},
				"down": {"uv": [0.016, 0.016, 15.984, 15.984], "texture": "#1"}
			}
		},
		{
			"name": "hexadecagon",
			"from": [7.20435, 0, 4.4],
			"to": [8.79565, 1, 4.9],
			"rotation": {"angle": 22.5, "axis": "y", "origin": [8, 0, 8.4]},
			"faces": {
				"north": {"uv": [0.016, 0.016, 15.984, 15.984], "texture": "#1"},
				"south": {"uv": [0.016, 0.016, 15.984, 15.984], "texture": "#1"},
				"up": {"uv": [0.016, 0.016, 15.984, 15.984], "texture": "#1"},
				"down": {"uv": [0.016, 0.016, 15.984, 15.984], "texture": "#1"}
			}
		},
		{
			"name": "hexadecagon",
			"from": [7.20435, 0, 4.4],
			"to": [8.79565, 1, 4.9],
			"rotation": {"angle": 45, "axis": "y", "origin": [8, 0, 8.4]},
			"faces": {
				"north": {"uv": [0.016, 0.016, 15.984, 15.984], "texture": "#1"},
				"south": {"uv": [0.016, 0.016, 15.984, 15.984], "texture": "#1"},
				"up": {"uv": [0.016, 0.016, 15.984, 15.984], "texture": "#1"},
				"down": {"uv": [0.016, 0.016, 15.984, 15.984], "texture": "#1"}
			}
		},
		{
			"name": "hexadecagon",
			"from": [7.20435, 0, 11.1],
			"to": [8.79565, 1, 11.6],
			"rotation": {"angle": -45, "axis": "y", "origin": [8, 0, 7.6]},
			"faces": {
				"north": {"uv": [0.016, 0.016, 15.984, 15.984], "texture": "#1"},
				"south": {"uv": [0.016, 0.016, 15.984, 15.984], "texture": "#1"},
				"up": {"uv": [0.016, 0.016, 15.984, 15.984], "texture": "#1"},
				"down": {"uv": [0.016, 0.016, 15.984, 15.984], "texture": "#1"}
			}
		},
		{
			"name": "hexadecagon",
			"from": [7.20435, 0, 11.1],
			"to": [8.79565, 1, 11.6],
			"rotation": {"angle": -22.5, "axis": "y", "origin": [8, 0, 7.6]},
			"faces": {
				"north": {"uv": [0.016, 0.016, 15.984, 15.984], "texture": "#1"},
				"south": {"uv": [0.016, 0.016, 15.984, 15.984], "texture": "#1"},
				"up": {"uv": [0.016, 0.016, 15.984, 15.984], "texture": "#1"},
				"down": {"uv": [0.016, 0.016, 15.984, 15.984], "texture": "#1"}
			}
		},
		{
			"name": "hexadecagon",
			"from": [7.20435, 0, 11.1],
			"to": [8.79565, 1, 11.6],
			"faces": {
				"north": {"uv": [0.016, 0.016, 15.984, 15.984], "texture": "#1"},
				"south": {"uv": [0.016, 0.016, 15.984, 15.984], "texture": "#1"},
				"up": {"uv": [0.016, 0.016, 15.984, 15.984], "texture": "#1"},
				"down": {"uv": [0.016, 0.016, 15.984, 15.984], "texture": "#1"}
			}
		},
		{
			"name": "hexadecagon",
			"from": [7.20435, 0, 11.1],
			"to": [8.79565, 1, 11.6],
			"rotation": {"angle": 22.5, "axis": "y", "origin": [8, 0, 7.6]},
			"faces": {
				"north": {"uv": [0.016, 0.016, 15.984, 15.984], "texture": "#1"},
				"south": {"uv": [0.016, 0.016, 15.984, 15.984], "texture": "#1"},
				"up": {"uv": [0.016, 0.016, 15.984, 15.984], "texture": "#1"},
				"down": {"uv": [0.016, 0.016, 15.984, 15.984], "texture": "#1"}
			}
		},
		{
			"name": "hexadecagon",
			"from": [7.20435, 0, 11.1],
			"to": [8.79565, 1, 11.6],
			"rotation": {"angle": 45, "axis": "y", "origin": [8, 0, 7.6]},
			"faces": {
				"north": {"uv": [0.016, 0.016, 15.984, 15.984], "texture": "#1"},
				"south": {"uv": [0.016, 0.016, 15.984, 15.984], "texture": "#1"},
				"up": {"uv": [0.016, 0.016, 15.984, 15.984], "texture": "#1"},
				"down": {"uv": [0.016, 0.016, 15.984, 15.984], "texture": "#1"}
			}
		},
		{
			"name": "hexadecagon",
			"from": [4, 0, 7.60435],
			"to": [4.5, 1, 9.19565],
			"rotation": {"angle": -22.5, "axis": "y", "origin": [8, 0, 8.4]},
			"faces": {
				"east": {"uv": [0.016, 0.016, 15.984, 15.984], "texture": "#1"},
				"west": {"uv": [0.016, 0.016, 15.984, 15.984], "texture": "#1"},
				"up": {"uv": [0.016, 0.016, 15.984, 15.984], "texture": "#1"},
				"down": {"uv": [0.016, 0.016, 15.984, 15.984], "texture": "#1"}
			}
		},
		{
			"name": "hexadecagon",
			"from": [4, 0, 7.60435],
			"to": [4.5, 1, 8.39565],
			"faces": {
				"east": {"uv": [0.016, 0.016, 15.984, 15.984], "texture": "#1"},
				"west": {"uv": [0.016, 0.016, 15.984, 15.984], "texture": "#1"},
				"up": {"uv": [0.016, 0.016, 15.984, 15.984], "texture": "#1"},
				"down": {"uv": [0.016, 0.016, 15.984, 15.984], "texture": "#1"}
			}
		},
		{
			"name": "hexadecagon",
			"from": [4, 0, 6.80435],
			"to": [4.5, 1, 8.39565],
			"rotation": {"angle": 22.5, "axis": "y", "origin": [8, 0, 7.6]},
			"faces": {
				"east": {"uv": [0.016, 0.016, 15.984, 15.984], "texture": "#1"},
				"west": {"uv": [0.016, 0.016, 15.984, 15.984], "texture": "#1"},
				"up": {"uv": [0.016, 0.016, 15.984, 15.984], "texture": "#1"},
				"down": {"uv": [0.016, 0.016, 15.984, 15.984], "texture": "#1"}
			}
		},
		{
			"name": "hexadecagon",
			"from": [11.5, 0, 6.80435],
			"to": [12, 1, 8.39565],
			"rotation": {"angle": -22.5, "axis": "y", "origin": [8, 0, 7.6]},
			"faces": {
				"east": {"uv": [0.016, 0.016, 15.984, 15.984], "texture": "#1"},
				"west": {"uv": [0.016, 0.016, 15.984, 15.984], "texture": "#1"},
				"up": {"uv": [0.016, 0.016, 15.984, 15.984], "texture": "#1"},
				"down": {"uv": [0.016, 0.016, 15.984, 15.984], "texture": "#1"}
			}
		},
		{
			"name": "hexadecagon",
			"from": [11.5, 0, 7.60435],
			"to": [12, 1, 8.39565],
			"faces": {
				"east": {"uv": [0.016, 0.016, 15.984, 15.984], "texture": "#1"},
				"west": {"uv": [0.016, 0.016, 15.984, 15.984], "texture": "#1"},
				"up": {"uv": [0.016, 0.016, 15.984, 15.984], "texture": "#1"},
				"down": {"uv": [0.016, 0.016, 15.984, 15.984], "texture": "#1"}
			}
		},
		{
			"name": "hexadecagon",
			"from": [11.5, 0, 7.60435],
			"to": [12, 1, 9.19565],
			"rotation": {"angle": 22.5, "axis": "y", "origin": [8, 0, 8.4]},
			"faces": {
				"east": {"uv": [0.016, 0.016, 15.984, 15.984], "texture": "#1"},
				"west": {"uv": [0.016, 0.016, 15.984, 15.984], "texture": "#1"},
				"up": {"uv": [0.016, 0.016, 15.984, 15.984], "texture": "#1"},
				"down": {"uv": [0.016, 0.016, 15.984, 15.984], "texture": "#1"}
			}
		},
		{
			"name": "hexadecagon",
			"from": [2.6684, 8.92388, 7.875],
			"to": [3.06623, 9.92388, 8.125],
			"rotation": {"angle": -45, "axis": "z", "origin": [2.86732, 8.92388, 7.625]},
			"faces": {
				"north": {"uv": [0, 0, 16, 16], "texture": "#1"},
				"south": {"uv": [0, 0, 16, 16], "texture": "#1"},
				"up": {"uv": [0, 0, 16, 16], "texture": "#1"}
			}
		},
		{
			"name": "hexadecagon",
			"from": [2.6684, 8.92388, 7.875],
			"to": [3.06623, 9.92388, 8.125],
			"rotation": {"angle": -22.5, "axis": "z", "origin": [2.86732, 8.92388, 7.625]},
			"faces": {
				"north": {"uv": [0, 0, 16, 16], "texture": "#1"},
				"south": {"uv": [0, 0, 16, 16], "texture": "#1"},
				"up": {"uv": [0, 0, 16, 16], "texture": "#1"}
			}
		},
		{
			"name": "hexadecagon",
			"from": [2.6684, 8.92388, 7.875],
			"to": [3.06623, 9.92388, 8.125],
			"faces": {
				"north": {"uv": [0, 0, 16, 16], "texture": "#1"},
				"south": {"uv": [0, 0, 16, 16], "texture": "#1"},
				"up": {"uv": [0, 0, 16, 16], "texture": "#1"}
			}
		},
		{
			"name": "hexadecagon",
			"from": [2.6684, 8.92388, 7.875],
			"to": [3.06623, 9.92388, 8.125],
			"rotation": {"angle": 22.5, "axis": "z", "origin": [2.86732, 8.92388, 7.625]},
			"faces": {
				"north": {"uv": [0, 0, 16, 16], "texture": "#1"},
				"south": {"uv": [0, 0, 16, 16], "texture": "#1"},
				"up": {"uv": [0, 0, 16, 16], "texture": "#1"}
			}
		},
		{
			"name": "hexadecagon",
			"from": [2.6684, 8.92388, 7.875],
			"to": [3.06623, 9.92388, 8.125],
			"rotation": {"angle": 45, "axis": "z", "origin": [2.86732, 8.92388, 7.625]},
			"faces": {
				"north": {"uv": [0, 0, 16, 16], "texture": "#1"},
				"south": {"uv": [0, 0, 16, 16], "texture": "#1"},
				"up": {"uv": [0, 0, 16, 16], "texture": "#1"}
			}
		},
		{
			"name": "hexadecagon",
			"from": [1.86732, 8.72497, 7.875],
			"to": [2.86732, 9.12279, 8.125],
			"rotation": {"angle": -22.5, "axis": "z", "origin": [2.86732, 8.92388, 7.625]},
			"faces": {
				"north": {"uv": [0, 0, 16, 16], "texture": "#1"},
				"south": {"uv": [0, 0, 16, 16], "texture": "#1"},
				"west": {"uv": [0, 0, 16, 16], "texture": "#1"}
			}
		},
		{
			"name": "hexadecagon",
			"from": [1.86732, 8.72497, 7.875],
			"to": [2.86732, 9.12279, 8.125],
			"faces": {
				"north": {"uv": [0, 0, 16, 16], "texture": "#1"},
				"south": {"uv": [0, 0, 16, 16], "texture": "#1"},
				"west": {"uv": [0, 0, 16, 16], "texture": "#1"}
			}
		},
		{
			"name": "hexadecagon",
			"from": [1.86732, 3.72497, 7.875],
			"to": [3.86732, 9.12279, 8.125],
			"rotation": {"angle": 22.5, "axis": "z", "origin": [2.86732, 8.92388, 7.625]},
			"faces": {
				"north": {"uv": [0, 0, 16, 16], "texture": "#1"},
				"east": {"uv": [0, 0, 16, 16], "texture": "#1"},
				"south": {"uv": [0, 0, 16, 16], "texture": "#1"},
				"west": {"uv": [0, 0, 16, 16], "texture": "#1"}
			}
		},
		{
			"name": "hexadecagon",
			"from": [5.28073, 2.60557, 7.875],
			"to": [5.78073, 4.50339, 8.125],
			"faces": {
				"north": {"uv": [0, 0, 16, 16], "texture": "#1"},
				"east": {"uv": [0, 0, 16, 16], "texture": "#1"},
				"south": {"uv": [0, 0, 16, 16], "texture": "#1"},
				"west": {"uv": [0, 0, 16, 16], "texture": "#1"},
				"down": {"uv": [0, 0, 16, 16], "texture": "#1"}
			}
		},
		{
			"name": "hexadecagon",
			"from": [3.15941, 1.10557, 7.875],
			"to": [3.65941, 3.00339, 8.125],
			"rotation": {"angle": 45, "axis": "z", "origin": [2.65941, 4.30448, 7.625]},
			"faces": {
				"north": {"uv": [0, 0, 16, 16], "texture": "#1"},
				"east": {"uv": [0, 0, 16, 16], "texture": "#1"},
				"south": {"uv": [0, 0, 16, 16], "texture": "#1"},
				"west": {"uv": [0, 0, 16, 16], "texture": "#1"},
				"down": {"uv": [0, 0, 16, 16], "texture": "#1"}
			}
		},
		{
			"name": "hexadecagon",
			"from": [2.75, 2.70109, 7.875],
			"to": [3.75, 3.89891, 8.125],
			"rotation": {"angle": 22.5, "axis": "z", "origin": [3.25, 8, 7.625]},
			"faces": {
				"north": {"uv": [0, 0, 16, 16], "texture": "#1"},
				"south": {"uv": [0, 0, 16, 16], "texture": "#1"},
				"down": {"uv": [0, 0, 16, 16], "texture": "#1"}
			}
		},
		{
			"name": "hexadecagon",
			"from": [12.93377, 8.92388, 7.875],
			"to": [13.3316, 9.92388, 8.125],
			"rotation": {"angle": 45, "axis": "z", "origin": [13.13268, 8.92388, 7.625]},
			"faces": {
				"north": {"uv": [0, 0, 16, 16], "texture": "#1"},
				"south": {"uv": [0, 0, 16, 16], "texture": "#1"},
				"up": {"uv": [0, 0, 16, 16], "texture": "#1"}
			}
		},
		{
			"name": "hexadecagon",
			"from": [12.93377, 8.92388, 7.875],
			"to": [13.3316, 9.92388, 8.125],
			"rotation": {"angle": 22.5, "axis": "z", "origin": [13.13268, 8.92388, 7.625]},
			"faces": {
				"north": {"uv": [0, 0, 16, 16], "texture": "#1"},
				"south": {"uv": [0, 0, 16, 16], "texture": "#1"},
				"up": {"uv": [0, 0, 16, 16], "texture": "#1"}
			}
		},
		{
			"name": "hexadecagon",
			"from": [12.93377, 8.92388, 7.875],
			"to": [13.3316, 9.92388, 8.125],
			"faces": {
				"north": {"uv": [0, 0, 16, 16], "texture": "#1"},
				"south": {"uv": [0, 0, 16, 16], "texture": "#1"},
				"up": {"uv": [0, 0, 16, 16], "texture": "#1"}
			}
		},
		{
			"name": "hexadecagon",
			"from": [12.93377, 8.92388, 7.875],
			"to": [13.3316, 9.92388, 8.125],
			"rotation": {"angle": -22.5, "axis": "z", "origin": [13.13268, 8.92388, 7.625]},
			"faces": {
				"north": {"uv": [0, 0, 16, 16], "texture": "#1"},
				"south": {"uv": [0, 0, 16, 16], "texture": "#1"},
				"up": {"uv": [0, 0, 16, 16], "texture": "#1"}
			}
		},
		{
			"name": "hexadecagon",
			"from": [12.93377, 8.92388, 7.875],
			"to": [13.3316, 9.92388, 8.125],
			"rotation": {"angle": -45, "axis": "z", "origin": [13.13268, 8.92388, 7.625]},
			"faces": {
				"north": {"uv": [0, 0, 16, 16], "texture": "#1"},
				"south": {"uv": [0, 0, 16, 16], "texture": "#1"},
				"up": {"uv": [0, 0, 16, 16], "texture": "#1"}
			}
		},
		{
			"name": "hexadecagon",
			"from": [13.13268, 8.72497, 7.875],
			"to": [14.13268, 9.12279, 8.125],
			"rotation": {"angle": 22.5, "axis": "z", "origin": [13.13268, 8.92388, 7.625]},
			"faces": {
				"north": {"uv": [0, 0, 16, 16], "texture": "#1"},
				"east": {"uv": [0, 0, 16, 16], "texture": "#1"},
				"south": {"uv": [0, 0, 16, 16], "texture": "#1"}
			}
		},
		{
			"name": "hexadecagon",
			"from": [13.13268, 8.72497, 7.875],
			"to": [14.13268, 9.12279, 8.125],
			"faces": {
				"north": {"uv": [0, 0, 16, 16], "texture": "#1"},
				"east": {"uv": [0, 0, 16, 16], "texture": "#1"},
				"south": {"uv": [0, 0, 16, 16], "texture": "#1"}
			}
		},
		{
			"name": "hexadecagon",
			"from": [12.13268, 3.72497, 7.875],
			"to": [14.13268, 9.12279, 8.125],
			"rotation": {"angle": -22.5, "axis": "z", "origin": [13.13268, 8.92388, 7.625]},
			"faces": {
				"north": {"uv": [0, 0, 16, 16], "texture": "#1"},
				"east": {"uv": [0, 0, 16, 16], "texture": "#1"},
				"south": {"uv": [0, 0, 16, 16], "texture": "#1"},
				"west": {"uv": [0, 0, 16, 16], "texture": "#1"}
			}
		},
		{
			"name": "hexadecagon",
			"from": [10.21927, 2.60557, 7.875],
			"to": [10.71927, 4.50339, 8.125],
			"faces": {
				"north": {"uv": [0, 0, 16, 16], "texture": "#1"},
				"east": {"uv": [0, 0, 16, 16], "texture": "#1"},
				"south": {"uv": [0, 0, 16, 16], "texture": "#1"},
				"west": {"uv": [0, 0, 16, 16], "texture": "#1"},
				"down": {"uv": [0, 0, 16, 16], "texture": "#1"}
			}
		},
		{
			"name": "hexadecagon",
			"from": [12.34059, 1.10557, 7.875],
			"to": [12.84059, 3.00339, 8.125],
			"rotation": {"angle": -45, "axis": "z", "origin": [13.34059, 4.30448, 7.625]},
			"faces": {
				"north": {"uv": [0, 0, 16, 16], "texture": "#1"},
				"east": {"uv": [0, 0, 16, 16], "texture": "#1"},
				"south": {"uv": [0, 0, 16, 16], "texture": "#1"},
				"west": {"uv": [0, 0, 16, 16], "texture": "#1"},
				"down": {"uv": [0, 0, 16, 16], "texture": "#1"}
			}
		},
		{
			"name": "hexadecagon",
			"from": [12.25, 2.70109, 7.875],
			"to": [13.25, 3.89891, 8.125],
			"rotation": {"angle": -22.5, "axis": "z", "origin": [12.75, 8, 7.625]},
			"faces": {
				"north": {"uv": [0, 0, 16, 16], "texture": "#1"},
				"south": {"uv": [0, 0, 16, 16], "texture": "#1"},
				"down": {"uv": [0, 0, 16, 16], "texture": "#1"}
			}
		},
		{
			"from": [6.75, -0.4, 8.76],
			"to": [9.25, 2.1, 8.76],
			"rotation": {"angle": -22.5, "axis": "x", "origin": [7.75, 8, 8]},
			"faces": {
				"east": {"uv": [0.016, 0.016, 0.016, 2.5], "texture": "#1"},
				"south": {"uv": [0.016, 0.016, 15.984, 15.984], "texture": "#2"},
				"west": {"uv": [0.016, 0.016, 0.016, 2.5], "texture": "#1"},
				"up": {"uv": [0.016, 0.016, 2.5, 0.016], "texture": "#1"},
				"down": {"uv": [0.016, 0.016, 2.5, 0.016], "texture": "#1"}
			}
		}
	],
	"display": {
		"thirdperson_righthand": {
			"rotation": [19, 180, 0],
			"translation": [0, 2.25, 0.5]
		},
		"thirdperson_lefthand": {
			"rotation": [19, -180, 0],
			"translation": [0, 2.25, 0.5]
		},
		"firstperson_righthand": {
			"translation": [2.5, 5.5, 0]
		},
		"firstperson_lefthand": {
			"translation": [3, 6, 0]
		},
		"ground": {
			"translation": [0, 13, 0],
			"scale": [1.8, 1.8, 1.8]
		},
		"gui": {
			"translation": [0, 7, 0],
			"scale": [1.5, 1.5, 1.5]
		},
		"head": {
			"rotation": [0, 180, 0],
			"translation": [0, 20.5, 0],
			"scale": [1.8, 1.8, 1.8]
		},
		"fixed": {
			"rotation": [0, 180, 0],
			"translation": [0, 15.75, -1.5],
			"scale": [3, 3, 3]
		}
	},
	"groups": [
		{
			"name": "Hat",
			"children": [
				{
					"name": "hexadecagon3",
					"children": [0, 1, 2, 3, 4, 5, 6]
				},
				{
					"name": "hexadecagon2",
					"children": [7, 8, 9, 10, 11, 12, 13]
				},
				{
					"name": "hexadecagon",
					"children": [14, 15, 16, 17, 18, 19, 20, 21]
				},
				{
					"name": "hexadecagon",
					"children": [22, 23, 24, 25, 26, 27, 28, 29]
				},
				{
					"name": "hexadecagon",
					"children": [30, 31, 32, 33, 34, 35, 36, 37, 38, 39, 40, 41, 42, 43, 44, 45]
				},
				{
					"name": "hexadecagon",
					"children": [46, 47, 48, 49, 50, 51, 52, 53, 54, 55, 56, 57, 58, 59, 60, 61]
				},
				{
					"name": "hexadecagon",
					"children": [62, 63, 64, 65, 66, 67, 68, 69, 70, 71, 72, 73, 74, 75, 76, 77]
				},
				{
					"name": "hexadecagon",
					"children": [78, 79, 80, 81, 82, 83, 84, 85, 86, 87, 88, 89, 90, 91, 92, 93]
				},
				{
					"name": "hexadecagon",
					"children": [94, 95, 96, 97, 98, 99, 100, 101, 102, 103, 104, 105, 106, 107, 108, 109]
				},
				{
					"name": "Ear1",
					"children": [
						{
							"name": "hexadecagon",
							"children": [110, 111, 112, 113, 114, 115, 116, 117, 118, 119, 120]
						}
					]
				},
				{
					"name": "Ear2",
					"children": [
						{
							"name": "hexadecagon",
							"children": [121, 122, 123, 124, 125, 126, 127, 128, 129, 130, 131]
						}
					]
				}
			]
		}, 132]
}