{
	"credit": "Made by _Kastle with Blockbench. Message Kastle#4801 on Discord for inquiries. If you recieved this model from someone other than myself without context, it was probably stolen.",
	"ambientocclusion": false,
	"textures": {
		"1": "custom/entranceplaza/goawaygreen",
		"particle": "custom/entranceplaza/goawaygreen"
	},
	"elements": [
		{
			"from": [7.5, 0, 7.5],
			"to": [8.5, 16.5, 8.5],
			"faces": {
				"north": {"uv": [0.016, 0.016, 0.984, 15.984], "texture": "#1"},
				"east": {"uv": [0.016, 0.016, 0.984, 15.984], "texture": "#1"},
				"south": {"uv": [0.016, 0.016, 0.984, 15.984], "texture": "#1"},
				"west": {"uv": [0.016, 0.016, 0.984, 15.984], "texture": "#1"},
				"up": {"uv": [0.016, 0.016, 0.984, 0.984], "texture": "#1"},
				"down": {"uv": [0.016, 0.016, 0.984, 0.984], "texture": "#1"}
			}
		},
		{
			"from": [7.7, 16.5, 7.7],
			"to": [8.3, 17, 8.3],
			"rotation": {"angle": 45, "axis": "y", "origin": [8, 16.75, 8]},
			"faces": {
				"north": {"uv": [0.016, 0.016, 0.984, 15.984], "texture": "#1"},
				"east": {"uv": [0.016, 0.016, 0.984, 15.984], "texture": "#1"},
				"south": {"uv": [0.016, 0.016, 0.984, 15.984], "texture": "#1"},
				"west": {"uv": [0.016, 0.016, 0.984, 15.984], "texture": "#1"}
			}
		},
		{
			"from": [7.6, 17, 7.6],
			"to": [8.4, 17.8, 8.4],
			"rotation": {"angle": 45, "axis": "y", "origin": [8, 17.4, 8]},
			"faces": {
				"north": {"uv": [0.016, 0.016, 0.984, 15.984], "texture": "#1"},
				"east": {"uv": [0.016, 0.016, 0.984, 15.984], "texture": "#1"},
				"south": {"uv": [0.016, 0.016, 0.984, 15.984], "texture": "#1"},
				"west": {"uv": [0.016, 0.016, 0.984, 15.984], "texture": "#1"},
				"up": {"uv": [0.016, 0.016, 0.984, 0.984], "texture": "#1"},
				"down": {"uv": [0.016, 0.016, 0.984, 0.984], "texture": "#1"}
			}
		}
	],
	"display": {
		"ground": {
			"translation": [0, 5, 0]
		},
		"gui": {
			"translation": [0, -0.75, 0],
			"scale": [0.89, 0.89, 0.89]
		},
		"fixed": {
			"translation": [0, -1, 0]
		}
	}
}