{
	"credit": "Made by _Kastle with Blockbench. Message Kastle#4801 on Discord for inquiries. If you recieved this model from someone other than myself without context, it was probably stolen.",
	"ambientocclusion": false,
	"textures": {
		"1_1_2": "custom/entranceplaza/goawaygreen",
		"particle": "custom/entranceplaza/goawaygreen"
	},
	"elements": [
		{
			"from": [7.5, 0, 15],
			"to": [8.5, 16.5, 16],
			"faces": {
				"north": {"uv": [0.016, 0.016, 0.016, 0.016], "texture": "#1_1_2"},
				"east": {"uv": [0.016, 0.016, 0.016, 0.016], "texture": "#1_1_2"},
				"south": {"uv": [7.016, 0.016, 8.984, 15.984], "texture": "#1_1_2", "cullface": "south"},
				"west": {"uv": [0.016, 0.016, 0.016, 0.016], "texture": "#1_1_2"},
				"up": {"uv": [7.016, 9.016, 8.984, 15.984], "texture": "#1_1_2"},
				"down": {"uv": [8.984, 9.016, 7.016, 15.984], "texture": "#1_1_2"}
			}
		},
		{
			"from": [7.5, 1, 7.501],
			"to": [8.5, 2, 15.001],
			"faces": {
				"north": {"uv": [0.016, 0.016, 0.016, 0.016], "texture": "#1_1_2"},
				"east": {"uv": [0.016, 0.016, 0.016, 0.016], "texture": "#1_1_2"},
				"south": {"uv": [0, 0, 0, 0], "texture": "#1_1_2"},
				"west": {"uv": [0.016, 0.016, 0.016, 0.016], "texture": "#1_1_2"},
				"up": {"uv": [7.016, 9.016, 8.984, 15.984], "texture": "#1_1_2"},
				"down": {"uv": [8.984, 9.016, 7.016, 15.984], "texture": "#1_1_2"}
			}
		},
		{
			"from": [7.5, 15, 7.501],
			"to": [8.5, 16, 15.001],
			"faces": {
				"north": {"uv": [0.016, 0.016, 0.016, 0.016], "texture": "#1_1_2"},
				"east": {"uv": [0.016, 0.016, 0.016, 0.016], "texture": "#1_1_2"},
				"south": {"uv": [0, 0, 0, 0], "texture": "#1_1_2"},
				"west": {"uv": [0.016, 0.016, 0.016, 0.016], "texture": "#1_1_2"},
				"up": {"uv": [7.016, 9.016, 8.984, 15.984], "texture": "#1_1_2"},
				"down": {"uv": [8.984, 9.016, 7.016, 15.984], "texture": "#1_1_2"}
			}
		},
		{
			"from": [7.7, 2, 10.8],
			"to": [8.2, 15, 11.3],
			"rotation": {"angle": 45, "axis": "y", "origin": [7.95, 8.5, 11.05]},
			"faces": {
				"north": {"uv": [0.016, 0.016, 0.016, 0.016], "texture": "#1_1_2"},
				"east": {"uv": [0.016, 0.016, 0.016, 0.016], "texture": "#1_1_2"},
				"south": {"uv": [7.016, 0.016, 8.984, 15.984], "texture": "#1_1_2", "cullface": "south"},
				"west": {"uv": [0.016, 0.016, 0.016, 0.016], "texture": "#1_1_2"},
				"up": {"uv": [0, 0, 0, 0], "texture": "#1_1_2"},
				"down": {"uv": [0, 0, 0, 0], "texture": "#1_1_2"}
			}
		},
		{
			"from": [7.7, 16.5, 15.2],
			"to": [8.3, 17, 15.8],
			"rotation": {"angle": 45, "axis": "y", "origin": [8, 16.75, 15.5]},
			"faces": {
				"north": {"uv": [0.016, 0.016, 0.016, 0.016], "texture": "#1_1_2"},
				"east": {"uv": [0.016, 0.016, 0.016, 0.016], "texture": "#1_1_2"},
				"south": {"uv": [7.016, 0.016, 8.984, 15.984], "texture": "#1_1_2", "cullface": "south"},
				"west": {"uv": [0.016, 0.016, 0.016, 0.016], "texture": "#1_1_2"},
				"up": {"uv": [0, 0, 0, 0], "texture": "#1_1_2"},
				"down": {"uv": [0, 0, 0, 0], "texture": "#1_1_2"}
			}
		},
		{
			"from": [7.6, 17, 15.1],
			"to": [8.4, 17.8, 15.9],
			"rotation": {"angle": 45, "axis": "y", "origin": [8, 17.4, 15.5]},
			"faces": {
				"north": {"uv": [0.016, 0.016, 0.016, 0.016], "texture": "#1_1_2"},
				"east": {"uv": [0.016, 0.016, 0.016, 0.016], "texture": "#1_1_2"},
				"south": {"uv": [7.016, 0.016, 8.984, 15.984], "texture": "#1_1_2", "cullface": "south"},
				"west": {"uv": [0.016, 0.016, 0.016, 0.016], "texture": "#1_1_2"},
				"up": {"uv": [7.016, 9.016, 8.984, 15.984], "texture": "#1_1_2"},
				"down": {"uv": [8.984, 9.016, 7.016, 15.984], "texture": "#1_1_2"}
			}
		},
		{
			"from": [7.7, 2, 10.8],
			"to": [8.2, 15, 11.3],
			"rotation": {"angle": 45, "axis": "y", "origin": [7.95, 8.5, 11.05]},
			"faces": {
				"north": {"uv": [7.016, 0.016, 8.984, 15.984], "texture": "#1_1_2", "cullface": "south"},
				"east": {"uv": [0.016, 0.016, 0.016, 0.016], "texture": "#1_1_2"},
				"south": {"uv": [0.016, 0.016, 0.016, 0.016], "texture": "#1_1_2"},
				"west": {"uv": [0.016, 0.016, 0.016, 0.016], "texture": "#1_1_2"},
				"up": {"uv": [0, 0, 0, 0], "rotation": 180, "texture": "#1_1_2"},
				"down": {"uv": [0, 0, 0, 0], "rotation": 180, "texture": "#1_1_2"}
			}
		},
		{
			"from": [7.6, 17, 15.1],
			"to": [8.4, 17.8, 15.9],
			"rotation": {"angle": 45, "axis": "y", "origin": [8, 17.4, 15.5]},
			"faces": {
				"north": {"uv": [7.016, 0.016, 8.984, 15.984], "texture": "#1_1_2", "cullface": "south"},
				"east": {"uv": [0.016, 0.016, 0.016, 0.016], "texture": "#1_1_2"},
				"south": {"uv": [0.016, 0.016, 0.016, 0.016], "texture": "#1_1_2"},
				"west": {"uv": [0.016, 0.016, 0.016, 0.016], "texture": "#1_1_2"},
				"up": {"uv": [7.016, 9.016, 8.984, 15.984], "rotation": 180, "texture": "#1_1_2"},
				"down": {"uv": [8.984, 9.016, 7.016, 15.984], "rotation": 180, "texture": "#1_1_2"}
			}
		},
		{
			"from": [7.7, 16.5, 15.2],
			"to": [8.3, 17, 15.8],
			"rotation": {"angle": 45, "axis": "y", "origin": [8, 16.75, 15.5]},
			"faces": {
				"north": {"uv": [7.016, 0.016, 8.984, 15.984], "texture": "#1_1_2", "cullface": "south"},
				"east": {"uv": [0.016, 0.016, 0.016, 0.016], "texture": "#1_1_2"},
				"south": {"uv": [0.016, 0.016, 0.016, 0.016], "texture": "#1_1_2"},
				"west": {"uv": [0.016, 0.016, 0.016, 0.016], "texture": "#1_1_2"},
				"up": {"uv": [0, 0, 0, 0], "rotation": 180, "texture": "#1_1_2"},
				"down": {"uv": [0, 0, 0, 0], "rotation": 180, "texture": "#1_1_2"}
			}
		}
	],
	"display": {
		"thirdperson_righthand": {
			"translation": [0, 0, -7.75]
		},
		"thirdperson_lefthand": {
			"translation": [0, 0, -7.5]
		},
		"ground": {
			"translation": [0, 3.5, 0]
		},
		"gui": {
			"rotation": [0, 90, 0],
			"translation": [-3.75, -0.75, 0],
			"scale": [0.89, 0.89, 0.89]
		},
		"fixed": {
			"rotation": [0, 90, 0],
			"translation": [-3.75, -1, -0.5]
		}
	}
}