{
	"credit": "Made by _Kastle with Blockbench. Message Kastle#4801 on Discord for inquiries. If you recieved this model from someone other than myself without context, it was probably stolen.",
	"ambientocclusion": false,
	"textures": {
		"2": "custom/entranceplaza/goawaygreen",
		"particle": "custom/entranceplaza/goawaygreen"
	},
	"elements": [
		{
			"from": [7.8, 2, 7.1],
			"to": [8.3, 15, 7.6],
			"rotation": {"angle": 45, "axis": "y", "origin": [8.05, 8.5, 7.35]},
			"faces": {
				"north": {"uv": [0.016, 0.016, 0.016, 0.016], "texture": "#2"},
				"east": {"uv": [0.016, 0.016, 0.016, 0.016], "texture": "#2"},
				"south": {"uv": [0.016, 0.016, 0.016, 0.016], "texture": "#2"},
				"west": {"uv": [7.016, 0.016, 8.984, 15.984], "texture": "#2", "cullface": "north"}
			}
		},
		{
			"from": [7.5, 1, 0],
			"to": [8.5, 2, 8.5],
			"faces": {
				"north": {"uv": [7.016, 0.016, 8.984, 15.984], "texture": "#2", "cullface": "north"},
				"east": {"uv": [0.016, 0.016, 0.016, 0.016], "texture": "#2"},
				"south": {"uv": [0.016, 0.016, 0.016, 0.016], "texture": "#2"},
				"west": {"uv": [0.016, 0.016, 0.016, 0.016], "texture": "#2"},
				"up": {"uv": [0.016, 0.016, 0.016, 0.016], "texture": "#2"},
				"down": {"uv": [0.016, 0.016, 0.016, 0.016], "texture": "#2"}
			}
		},
		{
			"from": [7.5, 15, 0],
			"to": [8.5, 16, 8.5],
			"faces": {
				"north": {"uv": [7.016, 0.016, 8.984, 15.984], "texture": "#2", "cullface": "north"},
				"east": {"uv": [0.016, 0.016, 0.016, 0.016], "texture": "#2"},
				"south": {"uv": [0.016, 0.016, 0.016, 0.016], "texture": "#2"},
				"west": {"uv": [0.016, 0.016, 0.016, 0.016], "texture": "#2"},
				"up": {"uv": [0.016, 0.016, 0.016, 0.016], "texture": "#2"},
				"down": {"uv": [0.016, 0.016, 0.016, 0.016], "texture": "#2"}
			}
		},
		{
			"from": [7.8, 2, 3.4],
			"to": [8.3, 15, 3.9],
			"rotation": {"angle": -45, "axis": "y", "origin": [8.05, 8.5, 3.65]},
			"faces": {
				"north": {"uv": [0.016, 0.016, 0.016, 0.016], "texture": "#2"},
				"east": {"uv": [0.016, 0.016, 0.016, 0.016], "texture": "#2"},
				"south": {"uv": [7.016, 0.016, 8.984, 15.984], "texture": "#2", "cullface": "north"},
				"west": {"uv": [0.016, 0.016, 0.016, 0.016], "texture": "#2"}
			}
		},
		{
			"from": [7.5, 0, 0.0001],
			"to": [8.5, 16.5, 0.0001],
			"faces": {
				"north": {"uv": [7.016, 0.016, 8.984, 15.984], "texture": "#2", "cullface": "north"},
				"east": {"uv": [0.016, 0.016, 0.016, 0.016], "texture": "#2"},
				"south": {"uv": [0.016, 0.016, 0.016, 0.016], "texture": "#2"},
				"west": {"uv": [0.016, 0.016, 0.016, 0.016], "texture": "#2"},
				"up": {"uv": [0.016, 0.016, 0.016, 0.016], "texture": "#2"},
				"down": {"uv": [0.016, 0.016, 0.016, 0.016], "texture": "#2"}
			}
		},
		{
			"from": [7.8, 2, 3.4],
			"to": [8.3, 15, 3.9],
			"rotation": {"angle": 45, "axis": "y", "origin": [8.05, 8.5, 3.65]},
			"faces": {
				"north": {"uv": [0.016, 0.016, 0.016, 0.016], "texture": "#2"},
				"east": {"uv": [7.016, 0.016, 8.984, 15.984], "texture": "#2", "cullface": "north"},
				"south": {"uv": [0.016, 0.016, 0.016, 0.016], "texture": "#2"},
				"west": {"uv": [0.016, 0.016, 0.016, 0.016], "texture": "#2"}
			}
		},
		{
			"from": [7.8, 2, 7.1],
			"to": [8.3, 15, 7.6],
			"rotation": {"angle": 45, "axis": "y", "origin": [8.05, 8.5, 7.35]},
			"faces": {
				"north": {"uv": [0.016, 0.016, 0.016, 0.016], "texture": "#2"},
				"east": {"uv": [7.016, 0.016, 8.984, 15.984], "texture": "#2", "cullface": "north"},
				"south": {"uv": [0.016, 0.016, 0.016, 0.016], "texture": "#2"},
				"west": {"uv": [0.016, 0.016, 0.016, 0.016], "texture": "#2"}
			}
		}
	],
	"groups": [
		{
			"name": "Fence",
			"children": [0, 1, 2, 3, 4, 5, 6]
		}
	]
}