{
	"credit": "Made by _Kastle. Message Kastle#4801 on Discord for inquiries. If you recieved this model from someone other than myself without context, it was probably stolen.",
	"textures": {
		"0": "custom/adventureland/indytrashside",
		"1": "custom/crittercountry/cctrashcan",
		"particle": "custom/adventureland/indytrashside"
	},
	"elements": [
		{
			"from": [7.25, 0.4, 2.75],
			"to": [8.75, 1, 13.25],
			"faces": {
				"down": {"uv": [0.688, 0, 3.21, 13.131], "texture": "#1"}
			}
		},
		{
			"from": [8.75, 0.4, 2.75],
			"to": [10.25, 1, 13.25],
			"faces": {
				"up": {"uv": [0, 0, 1.5, 10.5], "texture": "#1"},
				"down": {"uv": [3.735, 0, 6.257, 13.131], "texture": "#1"}
			}
		},
		{
			"from": [10.25, 0.4, 3.35],
			"to": [11.75, 1, 12.65],
			"faces": {
				"east": {"uv": [0, 0, 10.5, 0.1], "texture": "#1"},
				"up": {"uv": [0, 0, 1.5, 10.5], "texture": "#1"},
				"down": {"uv": [6.125, 0, 8.647, 13.131], "texture": "#1"}
			}
		},
		{
			"from": [11.75, 0.4, 4.75],
			"to": [13.05, 1, 11.25],
			"faces": {
				"north": {"uv": [0, 0, 1.5, 0.1], "texture": "#1"},
				"south": {"uv": [0, 0, 1.5, 0.1], "texture": "#1"},
				"up": {"uv": [0, 0, 1.5, 10.5], "texture": "#1"},
				"down": {"uv": [9.172, 0, 11.694, 13.131], "texture": "#1"}
			}
		},
		{
			"from": [5.75, 0.4, 2.75],
			"to": [7.25, 1, 13.25],
			"faces": {
				"up": {"uv": [0, 0, 1.5, 10.5], "texture": "#1"},
				"down": {"uv": [13.516, 0.078, 16, 13.209], "texture": "#1"}
			}
		},
		{
			"from": [4.25, 0.4, 3.35],
			"to": [5.75, 1, 12.65],
			"faces": {
				"west": {"uv": [0, 0, 10.5, 0.1], "texture": "#1"},
				"up": {"uv": [0, 0, 1.5, 10.5], "texture": "#1"},
				"down": {"uv": [10.86, 0.078, 13.339, 13.209], "texture": "#1"}
			}
		},
		{
			"from": [2.95, 0.4, 4.75],
			"to": [4.25, 1, 11.25],
			"faces": {
				"north": {"uv": [0, 0, 1.5, 0.1], "texture": "#1"},
				"south": {"uv": [0, 0, 1.5, 0.1], "texture": "#1"},
				"up": {"uv": [0, 0, 1.5, 10.5], "texture": "#1"},
				"down": {"uv": [8.563, 0, 11.042, 13.131], "texture": "#1"}
			}
		},
		{
			"from": [7.25, 2, 2.75],
			"to": [8.75, 2.1, 13.25],
			"faces": {
				"up": {"uv": [0.688, 13.131, 3.21, 0], "texture": "#1"}
			}
		},
		{
			"from": [8.75, 2, 2.75],
			"to": [10.25, 2.1, 13.25],
			"faces": {
				"up": {"uv": [3.735, 13.131, 6.257, 0], "texture": "#1"},
				"down": {"uv": [0, 10.5, 1.5, 0], "texture": "#1"}
			}
		},
		{
			"from": [10.25, 2, 3.35],
			"to": [11.75, 2.1, 12.65],
			"faces": {
				"up": {"uv": [6.125, 13.131, 8.647, 0], "texture": "#1"},
				"down": {"uv": [0, 10.5, 1.5, 0], "texture": "#1"}
			}
		},
		{
			"from": [11.75, 2, 4.45],
			"to": [13.15, 2.1, 11.55],
			"faces": {
				"north": {"uv": [0, 0.1, 1.5, 0], "texture": "#1"},
				"east": {"uv": [0, 0.1, 10.5, 0], "texture": "#1"},
				"south": {"uv": [0, 0.1, 1.5, 0], "texture": "#1"},
				"up": {"uv": [9.172, 13.131, 11.694, 0], "texture": "#1"},
				"down": {"uv": [0, 10.5, 1.5, 0], "texture": "#1"}
			}
		},
		{
			"from": [5.75, 2, 2.75],
			"to": [7.25, 2.1, 13.25],
			"faces": {
				"up": {"uv": [13.516, 13.209, 16, 0.078], "texture": "#1"},
				"down": {"uv": [0, 10.5, 1.5, 0], "texture": "#1"}
			}
		},
		{
			"from": [4.25, 2, 3.35],
			"to": [5.75, 2.1, 12.65],
			"faces": {
				"up": {"uv": [10.86, 13.209, 13.339, 0.078], "texture": "#1"},
				"down": {"uv": [0, 10.5, 1.5, 0], "texture": "#1"}
			}
		},
		{
			"from": [2.85, 2, 4.45],
			"to": [4.25, 2.1, 11.55],
			"faces": {
				"north": {"uv": [0, 0.1, 1.5, 0], "texture": "#1"},
				"south": {"uv": [0, 0.1, 1.5, 0], "texture": "#1"},
				"west": {"uv": [0, 0.1, 10.5, 0], "texture": "#1"},
				"up": {"uv": [8.563, 13.131, 11.042, 0], "texture": "#1"},
				"down": {"uv": [0, 10.5, 1.5, 0], "texture": "#1"}
			}
		},
		{
			"name": "hexadecagon",
			"from": [6.73193, 4.5, 1.625],
			"to": [9.26807, 7, 2.625],
			"rotation": {"angle": -45, "axis": "y", "origin": [8, 5, 8]},
			"faces": {
				"north": {"uv": [0, 0, 8.392, 8.392], "texture": "#1"},
				"south": {"uv": [0, 0, 8.392, 8.392], "texture": "#1"},
				"up": {"uv": [0, 0, 0.783, 0.652], "texture": "#1"},
				"down": {"uv": [0, 0, 2.044, 0.522], "texture": "#1"}
			}
		},
		{
			"name": "hexadecagon",
			"from": [6.73193, 4.5, 1.625],
			"to": [9.26807, 7, 2.625],
			"rotation": {"angle": -22.5, "axis": "y", "origin": [8, 5, 8]},
			"faces": {
				"north": {"uv": [0, 0, 8.392, 8.392], "texture": "#1"},
				"south": {"uv": [0, 0, 8.392, 8.392], "texture": "#1"},
				"up": {"uv": [0, 0, 0.783, 0.652], "texture": "#1"},
				"down": {"uv": [0, 0, 2.044, 0.522], "texture": "#1"}
			}
		},
		{
			"name": "hexadecagon",
			"from": [6.73193, 4.5, 1.625],
			"to": [9.26807, 7, 2.625],
			"faces": {
				"north": {"uv": [0, 0, 8.392, 8.392], "texture": "#1"},
				"south": {"uv": [0, 0, 8.392, 8.392], "texture": "#1"},
				"up": {"uv": [0, 0, 0.783, 0.652], "texture": "#1"},
				"down": {"uv": [0, 0, 2.044, 0.522], "texture": "#1"}
			}
		},
		{
			"name": "hexadecagon",
			"from": [6.73193, 4.5, 1.625],
			"to": [9.26807, 7, 2.625],
			"rotation": {"angle": 22.5, "axis": "y", "origin": [8, 5, 8]},
			"faces": {
				"north": {"uv": [0, 0, 8.392, 8.392], "texture": "#1"},
				"south": {"uv": [0, 0, 8.392, 8.392], "texture": "#1"},
				"up": {"uv": [0, 0, 0.783, 0.652], "texture": "#1"},
				"down": {"uv": [0, 0, 2.044, 0.522], "texture": "#1"}
			}
		},
		{
			"name": "hexadecagon",
			"from": [6.73193, 4.5, 1.625],
			"to": [9.26807, 7, 2.625],
			"rotation": {"angle": 45, "axis": "y", "origin": [8, 5, 8]},
			"faces": {
				"north": {"uv": [0, 0, 8.392, 8.392], "texture": "#1"},
				"south": {"uv": [0, 0, 8.392, 8.392], "texture": "#1"},
				"up": {"uv": [0, 0, 0.783, 0.652], "texture": "#1"},
				"down": {"uv": [0, 0, 2.044, 0.522], "texture": "#1"}
			}
		},
		{
			"name": "hexadecagon",
			"from": [6.73193, 4.5, 13.375],
			"to": [9.26807, 7, 14.375],
			"rotation": {"angle": -45, "axis": "y", "origin": [8, 5, 8]},
			"faces": {
				"north": {"uv": [0, 0, 8.392, 8.392], "texture": "#1"},
				"south": {"uv": [0, 0, 8.392, 8.392], "texture": "#1"},
				"up": {"uv": [0, 0, 0.783, 0.652], "texture": "#1"},
				"down": {"uv": [0, 0, 2.044, 0.522], "texture": "#1"}
			}
		},
		{
			"name": "hexadecagon",
			"from": [6.73193, 4.5, 13.375],
			"to": [9.26807, 7, 14.375],
			"rotation": {"angle": -22.5, "axis": "y", "origin": [8, 5, 8]},
			"faces": {
				"north": {"uv": [0, 0, 8.392, 8.392], "texture": "#1"},
				"south": {"uv": [0, 0, 8.392, 8.392], "texture": "#1"},
				"up": {"uv": [0, 0, 0.783, 0.652], "texture": "#1"},
				"down": {"uv": [0, 0, 2.044, 0.522], "texture": "#1"}
			}
		},
		{
			"name": "hexadecagon",
			"from": [6.73193, 4.5, 13.375],
			"to": [9.26807, 7, 14.375],
			"faces": {
				"north": {"uv": [0, 0, 8.392, 8.392], "texture": "#1"},
				"south": {"uv": [0, 0, 8.392, 8.392], "texture": "#1"},
				"up": {"uv": [0, 0, 0.783, 0.652], "texture": "#1"},
				"down": {"uv": [0, 0, 2.044, 0.522], "texture": "#1"}
			}
		},
		{
			"name": "hexadecagon",
			"from": [6.73193, 4.5, 13.375],
			"to": [9.26807, 7, 14.375],
			"rotation": {"angle": 22.5, "axis": "y", "origin": [8, 5, 8]},
			"faces": {
				"north": {"uv": [0, 0, 8.392, 8.392], "texture": "#1"},
				"south": {"uv": [0, 0, 8.392, 8.392], "texture": "#1"},
				"up": {"uv": [0, 0, 0.783, 0.652], "texture": "#1"},
				"down": {"uv": [0, 0, 2.044, 0.522], "texture": "#1"}
			}
		},
		{
			"name": "hexadecagon",
			"from": [6.73193, 4.5, 13.375],
			"to": [9.26807, 7, 14.375],
			"rotation": {"angle": 45, "axis": "y", "origin": [8, 5, 8]},
			"faces": {
				"north": {"uv": [0, 0, 8.392, 8.392], "texture": "#1"},
				"south": {"uv": [0, 0, 8.392, 8.392], "texture": "#1"},
				"up": {"uv": [0, 0, 0.783, 0.652], "texture": "#1"},
				"down": {"uv": [0, 0, 2.044, 0.522], "texture": "#1"}
			}
		},
		{
			"name": "hexadecagon",
			"from": [1.625, 4.5, 6.73193],
			"to": [2.625, 7, 9.26807],
			"rotation": {"angle": -22.5, "axis": "y", "origin": [8, 5, 8]},
			"faces": {
				"east": {"uv": [0, 0, 8.392, 8.392], "texture": "#1"},
				"west": {"uv": [0, 0, 8.392, 8.392], "texture": "#1"},
				"up": {"uv": [0, 0, 0.783, 0.652], "texture": "#1"},
				"down": {"uv": [0, 0, 2.044, 0.522], "texture": "#1"}
			}
		},
		{
			"name": "hexadecagon",
			"from": [1.625, 4.5, 6.73193],
			"to": [2.625, 7, 9.26807],
			"faces": {
				"east": {"uv": [0, 0, 8.392, 8.392], "texture": "#1"},
				"west": {"uv": [0, 0, 8.392, 8.392], "texture": "#1"},
				"up": {"uv": [0, 0, 0.783, 0.652], "texture": "#1"},
				"down": {"uv": [0, 0, 2.044, 0.522], "texture": "#1"}
			}
		},
		{
			"name": "hexadecagon",
			"from": [1.625, 4.5, 6.73193],
			"to": [2.625, 7, 9.26807],
			"rotation": {"angle": 22.5, "axis": "y", "origin": [8, 5, 8]},
			"faces": {
				"east": {"uv": [0, 0, 8.392, 8.392], "texture": "#1"},
				"west": {"uv": [0, 0, 8.392, 8.392], "texture": "#1"},
				"up": {"uv": [0, 0, 0.783, 0.652], "texture": "#1"},
				"down": {"uv": [0, 0, 2.044, 0.522], "texture": "#1"}
			}
		},
		{
			"name": "hexadecagon",
			"from": [13.375, 4.5, 6.73193],
			"to": [14.375, 7, 9.26807],
			"rotation": {"angle": -22.5, "axis": "y", "origin": [8, 5, 8]},
			"faces": {
				"east": {"uv": [0, 0, 8.392, 8.392], "texture": "#1"},
				"west": {"uv": [0, 0, 8.392, 8.392], "texture": "#1"},
				"up": {"uv": [0, 0, 0.783, 0.652], "texture": "#1"},
				"down": {"uv": [0, 0, 2.044, 0.522], "texture": "#1"}
			}
		},
		{
			"name": "hexadecagon",
			"from": [13.375, 4.5, 6.73193],
			"to": [14.375, 7, 9.26807],
			"faces": {
				"east": {"uv": [0, 0, 8.392, 8.392], "texture": "#1"},
				"west": {"uv": [0, 0, 8.392, 8.392], "texture": "#1"},
				"up": {"uv": [0, 0, 0.783, 0.652], "texture": "#1"},
				"down": {"uv": [0, 0, 2.044, 0.522], "texture": "#1"}
			}
		},
		{
			"name": "hexadecagon",
			"from": [13.375, 4.5, 6.73193],
			"to": [14.375, 7, 9.26807],
			"rotation": {"angle": 22.5, "axis": "y", "origin": [8, 5, 8]},
			"faces": {
				"east": {"uv": [0, 0, 8.392, 8.392], "texture": "#1"},
				"west": {"uv": [0, 0, 8.392, 8.392], "texture": "#1"},
				"up": {"uv": [0, 0, 0.783, 0.652], "texture": "#1"},
				"down": {"uv": [0, 0, 2.044, 0.522], "texture": "#1"}
			}
		},
		{
			"name": "hexadecagon",
			"from": [6.7568, 3, 1.75],
			"to": [9.2432, 4.5, 2.75],
			"rotation": {"angle": -45, "axis": "y", "origin": [8, 3.5, 8]},
			"faces": {
				"north": {"uv": [0, 4.703, 8.131, 8.399], "texture": "#1"},
				"south": {"uv": [0, 4.782, 8.218, 8.391], "texture": "#1"},
				"up": {"uv": [0, 0, 0.783, 0.652], "texture": "#1"},
				"down": {"uv": [0, 0, 2.044, 0.522], "texture": "#1"}
			}
		},
		{
			"name": "hexadecagon",
			"from": [6.7568, 3, 1.75],
			"to": [9.2432, 4.5, 2.75],
			"rotation": {"angle": -22.5, "axis": "y", "origin": [8, 3.5, 8]},
			"faces": {
				"north": {"uv": [0, 4.703, 8.131, 8.399], "texture": "#1"},
				"south": {"uv": [0, 4.782, 8.218, 8.391], "texture": "#1"},
				"up": {"uv": [0, 0, 0.783, 0.652], "texture": "#1"},
				"down": {"uv": [0, 0, 2.044, 0.522], "texture": "#1"}
			}
		},
		{
			"name": "hexadecagon",
			"from": [6.7568, 3, 1.75],
			"to": [9.2432, 4.5, 2.75],
			"faces": {
				"north": {"uv": [0, 4.703, 8.131, 8.399], "texture": "#1"},
				"south": {"uv": [0, 4.782, 8.218, 8.391], "texture": "#1"},
				"up": {"uv": [0, 0, 0.783, 0.652], "texture": "#1"},
				"down": {"uv": [0, 0, 2.044, 0.522], "texture": "#1"}
			}
		},
		{
			"name": "hexadecagon",
			"from": [6.7568, 3, 1.75],
			"to": [9.2432, 4.5, 2.75],
			"rotation": {"angle": 22.5, "axis": "y", "origin": [8, 3.5, 8]},
			"faces": {
				"north": {"uv": [0, 4.703, 8.131, 8.399], "texture": "#1"},
				"south": {"uv": [0, 4.782, 8.218, 8.391], "texture": "#1"},
				"up": {"uv": [0, 0, 0.783, 0.652], "texture": "#1"},
				"down": {"uv": [0, 0, 2.044, 0.522], "texture": "#1"}
			}
		},
		{
			"name": "hexadecagon",
			"from": [6.7568, 3, 1.75],
			"to": [9.2432, 4.5, 2.75],
			"rotation": {"angle": 45, "axis": "y", "origin": [8, 3.5, 8]},
			"faces": {
				"north": {"uv": [0, 4.703, 8.131, 8.399], "texture": "#1"},
				"south": {"uv": [0, 4.782, 8.218, 8.391], "texture": "#1"},
				"up": {"uv": [0, 0, 0.783, 0.652], "texture": "#1"},
				"down": {"uv": [0, 0, 2.044, 0.522], "texture": "#1"}
			}
		},
		{
			"name": "hexadecagon",
			"from": [6.7568, 3, 13.25],
			"to": [9.2432, 4.5, 14.25],
			"rotation": {"angle": -45, "axis": "y", "origin": [8, 3.5, 8]},
			"faces": {
				"north": {"uv": [0, 4.703, 8.131, 8.399], "texture": "#1"},
				"south": {"uv": [0, 4.782, 8.218, 8.391], "texture": "#1"},
				"up": {"uv": [0, 0, 0.783, 0.652], "texture": "#1"},
				"down": {"uv": [0, 0, 2.044, 0.522], "texture": "#1"}
			}
		},
		{
			"name": "hexadecagon",
			"from": [6.7568, 3, 13.25],
			"to": [9.2432, 4.5, 14.25],
			"rotation": {"angle": -22.5, "axis": "y", "origin": [8, 3.5, 8]},
			"faces": {
				"north": {"uv": [0, 4.703, 8.131, 8.399], "texture": "#1"},
				"south": {"uv": [0, 4.782, 8.218, 8.391], "texture": "#1"},
				"up": {"uv": [0, 0, 0.783, 0.652], "texture": "#1"},
				"down": {"uv": [0, 0, 2.044, 0.522], "texture": "#1"}
			}
		},
		{
			"name": "hexadecagon",
			"from": [6.7568, 3, 13.25],
			"to": [9.2432, 4.5, 14.25],
			"faces": {
				"north": {"uv": [0, 4.703, 8.131, 8.399], "texture": "#1"},
				"south": {"uv": [0, 4.782, 8.218, 8.391], "texture": "#1"},
				"up": {"uv": [0, 0, 0.783, 0.652], "texture": "#1"},
				"down": {"uv": [0, 0, 2.044, 0.522], "texture": "#1"}
			}
		},
		{
			"name": "hexadecagon",
			"from": [6.7568, 3, 13.25],
			"to": [9.2432, 4.5, 14.25],
			"rotation": {"angle": 22.5, "axis": "y", "origin": [8, 3.5, 8]},
			"faces": {
				"north": {"uv": [0, 4.703, 8.131, 8.399], "texture": "#1"},
				"south": {"uv": [0, 4.782, 8.218, 8.391], "texture": "#1"},
				"up": {"uv": [0, 0, 0.783, 0.652], "texture": "#1"},
				"down": {"uv": [0, 0, 2.044, 0.522], "texture": "#1"}
			}
		},
		{
			"name": "hexadecagon",
			"from": [6.7568, 3, 13.25],
			"to": [9.2432, 4.5, 14.25],
			"rotation": {"angle": 45, "axis": "y", "origin": [8, 3.5, 8]},
			"faces": {
				"north": {"uv": [0, 4.703, 8.131, 8.399], "texture": "#1"},
				"south": {"uv": [0, 4.782, 8.218, 8.391], "texture": "#1"},
				"up": {"uv": [0, 0, 0.783, 0.652], "texture": "#1"},
				"down": {"uv": [0, 0, 2.044, 0.522], "texture": "#1"}
			}
		},
		{
			"name": "hexadecagon",
			"from": [1.75, 3, 6.7568],
			"to": [2.75, 4.5, 9.2432],
			"rotation": {"angle": -22.5, "axis": "y", "origin": [8, 3.5, 8]},
			"faces": {
				"east": {"uv": [0, 4.516, 8.131, 8.386], "texture": "#1"},
				"west": {"uv": [0, 4.735, 8.174, 8.387], "texture": "#1"},
				"up": {"uv": [0, 0, 0.783, 0.652], "texture": "#1"},
				"down": {"uv": [0, 0, 2.044, 0.522], "texture": "#1"}
			}
		},
		{
			"name": "hexadecagon",
			"from": [1.75, 3, 6.7568],
			"to": [2.75, 4.5, 9.2432],
			"faces": {
				"east": {"uv": [0, 4.516, 8.131, 8.386], "texture": "#1"},
				"west": {"uv": [0, 4.735, 8.174, 8.387], "texture": "#1"},
				"up": {"uv": [0, 0, 0.783, 0.652], "texture": "#1"},
				"down": {"uv": [0, 0, 2.044, 0.522], "texture": "#1"}
			}
		},
		{
			"name": "hexadecagon",
			"from": [1.75, 3, 6.7568],
			"to": [2.75, 4.5, 9.2432],
			"rotation": {"angle": 22.5, "axis": "y", "origin": [8, 3.5, 8]},
			"faces": {
				"east": {"uv": [0, 4.516, 8.131, 8.386], "texture": "#1"},
				"west": {"uv": [0, 4.735, 8.174, 8.387], "texture": "#1"},
				"up": {"uv": [0, 0, 0.783, 0.652], "texture": "#1"},
				"down": {"uv": [0, 0, 2.044, 0.522], "texture": "#1"}
			}
		},
		{
			"name": "hexadecagon",
			"from": [13.25, 3, 6.7568],
			"to": [14.25, 4.5, 9.2432],
			"rotation": {"angle": -22.5, "axis": "y", "origin": [8, 3.5, 8]},
			"faces": {
				"east": {"uv": [0, 4.516, 8.131, 8.386], "texture": "#1"},
				"west": {"uv": [0, 4.735, 8.174, 8.387], "texture": "#1"},
				"up": {"uv": [0, 0, 0.783, 0.652], "texture": "#1"},
				"down": {"uv": [0, 0, 2.044, 0.522], "texture": "#1"}
			}
		},
		{
			"name": "hexadecagon",
			"from": [13.25, 3, 6.7568],
			"to": [14.25, 4.5, 9.2432],
			"faces": {
				"east": {"uv": [0, 4.516, 8.131, 8.386], "texture": "#1"},
				"west": {"uv": [0, 4.735, 8.174, 8.387], "texture": "#1"},
				"up": {"uv": [0, 0, 0.783, 0.652], "texture": "#1"},
				"down": {"uv": [0, 0, 2.044, 0.522], "texture": "#1"}
			}
		},
		{
			"name": "hexadecagon",
			"from": [13.25, 3, 6.7568],
			"to": [14.25, 4.5, 9.2432],
			"rotation": {"angle": 22.5, "axis": "y", "origin": [8, 3.5, 8]},
			"faces": {
				"east": {"uv": [0, 4.516, 8.131, 8.386], "texture": "#1"},
				"west": {"uv": [0, 4.735, 8.174, 8.387], "texture": "#1"},
				"up": {"uv": [0, 0, 0.783, 0.652], "texture": "#1"},
				"down": {"uv": [0, 0, 2.044, 0.522], "texture": "#1"}
			}
		},
		{
			"name": "hexadecagon",
			"from": [6.78166, 2, 1.875],
			"to": [9.21834, 3, 2.875],
			"rotation": {"angle": -45, "axis": "y", "origin": [8, 2.5, 8]},
			"faces": {
				"north": {"uv": [0, 8.735, 8, 11.474], "texture": "#1"},
				"south": {"uv": [0, 8.907, 8.131, 11.386], "texture": "#1"},
				"up": {"uv": [0, 0, 0.783, 0.652], "texture": "#1"},
				"down": {"uv": [0, 0, 2.044, 0.522], "texture": "#1"}
			}
		},
		{
			"name": "hexadecagon",
			"from": [6.78166, 2, 1.875],
			"to": [9.21834, 3, 2.875],
			"rotation": {"angle": -22.5, "axis": "y", "origin": [8, 2.5, 8]},
			"faces": {
				"north": {"uv": [0, 8.735, 8, 11.474], "texture": "#1"},
				"south": {"uv": [0, 8.907, 8.131, 11.386], "texture": "#1"},
				"up": {"uv": [0, 0, 0.783, 0.652], "texture": "#1"},
				"down": {"uv": [0, 0, 2.044, 0.522], "texture": "#1"}
			}
		},
		{
			"name": "hexadecagon",
			"from": [6.78166, 2, 1.875],
			"to": [9.21834, 3, 2.875],
			"faces": {
				"north": {"uv": [0, 8.735, 8, 11.474], "texture": "#1"},
				"south": {"uv": [0, 8.907, 8.131, 11.386], "texture": "#1"},
				"up": {"uv": [0, 0, 0.783, 0.652], "texture": "#1"},
				"down": {"uv": [0, 0, 2.044, 0.522], "texture": "#1"}
			}
		},
		{
			"name": "hexadecagon",
			"from": [6.78166, 2, 1.875],
			"to": [9.21834, 3, 2.875],
			"rotation": {"angle": 22.5, "axis": "y", "origin": [8, 2.5, 8]},
			"faces": {
				"north": {"uv": [0, 8.735, 8, 11.474], "texture": "#1"},
				"south": {"uv": [0, 8.907, 8.131, 11.386], "texture": "#1"},
				"up": {"uv": [0, 0, 0.783, 0.652], "texture": "#1"},
				"down": {"uv": [0, 0, 2.044, 0.522], "texture": "#1"}
			}
		},
		{
			"name": "hexadecagon",
			"from": [6.78166, 2, 1.875],
			"to": [9.21834, 3, 2.875],
			"rotation": {"angle": 45, "axis": "y", "origin": [8, 2.5, 8]},
			"faces": {
				"north": {"uv": [0, 8.735, 8, 11.474], "texture": "#1"},
				"south": {"uv": [0, 8.907, 8.131, 11.386], "texture": "#1"},
				"up": {"uv": [0, 0, 0.783, 0.652], "texture": "#1"},
				"down": {"uv": [0, 0, 2.044, 0.522], "texture": "#1"}
			}
		},
		{
			"name": "hexadecagon",
			"from": [6.78166, 2, 13.125],
			"to": [9.21834, 3, 14.125],
			"rotation": {"angle": -45, "axis": "y", "origin": [8, 2.5, 8]},
			"faces": {
				"north": {"uv": [0, 8.735, 8, 11.474], "texture": "#1"},
				"south": {"uv": [0, 8.907, 8.131, 11.386], "texture": "#1"},
				"up": {"uv": [0, 0, 0.783, 0.652], "texture": "#1"},
				"down": {"uv": [0, 0, 2.044, 0.522], "texture": "#1"}
			}
		},
		{
			"name": "hexadecagon",
			"from": [6.78166, 2, 13.125],
			"to": [9.21834, 3, 14.125],
			"rotation": {"angle": -22.5, "axis": "y", "origin": [8, 2.5, 8]},
			"faces": {
				"north": {"uv": [0, 8.735, 8, 11.474], "texture": "#1"},
				"south": {"uv": [0, 8.907, 8.131, 11.386], "texture": "#1"},
				"up": {"uv": [0, 0, 0.783, 0.652], "texture": "#1"},
				"down": {"uv": [0, 0, 2.044, 0.522], "texture": "#1"}
			}
		},
		{
			"name": "hexadecagon",
			"from": [6.78166, 2, 13.125],
			"to": [9.21834, 3, 14.125],
			"faces": {
				"north": {"uv": [0, 8.735, 8, 11.474], "texture": "#1"},
				"south": {"uv": [0, 8.907, 8.131, 11.386], "texture": "#1"},
				"up": {"uv": [0, 0, 0.783, 0.652], "texture": "#1"},
				"down": {"uv": [0, 0, 2.044, 0.522], "texture": "#1"}
			}
		},
		{
			"name": "hexadecagon",
			"from": [6.78166, 2, 13.125],
			"to": [9.21834, 3, 14.125],
			"rotation": {"angle": 22.5, "axis": "y", "origin": [8, 2.5, 8]},
			"faces": {
				"north": {"uv": [0, 8.735, 8, 11.474], "texture": "#1"},
				"south": {"uv": [0, 8.907, 8.131, 11.386], "texture": "#1"},
				"up": {"uv": [0, 0, 0.783, 0.652], "texture": "#1"},
				"down": {"uv": [0, 0, 2.044, 0.522], "texture": "#1"}
			}
		},
		{
			"name": "hexadecagon",
			"from": [6.78166, 2, 13.125],
			"to": [9.21834, 3, 14.125],
			"rotation": {"angle": 45, "axis": "y", "origin": [8, 2.5, 8]},
			"faces": {
				"north": {"uv": [0, 8.735, 8, 11.474], "texture": "#1"},
				"south": {"uv": [0, 8.907, 8.131, 11.386], "texture": "#1"},
				"up": {"uv": [0, 0, 0.783, 0.652], "texture": "#1"},
				"down": {"uv": [0, 0, 2.044, 0.522], "texture": "#1"}
			}
		},
		{
			"name": "hexadecagon",
			"from": [1.875, 2, 6.78166],
			"to": [2.875, 3, 9.21834],
			"rotation": {"angle": -22.5, "axis": "y", "origin": [8, 2.5, 8]},
			"faces": {
				"east": {"uv": [0, 9.438, 8.218, 12.177], "texture": "#1"},
				"west": {"uv": [0, 9.391, 8.218, 11.913], "texture": "#1"},
				"up": {"uv": [0, 0, 0.783, 0.652], "texture": "#1"},
				"down": {"uv": [0, 0, 2.044, 0.522], "texture": "#1"}
			}
		},
		{
			"name": "hexadecagon",
			"from": [1.875, 2, 6.78166],
			"to": [2.875, 3, 9.21834],
			"faces": {
				"east": {"uv": [0, 9.438, 8.218, 12.177], "texture": "#1"},
				"west": {"uv": [0, 9.391, 8.218, 11.913], "texture": "#1"},
				"up": {"uv": [0, 0, 0.783, 0.652], "texture": "#1"},
				"down": {"uv": [0, 0, 2.044, 0.522], "texture": "#1"}
			}
		},
		{
			"name": "hexadecagon",
			"from": [1.875, 2, 6.78166],
			"to": [2.875, 3, 9.21834],
			"rotation": {"angle": 22.5, "axis": "y", "origin": [8, 2.5, 8]},
			"faces": {
				"east": {"uv": [0, 9.438, 8.218, 12.177], "texture": "#1"},
				"west": {"uv": [0, 9.391, 8.218, 11.913], "texture": "#1"},
				"up": {"uv": [0, 0, 0.783, 0.652], "texture": "#1"},
				"down": {"uv": [0, 0, 2.044, 0.522], "texture": "#1"}
			}
		},
		{
			"name": "hexadecagon",
			"from": [13.125, 2, 6.78166],
			"to": [14.125, 3, 9.21834],
			"rotation": {"angle": -22.5, "axis": "y", "origin": [8, 2.5, 8]},
			"faces": {
				"east": {"uv": [0, 9.438, 8.218, 12.177], "texture": "#1"},
				"west": {"uv": [0, 9.391, 8.218, 11.913], "texture": "#1"},
				"up": {"uv": [0, 0, 0.783, 0.652], "texture": "#1"},
				"down": {"uv": [0, 0, 2.044, 0.522], "texture": "#1"}
			}
		},
		{
			"name": "hexadecagon",
			"from": [13.125, 2, 6.78166],
			"to": [14.125, 3, 9.21834],
			"faces": {
				"east": {"uv": [0, 9.438, 8.218, 12.177], "texture": "#1"},
				"west": {"uv": [0, 9.391, 8.218, 11.913], "texture": "#1"},
				"up": {"uv": [0, 0, 0.783, 0.652], "texture": "#1"},
				"down": {"uv": [0, 0, 2.044, 0.522], "texture": "#1"}
			}
		},
		{
			"name": "hexadecagon",
			"from": [13.125, 2, 6.78166],
			"to": [14.125, 3, 9.21834],
			"rotation": {"angle": 22.5, "axis": "y", "origin": [8, 2.5, 8]},
			"faces": {
				"east": {"uv": [0, 9.438, 8.218, 12.177], "texture": "#1"},
				"west": {"uv": [0, 9.391, 8.218, 11.913], "texture": "#1"},
				"up": {"uv": [0, 0, 0.783, 0.652], "texture": "#1"},
				"down": {"uv": [0, 0, 2.044, 0.522], "texture": "#1"}
			}
		},
		{
			"name": "hexadecagon",
			"from": [6.80653, 1, 2],
			"to": [9.19347, 2, 14],
			"rotation": {"angle": -45, "axis": "y", "origin": [8, 1.5, 8]},
			"faces": {
				"north": {"uv": [0, 4.907, 8.305, 7.907], "texture": "#1"},
				"south": {"uv": [0, 5.485, 8.218, 8.398], "texture": "#1"},
				"up": {"uv": [0, 0, 0.783, 0.652], "texture": "#1"},
				"down": {"uv": [0, 0, 2.479, 13.218], "texture": "#1"}
			}
		},
		{
			"name": "hexadecagon",
			"from": [6.80653, 1, 2],
			"to": [9.19347, 2, 14],
			"rotation": {"angle": -22.5, "axis": "y", "origin": [8, 1.5, 8]},
			"faces": {
				"north": {"uv": [0, 4.907, 8.305, 7.907], "texture": "#1"},
				"south": {"uv": [0, 5.485, 8.218, 8.398], "texture": "#1"},
				"up": {"uv": [0, 0, 0.783, 0.652], "texture": "#1"},
				"down": {"uv": [0, 0, 2.522, 13.131], "texture": "#1"}
			}
		},
		{
			"name": "hexadecagon",
			"from": [6.80653, 1, 2],
			"to": [9.19347, 2, 14],
			"faces": {
				"north": {"uv": [0, 4.907, 8.305, 7.907], "texture": "#1"},
				"south": {"uv": [0, 5.485, 8.218, 8.398], "texture": "#1"},
				"down": {"uv": [0, 0, 2.479, 13.174], "texture": "#1"}
			}
		},
		{
			"name": "hexadecagon",
			"from": [6.80653, 1, 2],
			"to": [9.19347, 2, 14],
			"rotation": {"angle": 22.5, "axis": "y", "origin": [8, 1.5, 8]},
			"faces": {
				"north": {"uv": [0, 4.907, 8.305, 7.907], "texture": "#1"},
				"south": {"uv": [0, 5.485, 8.218, 8.398], "texture": "#1"},
				"up": {"uv": [0, 0, 0.783, 0.652], "texture": "#1"},
				"down": {"uv": [0, 0, 2.566, 13.131], "texture": "#1"}
			}
		},
		{
			"name": "hexadecagon",
			"from": [6.80653, 1, 2],
			"to": [9.19347, 2, 14],
			"rotation": {"angle": 45, "axis": "y", "origin": [8, 1.5, 8]},
			"faces": {
				"north": {"uv": [0, 4.907, 8.305, 7.907], "texture": "#1"},
				"south": {"uv": [0, 5.485, 8.218, 8.398], "texture": "#1"},
				"up": {"uv": [0, 0, 0.783, 0.652], "texture": "#1"},
				"down": {"uv": [0, 0, 2.479, 13.087], "texture": "#1"}
			}
		},
		{
			"name": "hexadecagon",
			"from": [2, 1, 6.80653],
			"to": [14, 2, 9.19347],
			"rotation": {"angle": -22.5, "axis": "y", "origin": [8, 1.5, 8]},
			"faces": {
				"east": {"uv": [0, 5.516, 8.131, 8.386], "texture": "#1"},
				"west": {"uv": [0, 5.563, 8.218, 8.389], "texture": "#1"},
				"up": {"uv": [0, 0, 0.783, 0.652], "texture": "#1"},
				"down": {"uv": [0, 0, 2.479, 13.131], "texture": "#1"}
			}
		},
		{
			"name": "hexadecagon",
			"from": [2, 1, 6.80653],
			"to": [14, 2, 9.19347],
			"faces": {
				"east": {"uv": [0, 5.516, 8.131, 8.386], "texture": "#1"},
				"west": {"uv": [0, 5.563, 8.218, 8.389], "texture": "#1"},
				"down": {"uv": [0, 0, 2.479, 13.131], "texture": "#1"}
			}
		},
		{
			"name": "hexadecagon",
			"from": [2, 1, 6.80653],
			"to": [14, 2, 9.19347],
			"rotation": {"angle": 22.5, "axis": "y", "origin": [8, 1.5, 8]},
			"faces": {
				"east": {"uv": [0, 5.516, 8.131, 8.386], "texture": "#1"},
				"west": {"uv": [0, 5.563, 8.218, 8.389], "texture": "#1"},
				"up": {"uv": [0, 0, 0.783, 0.652], "texture": "#1"},
				"down": {"uv": [0, 0, 2.566, 13.218], "texture": "#1"}
			}
		},
		{
			"name": "hexadecagon",
			"from": [6.73691, 3.1, 1.65],
			"to": [9.26309, 4.1, 2.65],
			"rotation": {"angle": -45, "axis": "y", "origin": [8, 3.6, 8]},
			"faces": {
				"north": {"uv": [0.907, 9.516, 7.473, 12.777], "texture": "#0"},
				"up": {"uv": [0.953, 4.953, 7.519, 8.214], "texture": "#0"},
				"down": {"uv": [0.953, 4.953, 7.519, 8.214], "texture": "#0"}
			}
		},
		{
			"name": "hexadecagon",
			"from": [6.73691, 3.1, 1.65],
			"to": [9.26309, 4.1, 2.65],
			"rotation": {"angle": -22.5, "axis": "y", "origin": [8, 3.6, 8]},
			"faces": {
				"north": {"uv": [0.86, 2.953, 7.426, 6.214], "texture": "#0"},
				"up": {"uv": [0.953, 4.953, 7.519, 8.214], "texture": "#0"},
				"down": {"uv": [0.953, 4.953, 7.519, 8.214], "texture": "#0"}
			}
		},
		{
			"name": "hexadecagon",
			"from": [6.73691, 3.1, 1.65],
			"to": [9.26309, 4.1, 2.65],
			"faces": {
				"north": {"uv": [0, 7.594, 6.566, 10.855], "texture": "#0"},
				"up": {"uv": [0.953, 4.953, 7.519, 8.214], "texture": "#0"},
				"down": {"uv": [0.953, 4.953, 7.519, 8.214], "texture": "#0"}
			}
		},
		{
			"name": "hexadecagon",
			"from": [6.73691, 3.1, 1.65],
			"to": [9.26309, 4.1, 2.65],
			"rotation": {"angle": 22.5, "axis": "y", "origin": [8, 3.6, 8]},
			"faces": {
				"north": {"uv": [3.735, 3.203, 10.301, 6.464], "texture": "#0"},
				"up": {"uv": [0.953, 4.953, 7.519, 8.214], "texture": "#0"},
				"down": {"uv": [0.953, 4.953, 7.519, 8.214], "texture": "#0"}
			}
		},
		{
			"name": "hexadecagon",
			"from": [6.73691, 3.1, 1.65],
			"to": [9.26309, 4.1, 2.65],
			"rotation": {"angle": 45, "axis": "y", "origin": [8, 3.6, 8]},
			"faces": {
				"north": {"uv": [3.735, 6.516, 10.301, 9.777], "texture": "#0"},
				"up": {"uv": [0.953, 4.953, 7.519, 8.214], "texture": "#0"},
				"down": {"uv": [0.953, 4.953, 7.519, 8.214], "texture": "#0"}
			}
		},
		{
			"name": "hexadecagon",
			"from": [6.73691, 3.1, 13.35],
			"to": [9.26309, 4.1, 14.35],
			"rotation": {"angle": -45, "axis": "y", "origin": [8, 3.6, 8]},
			"faces": {
				"south": {"uv": [4.516, 5.172, 11.082, 8.433], "texture": "#0"},
				"up": {"uv": [0.953, 4.953, 7.519, 8.214], "texture": "#0"},
				"down": {"uv": [0.953, 4.953, 7.519, 8.214], "texture": "#0"}
			}
		},
		{
			"name": "hexadecagon",
			"from": [6.73691, 3.1, 13.35],
			"to": [9.26309, 4.1, 14.35],
			"rotation": {"angle": -22.5, "axis": "y", "origin": [8, 3.6, 8]},
			"faces": {
				"south": {"uv": [1.469, 3.125, 8.035, 6.386], "texture": "#0"},
				"up": {"uv": [0.953, 4.953, 7.519, 8.214], "texture": "#0"},
				"down": {"uv": [0.953, 4.953, 7.519, 8.214], "texture": "#0"}
			}
		},
		{
			"name": "hexadecagon",
			"from": [6.73691, 3.1, 13.35],
			"to": [9.26309, 4.1, 14.35],
			"faces": {
				"south": {"uv": [1.032, 7.86, 7.598, 11.121], "texture": "#0"},
				"up": {"uv": [0.953, 4.953, 7.519, 8.214], "texture": "#0"},
				"down": {"uv": [0.953, 4.953, 7.519, 8.214], "texture": "#0"}
			}
		},
		{
			"name": "hexadecagon",
			"from": [6.73691, 3.1, 13.35],
			"to": [9.26309, 4.1, 14.35],
			"rotation": {"angle": 22.5, "axis": "y", "origin": [8, 3.6, 8]},
			"faces": {
				"south": {"uv": [1.516, 6.125, 8.082, 9.386], "texture": "#0"},
				"up": {"uv": [0.953, 4.953, 7.519, 8.214], "texture": "#0"},
				"down": {"uv": [0.953, 4.953, 7.519, 8.214], "texture": "#0"}
			}
		},
		{
			"name": "hexadecagon",
			"from": [6.73691, 3.1, 13.35],
			"to": [9.26309, 4.1, 14.35],
			"rotation": {"angle": 45, "axis": "y", "origin": [8, 3.6, 8]},
			"faces": {
				"south": {"uv": [1.344, 2.813, 7.91, 6.074], "texture": "#0"},
				"up": {"uv": [0.953, 4.953, 7.519, 8.214], "texture": "#0"},
				"down": {"uv": [0.953, 4.953, 7.519, 8.214], "texture": "#0"}
			}
		},
		{
			"name": "hexadecagon",
			"from": [1.65, 3.1, 6.73691],
			"to": [2.65, 4.1, 9.26309],
			"rotation": {"angle": -22.5, "axis": "y", "origin": [8, 3.6, 8]},
			"faces": {
				"west": {"uv": [4.469, 6.203, 11.035, 9.464], "texture": "#0"},
				"up": {"uv": [0.953, 4.953, 7.519, 8.214], "texture": "#0"},
				"down": {"uv": [0.953, 4.953, 7.519, 8.214], "texture": "#0"}
			}
		},
		{
			"name": "hexadecagon",
			"from": [1.65, 3.1, 6.73691],
			"to": [2.65, 4.1, 9.26309],
			"faces": {
				"west": {"uv": [0, 6.594, 6.566, 9.855], "texture": "#0"},
				"up": {"uv": [0.953, 4.953, 7.519, 8.214], "texture": "#0"},
				"down": {"uv": [0.953, 4.953, 7.519, 8.214], "texture": "#0"}
			}
		},
		{
			"name": "hexadecagon",
			"from": [1.65, 3.1, 6.73691],
			"to": [2.65, 4.1, 9.26309],
			"rotation": {"angle": 22.5, "axis": "y", "origin": [8, 3.6, 8]},
			"faces": {
				"west": {"uv": [1.813, 7, 8.379, 10.261], "texture": "#0"},
				"up": {"uv": [0.953, 4.953, 7.519, 8.214], "texture": "#0"},
				"down": {"uv": [0.953, 4.953, 7.519, 8.214], "texture": "#0"}
			}
		},
		{
			"name": "hexadecagon",
			"from": [13.35, 3.1, 6.73691],
			"to": [14.35, 4.1, 9.26309],
			"rotation": {"angle": -22.5, "axis": "y", "origin": [8, 3.6, 8]},
			"faces": {
				"east": {"uv": [1.86, 6.125, 8.426, 9.386], "texture": "#0"},
				"up": {"uv": [0.953, 4.953, 7.519, 8.214], "texture": "#0"},
				"down": {"uv": [0.953, 4.953, 7.519, 8.214], "texture": "#0"}
			}
		},
		{
			"name": "hexadecagon",
			"from": [13.35, 3.1, 6.73691],
			"to": [14.35, 4.1, 9.26309],
			"faces": {
				"east": {"uv": [6.469, 5.297, 13.035, 8.558], "texture": "#0"},
				"up": {"uv": [0.953, 4.953, 7.519, 8.214], "texture": "#0"},
				"down": {"uv": [0.953, 4.953, 7.519, 8.214], "texture": "#0"}
			}
		},
		{
			"name": "hexadecagon",
			"from": [13.35, 3.1, 6.73691],
			"to": [14.35, 4.1, 9.26309],
			"rotation": {"angle": 22.5, "axis": "y", "origin": [8, 3.6, 8]},
			"faces": {
				"east": {"uv": [0, 6.203, 6.566, 9.464], "texture": "#0"},
				"up": {"uv": [0.953, 4.953, 7.519, 8.214], "texture": "#0"},
				"down": {"uv": [0.953, 4.953, 7.519, 8.214], "texture": "#0"}
			}
		},
		{
			"name": "hexadecagon",
			"from": [6.81647, 0, 2.05],
			"to": [9.18353, 1, 3.05],
			"rotation": {"angle": -45, "axis": "y", "origin": [8, 0.5, 8]},
			"faces": {
				"north": {"uv": [0, 8.422, 6.566, 11.683], "texture": "#0"},
				"south": {"uv": [0.953, 4.953, 7.519, 8.214], "texture": "#0"},
				"down": {"uv": [0.953, 4.953, 7.519, 8.214], "texture": "#0"}
			}
		},
		{
			"name": "hexadecagon",
			"from": [6.81647, 0, 2.05],
			"to": [9.18353, 1, 3.05],
			"rotation": {"angle": -22.5, "axis": "y", "origin": [8, 0.5, 8]},
			"faces": {
				"north": {"uv": [2.782, 4.032, 9.348, 7.293], "texture": "#0"},
				"south": {"uv": [0.953, 4.953, 7.519, 8.214], "texture": "#0"},
				"down": {"uv": [0.953, 4.953, 7.519, 8.214], "texture": "#0"}
			}
		},
		{
			"name": "hexadecagon",
			"from": [6.81647, 0, 2.05],
			"to": [9.18353, 1, 3.05],
			"faces": {
				"north": {"uv": [4.172, 7.172, 10.738, 10.433], "texture": "#0"},
				"south": {"uv": [0.953, 4.953, 7.519, 8.214], "texture": "#0"},
				"down": {"uv": [0.953, 4.953, 7.519, 8.214], "texture": "#0"}
			}
		},
		{
			"name": "hexadecagon",
			"from": [6.81647, 0, 2.05],
			"to": [9.18353, 1, 3.05],
			"rotation": {"angle": 22.5, "axis": "y", "origin": [8, 0.5, 8]},
			"faces": {
				"north": {"uv": [1.563, 8.86, 8.129, 12.121], "texture": "#0"},
				"south": {"uv": [0.953, 4.953, 7.519, 8.214], "texture": "#0"},
				"down": {"uv": [0.953, 4.953, 7.519, 8.214], "texture": "#0"}
			}
		},
		{
			"name": "hexadecagon",
			"from": [6.81647, 0, 2.05],
			"to": [9.18353, 1, 3.05],
			"rotation": {"angle": 45, "axis": "y", "origin": [8, 0.5, 8]},
			"faces": {
				"north": {"uv": [4.86, 8.125, 11.426, 11.386], "texture": "#0"},
				"south": {"uv": [0.953, 4.953, 7.519, 8.214], "texture": "#0"},
				"down": {"uv": [0.953, 4.953, 7.519, 8.214], "texture": "#0"}
			}
		},
		{
			"name": "hexadecagon",
			"from": [6.81647, 0, 12.95],
			"to": [9.18353, 1, 13.95],
			"rotation": {"angle": -45, "axis": "y", "origin": [8, 0.5, 8]},
			"faces": {
				"north": {"uv": [0.953, 4.953, 7.519, 8.214], "texture": "#0"},
				"south": {"uv": [0.563, 7.594, 7.129, 10.855], "texture": "#0"},
				"down": {"uv": [0.953, 4.953, 7.519, 8.214], "texture": "#0"}
			}
		},
		{
			"name": "hexadecagon",
			"from": [6.81647, 0, 12.95],
			"to": [9.18353, 1, 13.95],
			"rotation": {"angle": -22.5, "axis": "y", "origin": [8, 0.5, 8]},
			"faces": {
				"north": {"uv": [0.953, 4.953, 7.519, 8.214], "texture": "#0"},
				"south": {"uv": [0, 3.297, 6.566, 6.558], "texture": "#0"},
				"down": {"uv": [0.953, 4.953, 7.519, 8.214], "texture": "#0"}
			}
		},
		{
			"name": "hexadecagon",
			"from": [6.81647, 0, 12.95],
			"to": [9.18353, 1, 13.95],
			"faces": {
				"north": {"uv": [0.953, 4.953, 7.519, 8.214], "texture": "#0"},
				"south": {"uv": [5.172, 3.172, 11.738, 6.433], "texture": "#0"},
				"down": {"uv": [0.953, 4.953, 7.519, 8.214], "texture": "#0"}
			}
		},
		{
			"name": "hexadecagon",
			"from": [6.81647, 0, 12.95],
			"to": [9.18353, 1, 13.95],
			"rotation": {"angle": 22.5, "axis": "y", "origin": [8, 0.5, 8]},
			"faces": {
				"north": {"uv": [0.953, 4.953, 7.519, 8.214], "texture": "#0"},
				"south": {"uv": [5.032, 6.813, 11.598, 10.074], "texture": "#0"},
				"down": {"uv": [0.953, 4.953, 7.519, 8.214], "texture": "#0"}
			}
		},
		{
			"name": "hexadecagon",
			"from": [6.81647, 0, 12.95],
			"to": [9.18353, 1, 13.95],
			"rotation": {"angle": 45, "axis": "y", "origin": [8, 0.5, 8]},
			"faces": {
				"north": {"uv": [0.953, 4.953, 7.519, 8.214], "texture": "#0"},
				"south": {"uv": [0.813, 7.032, 7.379, 10.293], "texture": "#0"},
				"down": {"uv": [0.953, 4.953, 7.519, 8.214], "texture": "#0"}
			}
		},
		{
			"name": "hexadecagon",
			"from": [2.05, 0, 6.81647],
			"to": [3.05, 1, 9.18353],
			"rotation": {"angle": -22.5, "axis": "y", "origin": [8, 0.5, 8]},
			"faces": {
				"east": {"uv": [0.953, 4.953, 7.519, 8.214], "texture": "#0"},
				"west": {"uv": [4.86, 4.813, 11.426, 8.074], "texture": "#0"},
				"down": {"uv": [0.953, 4.953, 7.519, 8.214], "texture": "#0"}
			}
		},
		{
			"name": "hexadecagon",
			"from": [2.05, 0, 6.81647],
			"to": [3.05, 1, 9.18353],
			"faces": {
				"east": {"uv": [0.953, 4.953, 7.519, 8.214], "texture": "#0"},
				"west": {"uv": [1.391, 7.641, 7.957, 10.902], "texture": "#0"},
				"down": {"uv": [0.953, 4.953, 7.519, 8.214], "texture": "#0"}
			}
		},
		{
			"name": "hexadecagon",
			"from": [2.05, 0, 6.81647],
			"to": [3.05, 1, 9.18353],
			"rotation": {"angle": 22.5, "axis": "y", "origin": [8, 0.5, 8]},
			"faces": {
				"east": {"uv": [0.953, 4.953, 7.519, 8.214], "texture": "#0"},
				"west": {"uv": [4.032, 4.907, 10.598, 8.168], "texture": "#0"},
				"down": {"uv": [0.953, 4.953, 7.519, 8.214], "texture": "#0"}
			}
		},
		{
			"name": "hexadecagon",
			"from": [12.95, 0, 6.81647],
			"to": [13.95, 1, 9.18353],
			"rotation": {"angle": -22.5, "axis": "y", "origin": [8, 0.5, 8]},
			"faces": {
				"east": {"uv": [0.907, 9, 7.473, 12.261], "texture": "#0"},
				"west": {"uv": [0.953, 4.953, 7.519, 8.214], "texture": "#0"},
				"down": {"uv": [0.953, 4.953, 7.519, 8.214], "texture": "#0"}
			}
		},
		{
			"name": "hexadecagon",
			"from": [12.95, 0, 6.81647],
			"to": [13.95, 1, 9.18353],
			"faces": {
				"east": {"uv": [3.25, 3.594, 9.816, 6.855], "texture": "#0"},
				"west": {"uv": [0.953, 4.953, 7.519, 8.214], "texture": "#0"},
				"down": {"uv": [0.953, 4.953, 7.519, 8.214], "texture": "#0"}
			}
		},
		{
			"name": "hexadecagon",
			"from": [12.95, 0, 6.81647],
			"to": [13.95, 1, 9.18353],
			"rotation": {"angle": 22.5, "axis": "y", "origin": [8, 0.5, 8]},
			"faces": {
				"east": {"uv": [4.688, 8.125, 11.254, 11.386], "texture": "#0"},
				"west": {"uv": [0.953, 4.953, 7.519, 8.214], "texture": "#0"},
				"down": {"uv": [0.953, 4.953, 7.519, 8.214], "texture": "#0"}
			}
		},
		{
			"name": "hexadecagon",
			"from": [6.71204, 5.7, 1.525],
			"to": [9.28796, 6.7, 2.525],
			"rotation": {"angle": -45, "axis": "y", "origin": [8, 6.2, 8]},
			"faces": {
				"north": {"uv": [0.86, 3.25, 7.426, 6.511], "texture": "#0"},
				"up": {"uv": [0.953, 4.953, 7.519, 8.214], "texture": "#0"},
				"down": {"uv": [0.953, 4.953, 7.519, 8.214], "texture": "#0"}
			}
		},
		{
			"name": "hexadecagon",
			"from": [6.71204, 5.7, 1.525],
			"to": [9.28796, 6.7, 2.525],
			"rotation": {"angle": -22.5, "axis": "y", "origin": [8, 6.2, 8]},
			"faces": {
				"north": {"uv": [0, 7.735, 6.566, 10.996], "texture": "#0"},
				"up": {"uv": [0.953, 4.953, 7.519, 8.214], "texture": "#0"},
				"down": {"uv": [0.953, 4.953, 7.519, 8.214], "texture": "#0"}
			}
		},
		{
			"name": "hexadecagon",
			"from": [6.71204, 5.7, 1.525],
			"to": [9.28796, 6.7, 2.525],
			"faces": {
				"north": {"uv": [3.953, 7, 10.519, 10.261], "texture": "#0"},
				"up": {"uv": [0.953, 4.953, 7.519, 8.214], "texture": "#0"},
				"down": {"uv": [0.953, 4.953, 7.519, 8.214], "texture": "#0"}
			}
		},
		{
			"name": "hexadecagon",
			"from": [6.71204, 5.7, 1.525],
			"to": [9.28796, 6.7, 2.525],
			"rotation": {"angle": 22.5, "axis": "y", "origin": [8, 6.2, 8]},
			"faces": {
				"north": {"uv": [0.735, 6.907, 7.301, 10.168], "texture": "#0"},
				"up": {"uv": [0.953, 4.953, 7.519, 8.214], "texture": "#0"},
				"down": {"uv": [0.953, 4.953, 7.519, 8.214], "texture": "#0"}
			}
		},
		{
			"name": "hexadecagon",
			"from": [6.71204, 5.7, 1.525],
			"to": [9.28796, 6.7, 2.525],
			"rotation": {"angle": 45, "axis": "y", "origin": [8, 6.2, 8]},
			"faces": {
				"north": {"uv": [3.422, 6.032, 9.988, 9.293], "texture": "#0"},
				"up": {"uv": [0.953, 4.953, 7.519, 8.214], "texture": "#0"},
				"down": {"uv": [0.953, 4.953, 7.519, 8.214], "texture": "#0"}
			}
		},
		{
			"name": "hexadecagon",
			"from": [6.71204, 5.7, 13.475],
			"to": [9.28796, 6.7, 14.475],
			"rotation": {"angle": -45, "axis": "y", "origin": [8, 6.2, 8]},
			"faces": {
				"south": {"uv": [0.563, 8.563, 7.129, 11.824], "texture": "#0"},
				"up": {"uv": [0.953, 4.953, 7.519, 8.214], "texture": "#0"},
				"down": {"uv": [0.953, 4.953, 7.519, 8.214], "texture": "#0"}
			}
		},
		{
			"name": "hexadecagon",
			"from": [6.71204, 5.7, 13.475],
			"to": [9.28796, 6.7, 14.475],
			"rotation": {"angle": -22.5, "axis": "y", "origin": [8, 6.2, 8]},
			"faces": {
				"south": {"uv": [1.953, 7.203, 8.519, 10.464], "texture": "#0"},
				"up": {"uv": [0.953, 4.953, 7.519, 8.214], "texture": "#0"},
				"down": {"uv": [0.953, 4.953, 7.519, 8.214], "texture": "#0"}
			}
		},
		{
			"name": "hexadecagon",
			"from": [6.71204, 5.7, 13.475],
			"to": [9.28796, 6.7, 14.475],
			"faces": {
				"south": {"uv": [1.516, 2.735, 8.082, 5.996], "texture": "#0"},
				"up": {"uv": [0.953, 4.953, 7.519, 8.214], "texture": "#0"},
				"down": {"uv": [0.953, 4.953, 7.519, 8.214], "texture": "#0"}
			}
		},
		{
			"name": "hexadecagon",
			"from": [6.71204, 5.7, 13.475],
			"to": [9.28796, 6.7, 14.475],
			"rotation": {"angle": 22.5, "axis": "y", "origin": [8, 6.2, 8]},
			"faces": {
				"south": {"uv": [4.86, 5.203, 11.426, 8.464], "texture": "#0"},
				"up": {"uv": [0.953, 4.953, 7.519, 8.214], "texture": "#0"},
				"down": {"uv": [0.953, 4.953, 7.519, 8.214], "texture": "#0"}
			}
		},
		{
			"name": "hexadecagon",
			"from": [6.71204, 5.7, 13.475],
			"to": [9.28796, 6.7, 14.475],
			"rotation": {"angle": 45, "axis": "y", "origin": [8, 6.2, 8]},
			"faces": {
				"south": {"uv": [0, 8.953, 6.566, 12.214], "texture": "#0"},
				"up": {"uv": [0.953, 4.953, 7.519, 8.214], "texture": "#0"},
				"down": {"uv": [0.953, 4.953, 7.519, 8.214], "texture": "#0"}
			}
		},
		{
			"name": "hexadecagon",
			"from": [1.525, 5.7, 6.71204],
			"to": [2.525, 6.7, 9.28796],
			"rotation": {"angle": -22.5, "axis": "y", "origin": [8, 6.2, 8]},
			"faces": {
				"west": {"uv": [1.25, 8.953, 7.816, 12.214], "texture": "#0"},
				"up": {"uv": [0.953, 4.953, 7.519, 8.214], "texture": "#0"},
				"down": {"uv": [0.953, 4.953, 7.519, 8.214], "texture": "#0"}
			}
		},
		{
			"name": "hexadecagon",
			"from": [1.525, 5.7, 6.71204],
			"to": [2.525, 6.7, 9.28796],
			"faces": {
				"west": {"uv": [3.125, 5.594, 9.691, 8.855], "texture": "#0"},
				"up": {"uv": [0.953, 4.953, 7.519, 8.214], "texture": "#0"},
				"down": {"uv": [0.953, 4.953, 7.519, 8.214], "texture": "#0"}
			}
		},
		{
			"name": "hexadecagon",
			"from": [1.525, 5.7, 6.71204],
			"to": [2.525, 6.7, 9.28796],
			"rotation": {"angle": 22.5, "axis": "y", "origin": [8, 6.2, 8]},
			"faces": {
				"west": {"uv": [4.25, 4, 10.816, 7.261], "texture": "#0"},
				"up": {"uv": [0.953, 4.953, 7.519, 8.214], "texture": "#0"},
				"down": {"uv": [0.953, 4.953, 7.519, 8.214], "texture": "#0"}
			}
		},
		{
			"name": "hexadecagon",
			"from": [13.475, 5.7, 6.71204],
			"to": [14.475, 6.7, 9.28796],
			"rotation": {"angle": -22.5, "axis": "y", "origin": [8, 6.2, 8]},
			"faces": {
				"east": {"uv": [7.032, 5.469, 13.598, 8.73], "texture": "#0"},
				"up": {"uv": [0.953, 4.953, 7.519, 8.214], "texture": "#0"},
				"down": {"uv": [0.953, 4.953, 7.519, 8.214], "texture": "#0"}
			}
		},
		{
			"name": "hexadecagon",
			"from": [13.475, 5.7, 6.71204],
			"to": [14.475, 6.7, 9.28796],
			"faces": {
				"east": {"uv": [4.688, 10.563, 11.254, 13.824], "texture": "#0"},
				"up": {"uv": [0.953, 4.953, 7.519, 8.214], "texture": "#0"},
				"down": {"uv": [0.953, 4.953, 7.519, 8.214], "texture": "#0"}
			}
		},
		{
			"name": "hexadecagon",
			"from": [13.475, 5.7, 6.71204],
			"to": [14.475, 6.7, 9.28796],
			"rotation": {"angle": 22.5, "axis": "y", "origin": [8, 6.2, 8]},
			"faces": {
				"east": {"uv": [3.782, 9.813, 10.348, 13.074], "texture": "#0"},
				"up": {"uv": [0.953, 4.953, 7.519, 8.214], "texture": "#0"},
				"down": {"uv": [0.953, 4.953, 7.519, 8.214], "texture": "#0"}
			}
		},
		{
			"from": [7.25, 17, 2.75],
			"to": [8.75, 17.6, 13.25],
			"faces": {
				"up": {"uv": [0.688, 13.131, 3.21, 0], "texture": "#1"}
			}
		},
		{
			"from": [8.75, 17, 2.75],
			"to": [10.25, 17.6, 13.25],
			"faces": {
				"up": {"uv": [3.735, 13.131, 6.257, 0], "texture": "#1"},
				"down": {"uv": [0, 10.5, 1.5, 0], "texture": "#1"}
			}
		},
		{
			"from": [10.25, 17, 3.35],
			"to": [11.75, 17.6, 12.65],
			"faces": {
				"east": {"uv": [0, 0.1, 10.5, 0], "texture": "#1"},
				"up": {"uv": [6.125, 13.131, 8.647, 0], "texture": "#1"},
				"down": {"uv": [0, 10.5, 1.5, 0], "texture": "#1"}
			}
		},
		{
			"from": [11.75, 17, 4.75],
			"to": [13.05, 17.6, 11.25],
			"faces": {
				"north": {"uv": [0, 0.1, 1.5, 0], "texture": "#1"},
				"south": {"uv": [0, 0.1, 1.5, 0], "texture": "#1"},
				"up": {"uv": [9.172, 13.131, 11.694, 0], "texture": "#1"},
				"down": {"uv": [0, 10.5, 1.5, 0], "texture": "#1"}
			}
		},
		{
			"from": [5.75, 17, 2.75],
			"to": [7.25, 17.6, 13.25],
			"faces": {
				"up": {"uv": [13.516, 13.209, 16, 0.078], "texture": "#1"},
				"down": {"uv": [0, 10.5, 1.5, 0], "texture": "#1"}
			}
		},
		{
			"from": [4.25, 17, 3.35],
			"to": [5.75, 17.6, 12.65],
			"faces": {
				"west": {"uv": [0, 0.1, 10.5, 0], "texture": "#1"},
				"up": {"uv": [10.86, 13.209, 13.339, 0.078], "texture": "#1"},
				"down": {"uv": [0, 10.5, 1.5, 0], "texture": "#1"}
			}
		},
		{
			"from": [2.95, 17, 4.75],
			"to": [4.25, 17.6, 11.25],
			"faces": {
				"north": {"uv": [0, 0.1, 1.5, 0], "texture": "#1"},
				"south": {"uv": [0, 0.1, 1.5, 0], "texture": "#1"},
				"up": {"uv": [8.563, 13.131, 11.042, 0], "texture": "#1"},
				"down": {"uv": [0, 10.5, 1.5, 0], "texture": "#1"}
			}
		},
		{
			"from": [7.25, 15.9, 2.75],
			"to": [8.75, 16, 13.25],
			"faces": {
				"down": {"uv": [0.688, 0, 3.21, 13.131], "texture": "#1"}
			}
		},
		{
			"from": [8.75, 15.9, 2.75],
			"to": [10.25, 16, 13.25],
			"faces": {
				"up": {"uv": [0, 0, 1.5, 10.5], "texture": "#1"},
				"down": {"uv": [3.735, 0, 6.257, 13.131], "texture": "#1"}
			}
		},
		{
			"from": [10.25, 15.9, 3.35],
			"to": [11.75, 16, 12.65],
			"faces": {
				"up": {"uv": [0, 0, 1.5, 10.5], "texture": "#1"},
				"down": {"uv": [6.125, 0, 8.647, 13.131], "texture": "#1"}
			}
		},
		{
			"from": [11.75, 15.9, 4.45],
			"to": [13.15, 16, 11.55],
			"faces": {
				"north": {"uv": [0, 0, 1.5, 0.1], "texture": "#1"},
				"east": {"uv": [0, 0, 10.5, 0.1], "texture": "#1"},
				"south": {"uv": [0, 0, 1.5, 0.1], "texture": "#1"},
				"up": {"uv": [0, 0, 1.5, 10.5], "texture": "#1"},
				"down": {"uv": [9.172, 0, 11.694, 13.131], "texture": "#1"}
			}
		},
		{
			"from": [5.75, 15.9, 2.75],
			"to": [7.25, 16, 13.25],
			"faces": {
				"up": {"uv": [0, 0, 1.5, 10.5], "texture": "#1"},
				"down": {"uv": [13.516, 0.078, 16, 13.209], "texture": "#1"}
			}
		},
		{
			"from": [4.25, 15.9, 3.35],
			"to": [5.75, 16, 12.65],
			"faces": {
				"up": {"uv": [0, 0, 1.5, 10.5], "texture": "#1"},
				"down": {"uv": [10.86, 0.078, 13.339, 13.209], "texture": "#1"}
			}
		},
		{
			"from": [2.85, 15.9, 4.45],
			"to": [4.25, 16, 11.55],
			"faces": {
				"north": {"uv": [0, 0, 1.5, 0.1], "texture": "#1"},
				"south": {"uv": [0, 0, 1.5, 0.1], "texture": "#1"},
				"west": {"uv": [0, 0, 10.5, 0.1], "texture": "#1"},
				"up": {"uv": [0, 0, 1.5, 10.5], "texture": "#1"},
				"down": {"uv": [8.563, 0, 11.042, 13.131], "texture": "#1"}
			}
		},
		{
			"name": "hexadecagon",
			"from": [6.70707, 7, 1.5],
			"to": [9.29293, 11, 2.5],
			"rotation": {"angle": -45, "axis": "y", "origin": [8, 9, 8]},
			"faces": {
				"north": {"uv": [7.563, 13.218, 16, 0], "texture": "#1"},
				"south": {"uv": [0, 13.174, 8.392, 0], "texture": "#1"},
				"up": {"uv": [0, 0.522, 2.044, 0], "texture": "#1"},
				"down": {"uv": [0, 0.652, 0.783, 0], "texture": "#1"}
			}
		},
		{
			"name": "hexadecagon",
			"from": [6.70707, 7, 1.5],
			"to": [9.29293, 11, 2.5],
			"rotation": {"angle": -22.5, "axis": "y", "origin": [8, 9, 8]},
			"faces": {
				"north": {"uv": [5.078, 13.218, 13.557, 0], "texture": "#1"},
				"south": {"uv": [0, 13.174, 8.392, 0], "texture": "#1"},
				"up": {"uv": [0, 0.522, 2.044, 0], "texture": "#1"},
				"down": {"uv": [0, 0.652, 0.783, 0], "texture": "#1"}
			}
		},
		{
			"name": "hexadecagon",
			"from": [6.70707, 7, 1.5],
			"to": [9.29293, 11, 2.5],
			"faces": {
				"north": {"uv": [4.953, 13.218, 13.432, 0], "texture": "#1"},
				"south": {"uv": [0, 13.174, 8.392, 0], "texture": "#1"},
				"up": {"uv": [0, 0.522, 2.044, 0], "texture": "#1"},
				"down": {"uv": [0, 0.652, 0.783, 0], "texture": "#1"}
			}
		},
		{
			"name": "hexadecagon",
			"from": [6.70707, 7, 1.5],
			"to": [9.29293, 11, 2.5],
			"rotation": {"angle": 22.5, "axis": "y", "origin": [8, 9, 8]},
			"faces": {
				"north": {"uv": [4.594, 13.218, 13.073, 0], "texture": "#1"},
				"south": {"uv": [0, 13.174, 8.392, 0], "texture": "#1"},
				"up": {"uv": [0, 0.522, 2.044, 0], "texture": "#1"},
				"down": {"uv": [0, 0.652, 0.783, 0], "texture": "#1"}
			}
		},
		{
			"name": "hexadecagon",
			"from": [6.70707, 7, 1.5],
			"to": [9.29293, 11, 2.5],
			"rotation": {"angle": 45, "axis": "y", "origin": [8, 9, 8]},
			"faces": {
				"north": {"uv": [10.904, 13.218, 2.469, 0], "texture": "#1"},
				"south": {"uv": [0, 13.174, 8.392, 0], "texture": "#1"},
				"up": {"uv": [0, 0.522, 2.044, 0], "texture": "#1"},
				"down": {"uv": [0, 0.652, 0.783, 0], "texture": "#1"}
			}
		},
		{
			"name": "hexadecagon",
			"from": [6.70707, 7, 13.5],
			"to": [9.29293, 11, 14.5],
			"rotation": {"angle": -45, "axis": "y", "origin": [8, 9, 8]},
			"faces": {
				"north": {"uv": [0, 13.218, 8.479, 0], "texture": "#1"},
				"south": {"uv": [9.814, 13.174, 1.422, 0], "texture": "#1"},
				"up": {"uv": [0, 0.522, 2.044, 0], "texture": "#1"},
				"down": {"uv": [0, 0.652, 0.783, 0], "texture": "#1"}
			}
		},
		{
			"name": "hexadecagon",
			"from": [6.70707, 7, 13.5],
			"to": [9.29293, 11, 14.5],
			"rotation": {"angle": -22.5, "axis": "y", "origin": [8, 9, 8]},
			"faces": {
				"north": {"uv": [0, 13.218, 8.479, 0], "texture": "#1"},
				"south": {"uv": [0, 13.174, 8.392, 0], "texture": "#1"},
				"up": {"uv": [0, 0.522, 2.044, 0], "texture": "#1"},
				"down": {"uv": [0, 0.652, 0.783, 0], "texture": "#1"}
			}
		},
		{
			"name": "hexadecagon",
			"from": [6.70707, 7, 13.5],
			"to": [9.29293, 11, 14.5],
			"faces": {
				"north": {"uv": [0, 13.218, 8.479, 0], "texture": "#1"},
				"south": {"uv": [5.203, 13.174, 13.595, 0], "texture": "#1"},
				"up": {"uv": [0, 0.522, 2.044, 0], "texture": "#1"},
				"down": {"uv": [0, 0.652, 0.783, 0], "texture": "#1"}
			}
		},
		{
			"name": "hexadecagon",
			"from": [6.70707, 7, 13.5],
			"to": [9.29293, 11, 14.5],
			"rotation": {"angle": 22.5, "axis": "y", "origin": [8, 9, 8]},
			"faces": {
				"north": {"uv": [0, 13.218, 8.479, 0], "texture": "#1"},
				"south": {"uv": [3.172, 13.174, 11.564, 0], "texture": "#1"},
				"up": {"uv": [0, 0.522, 2.044, 0], "texture": "#1"},
				"down": {"uv": [0, 0.652, 0.783, 0], "texture": "#1"}
			}
		},
		{
			"name": "hexadecagon",
			"from": [6.70707, 7, 13.5],
			"to": [9.29293, 11, 14.5],
			"rotation": {"angle": 45, "axis": "y", "origin": [8, 9, 8]},
			"faces": {
				"north": {"uv": [0, 13.218, 8.479, 0], "texture": "#1"},
				"south": {"uv": [5.344, 13.174, 13.736, 0], "texture": "#1"},
				"up": {"uv": [0, 0.522, 2.044, 0], "texture": "#1"},
				"down": {"uv": [0, 0.652, 0.783, 0], "texture": "#1"}
			}
		},
		{
			"name": "hexadecagon",
			"from": [1.5, 7, 6.70707],
			"to": [2.5, 11, 9.29293],
			"rotation": {"angle": -22.5, "axis": "y", "origin": [8, 9, 8]},
			"faces": {
				"east": {"uv": [0, 13.131, 8.218, 0], "texture": "#1"},
				"west": {"uv": [3.078, 13.131, 11.513, 0], "texture": "#1"},
				"up": {"uv": [0, 0.522, 2.044, 0], "texture": "#1"},
				"down": {"uv": [0, 0.652, 0.783, 0], "texture": "#1"}
			}
		},
		{
			"name": "hexadecagon",
			"from": [1.5, 7, 6.70707],
			"to": [2.5, 11, 9.29293],
			"faces": {
				"east": {"uv": [0, 13.131, 8.218, 0], "texture": "#1"},
				"west": {"uv": [7.594, 13.131, 16, 0], "texture": "#1"},
				"up": {"uv": [0, 0.522, 2.044, 0], "texture": "#1"},
				"down": {"uv": [0, 0.652, 0.783, 0], "texture": "#1"}
			}
		},
		{
			"name": "hexadecagon",
			"from": [1.5, 7, 6.70707],
			"to": [2.5, 11, 9.29293],
			"rotation": {"angle": 22.5, "axis": "y", "origin": [8, 9, 8]},
			"faces": {
				"east": {"uv": [0, 13.131, 8.218, 0], "texture": "#1"},
				"west": {"uv": [4.782, 13.131, 13.217, 0], "texture": "#1"},
				"up": {"uv": [0, 0.522, 2.044, 0], "texture": "#1"},
				"down": {"uv": [0, 0.652, 0.783, 0], "texture": "#1"}
			}
		},
		{
			"name": "hexadecagon",
			"from": [13.5, 7, 6.70707],
			"to": [14.5, 11, 9.29293],
			"rotation": {"angle": -22.5, "axis": "y", "origin": [8, 9, 8]},
			"faces": {
				"east": {"uv": [2.594, 13.131, 10.768, 0], "texture": "#1"},
				"west": {"uv": [0, 13.131, 8.435, 0], "texture": "#1"},
				"up": {"uv": [0, 0.522, 2.044, 0], "texture": "#1"},
				"down": {"uv": [0, 0.652, 0.783, 0], "texture": "#1"}
			}
		},
		{
			"name": "hexadecagon",
			"from": [13.5, 7, 6.70707],
			"to": [14.5, 11, 9.29293],
			"faces": {
				"east": {"uv": [7.844, 13.131, 16, 0], "texture": "#1"},
				"west": {"uv": [0, 13.131, 8.435, 0], "texture": "#1"},
				"up": {"uv": [0, 0.522, 2.044, 0], "texture": "#1"},
				"down": {"uv": [0, 0.652, 0.783, 0], "texture": "#1"}
			}
		},
		{
			"name": "hexadecagon",
			"from": [13.5, 7, 6.70707],
			"to": [14.5, 11, 9.29293],
			"rotation": {"angle": 22.5, "axis": "y", "origin": [8, 9, 8]},
			"faces": {
				"east": {"uv": [5.078, 13.131, 13.252, 0], "texture": "#1"},
				"west": {"uv": [0, 13.131, 8.435, 0], "texture": "#1"},
				"up": {"uv": [0, 0.522, 2.044, 0], "texture": "#1"},
				"down": {"uv": [0, 0.652, 0.783, 0], "texture": "#1"}
			}
		},
		{
			"name": "hexadecagon",
			"from": [6.73193, 11, 1.625],
			"to": [9.26807, 13.5, 2.625],
			"rotation": {"angle": -45, "axis": "y", "origin": [8, 13, 8]},
			"faces": {
				"north": {"uv": [0, 8.392, 8.392, 0], "texture": "#1"},
				"south": {"uv": [0, 7.044, 8.739, 0], "texture": "#1"},
				"up": {"uv": [0, 0.522, 2.044, 0], "texture": "#1"},
				"down": {"uv": [0, 0.652, 0.783, 0], "texture": "#1"}
			}
		},
		{
			"name": "hexadecagon",
			"from": [6.73193, 11, 1.625],
			"to": [9.26807, 13.5, 2.625],
			"rotation": {"angle": -22.5, "axis": "y", "origin": [8, 13, 8]},
			"faces": {
				"north": {"uv": [0, 8.392, 8.392, 0], "texture": "#1"},
				"south": {"uv": [0, 7.044, 8.739, 0], "texture": "#1"},
				"up": {"uv": [0, 0.522, 2.044, 0], "texture": "#1"},
				"down": {"uv": [0, 0.652, 0.783, 0], "texture": "#1"}
			}
		},
		{
			"name": "hexadecagon",
			"from": [6.73193, 11, 1.625],
			"to": [9.26807, 13.5, 2.625],
			"faces": {
				"north": {"uv": [0, 8.392, 8.392, 0], "texture": "#1"},
				"south": {"uv": [0, 7.044, 8.739, 0], "texture": "#1"},
				"up": {"uv": [0, 0.522, 2.044, 0], "texture": "#1"},
				"down": {"uv": [0, 0.652, 0.783, 0], "texture": "#1"}
			}
		},
		{
			"name": "hexadecagon",
			"from": [6.73193, 11, 1.625],
			"to": [9.26807, 13.5, 2.625],
			"rotation": {"angle": 22.5, "axis": "y", "origin": [8, 13, 8]},
			"faces": {
				"north": {"uv": [0, 8.392, 8.392, 0], "texture": "#1"},
				"south": {"uv": [0, 7.044, 8.739, 0], "texture": "#1"},
				"up": {"uv": [0, 0.522, 2.044, 0], "texture": "#1"},
				"down": {"uv": [0, 0.652, 0.783, 0], "texture": "#1"}
			}
		},
		{
			"name": "hexadecagon",
			"from": [6.73193, 11, 1.625],
			"to": [9.26807, 13.5, 2.625],
			"rotation": {"angle": 45, "axis": "y", "origin": [8, 13, 8]},
			"faces": {
				"north": {"uv": [0, 8.392, 8.392, 0], "texture": "#1"},
				"south": {"uv": [0, 7.044, 8.739, 0], "texture": "#1"},
				"up": {"uv": [0, 0.522, 2.044, 0], "texture": "#1"},
				"down": {"uv": [0, 0.652, 0.783, 0], "texture": "#1"}
			}
		},
		{
			"name": "hexadecagon",
			"from": [6.73193, 11, 13.375],
			"to": [9.26807, 13.5, 14.375],
			"rotation": {"angle": -45, "axis": "y", "origin": [8, 13, 8]},
			"faces": {
				"north": {"uv": [0, 8.392, 8.392, 0], "texture": "#1"},
				"south": {"uv": [0, 7.044, 8.739, 0], "texture": "#1"},
				"up": {"uv": [0, 0.522, 2.044, 0], "texture": "#1"},
				"down": {"uv": [0, 0.652, 0.783, 0], "texture": "#1"}
			}
		},
		{
			"name": "hexadecagon",
			"from": [6.73193, 11, 13.375],
			"to": [9.26807, 13.5, 14.375],
			"rotation": {"angle": -22.5, "axis": "y", "origin": [8, 13, 8]},
			"faces": {
				"north": {"uv": [0, 8.392, 8.392, 0], "texture": "#1"},
				"south": {"uv": [0, 7.044, 8.739, 0], "texture": "#1"},
				"up": {"uv": [0, 0.522, 2.044, 0], "texture": "#1"},
				"down": {"uv": [0, 0.652, 0.783, 0], "texture": "#1"}
			}
		},
		{
			"name": "hexadecagon",
			"from": [6.73193, 11, 13.375],
			"to": [9.26807, 13.5, 14.375],
			"faces": {
				"north": {"uv": [0, 8.392, 8.392, 0], "texture": "#1"},
				"south": {"uv": [0, 7.044, 8.739, 0], "texture": "#1"},
				"up": {"uv": [0, 0.522, 2.044, 0], "texture": "#1"},
				"down": {"uv": [0, 0.652, 0.783, 0], "texture": "#1"}
			}
		},
		{
			"name": "hexadecagon",
			"from": [6.73193, 11, 13.375],
			"to": [9.26807, 13.5, 14.375],
			"rotation": {"angle": 22.5, "axis": "y", "origin": [8, 13, 8]},
			"faces": {
				"north": {"uv": [0, 8.392, 8.392, 0], "texture": "#1"},
				"south": {"uv": [0, 7.044, 8.739, 0], "texture": "#1"},
				"up": {"uv": [0, 0.522, 2.044, 0], "texture": "#1"},
				"down": {"uv": [0, 0.652, 0.783, 0], "texture": "#1"}
			}
		},
		{
			"name": "hexadecagon",
			"from": [6.73193, 11, 13.375],
			"to": [9.26807, 13.5, 14.375],
			"rotation": {"angle": 45, "axis": "y", "origin": [8, 13, 8]},
			"faces": {
				"north": {"uv": [0, 8.392, 8.392, 0], "texture": "#1"},
				"south": {"uv": [0, 7.044, 8.739, 0], "texture": "#1"},
				"up": {"uv": [0, 0.522, 2.044, 0], "texture": "#1"},
				"down": {"uv": [0, 0.652, 0.783, 0], "texture": "#1"}
			}
		},
		{
			"name": "hexadecagon",
			"from": [1.625, 11, 6.73193],
			"to": [2.625, 13.5, 9.26807],
			"rotation": {"angle": -22.5, "axis": "y", "origin": [8, 13, 8]},
			"faces": {
				"east": {"uv": [0, 8.392, 8.392, 0], "texture": "#1"},
				"west": {"uv": [0, 8.392, 8.392, 0], "texture": "#1"},
				"up": {"uv": [0, 0.522, 2.044, 0], "texture": "#1"},
				"down": {"uv": [0, 0.652, 0.783, 0], "texture": "#1"}
			}
		},
		{
			"name": "hexadecagon",
			"from": [1.625, 11, 6.73193],
			"to": [2.625, 13.5, 9.26807],
			"faces": {
				"east": {"uv": [0, 8.392, 8.392, 0], "texture": "#1"},
				"west": {"uv": [0, 8.392, 8.392, 0], "texture": "#1"},
				"up": {"uv": [0, 0.522, 2.044, 0], "texture": "#1"},
				"down": {"uv": [0, 0.652, 0.783, 0], "texture": "#1"}
			}
		},
		{
			"name": "hexadecagon",
			"from": [1.625, 11, 6.73193],
			"to": [2.625, 13.5, 9.26807],
			"rotation": {"angle": 22.5, "axis": "y", "origin": [8, 13, 8]},
			"faces": {
				"east": {"uv": [0, 8.392, 8.392, 0], "texture": "#1"},
				"west": {"uv": [0, 8.392, 8.392, 0], "texture": "#1"},
				"up": {"uv": [0, 0.522, 2.044, 0], "texture": "#1"},
				"down": {"uv": [0, 0.652, 0.783, 0], "texture": "#1"}
			}
		},
		{
			"name": "hexadecagon",
			"from": [13.375, 11, 6.73193],
			"to": [14.375, 13.5, 9.26807],
			"rotation": {"angle": -22.5, "axis": "y", "origin": [8, 13, 8]},
			"faces": {
				"east": {"uv": [0, 8.392, 8.392, 0], "texture": "#1"},
				"west": {"uv": [0, 8.392, 8.392, 0], "texture": "#1"},
				"up": {"uv": [0, 0.522, 2.044, 0], "texture": "#1"},
				"down": {"uv": [0, 0.652, 0.783, 0], "texture": "#1"}
			}
		},
		{
			"name": "hexadecagon",
			"from": [13.375, 11, 6.73193],
			"to": [14.375, 13.5, 9.26807],
			"faces": {
				"east": {"uv": [0, 8.392, 8.392, 0], "texture": "#1"},
				"west": {"uv": [0, 8.392, 8.392, 0], "texture": "#1"},
				"up": {"uv": [0, 0.522, 2.044, 0], "texture": "#1"},
				"down": {"uv": [0, 0.652, 0.783, 0], "texture": "#1"}
			}
		},
		{
			"name": "hexadecagon",
			"from": [13.375, 11, 6.73193],
			"to": [14.375, 13.5, 9.26807],
			"rotation": {"angle": 22.5, "axis": "y", "origin": [8, 13, 8]},
			"faces": {
				"east": {"uv": [0, 8.392, 8.392, 0], "texture": "#1"},
				"west": {"uv": [0, 8.392, 8.392, 0], "texture": "#1"},
				"up": {"uv": [0, 0.522, 2.044, 0], "texture": "#1"},
				"down": {"uv": [0, 0.652, 0.783, 0], "texture": "#1"}
			}
		},
		{
			"name": "hexadecagon",
			"from": [6.7568, 13.5, 1.75],
			"to": [9.2432, 15, 2.75],
			"rotation": {"angle": -45, "axis": "y", "origin": [8, 14.5, 8]},
			"faces": {
				"north": {"uv": [0, 4.479, 8.305, 0], "texture": "#1"},
				"south": {"uv": [0, 4.739, 8.522, 0], "texture": "#1"},
				"up": {"uv": [0, 0.522, 2.044, 0], "texture": "#1"},
				"down": {"uv": [0, 0.652, 0.783, 0], "texture": "#1"}
			}
		},
		{
			"name": "hexadecagon",
			"from": [6.7568, 13.5, 1.75],
			"to": [9.2432, 15, 2.75],
			"rotation": {"angle": -22.5, "axis": "y", "origin": [8, 14.5, 8]},
			"faces": {
				"north": {"uv": [0, 4.479, 8.305, 0], "texture": "#1"},
				"south": {"uv": [0, 4.739, 8.522, 0], "texture": "#1"},
				"up": {"uv": [0, 0.522, 2.044, 0], "texture": "#1"},
				"down": {"uv": [0, 0.652, 0.783, 0], "texture": "#1"}
			}
		},
		{
			"name": "hexadecagon",
			"from": [6.7568, 13.5, 1.75],
			"to": [9.2432, 15, 2.75],
			"faces": {
				"north": {"uv": [0, 4.479, 8.305, 0], "texture": "#1"},
				"south": {"uv": [0, 4.739, 8.522, 0], "texture": "#1"},
				"up": {"uv": [0, 0.522, 2.044, 0], "texture": "#1"},
				"down": {"uv": [0, 0.652, 0.783, 0], "texture": "#1"}
			}
		},
		{
			"name": "hexadecagon",
			"from": [6.7568, 13.5, 1.75],
			"to": [9.2432, 15, 2.75],
			"rotation": {"angle": 22.5, "axis": "y", "origin": [8, 14.5, 8]},
			"faces": {
				"north": {"uv": [0, 4.479, 8.305, 0], "texture": "#1"},
				"south": {"uv": [0, 4.739, 8.522, 0], "texture": "#1"},
				"up": {"uv": [0, 0.522, 2.044, 0], "texture": "#1"},
				"down": {"uv": [0, 0.652, 0.783, 0], "texture": "#1"}
			}
		},
		{
			"name": "hexadecagon",
			"from": [6.7568, 13.5, 1.75],
			"to": [9.2432, 15, 2.75],
			"rotation": {"angle": 45, "axis": "y", "origin": [8, 14.5, 8]},
			"faces": {
				"north": {"uv": [0, 4.479, 8.305, 0], "texture": "#1"},
				"south": {"uv": [0, 4.739, 8.522, 0], "texture": "#1"},
				"up": {"uv": [0, 0.522, 2.044, 0], "texture": "#1"},
				"down": {"uv": [0, 0.652, 0.783, 0], "texture": "#1"}
			}
		},
		{
			"name": "hexadecagon",
			"from": [6.7568, 13.5, 13.25],
			"to": [9.2432, 15, 14.25],
			"rotation": {"angle": -45, "axis": "y", "origin": [8, 14.5, 8]},
			"faces": {
				"north": {"uv": [0, 4.479, 8.305, 0], "texture": "#1"},
				"south": {"uv": [0, 4.739, 8.522, 0], "texture": "#1"},
				"up": {"uv": [0, 0.522, 2.044, 0], "texture": "#1"},
				"down": {"uv": [0, 0.652, 0.783, 0], "texture": "#1"}
			}
		},
		{
			"name": "hexadecagon",
			"from": [6.7568, 13.5, 13.25],
			"to": [9.2432, 15, 14.25],
			"rotation": {"angle": -22.5, "axis": "y", "origin": [8, 14.5, 8]},
			"faces": {
				"north": {"uv": [0, 4.479, 8.305, 0], "texture": "#1"},
				"south": {"uv": [0, 4.739, 8.522, 0], "texture": "#1"},
				"up": {"uv": [0, 0.522, 2.044, 0], "texture": "#1"},
				"down": {"uv": [0, 0.652, 0.783, 0], "texture": "#1"}
			}
		},
		{
			"name": "hexadecagon",
			"from": [6.7568, 13.5, 13.25],
			"to": [9.2432, 15, 14.25],
			"faces": {
				"north": {"uv": [0, 4.479, 8.305, 0], "texture": "#1"},
				"south": {"uv": [0, 4.739, 8.522, 0], "texture": "#1"},
				"up": {"uv": [0, 0.522, 2.044, 0], "texture": "#1"},
				"down": {"uv": [0, 0.652, 0.783, 0], "texture": "#1"}
			}
		},
		{
			"name": "hexadecagon",
			"from": [6.7568, 13.5, 13.25],
			"to": [9.2432, 15, 14.25],
			"rotation": {"angle": 22.5, "axis": "y", "origin": [8, 14.5, 8]},
			"faces": {
				"north": {"uv": [0, 4.479, 8.305, 0], "texture": "#1"},
				"south": {"uv": [0, 4.739, 8.522, 0], "texture": "#1"},
				"up": {"uv": [0, 0.522, 2.044, 0], "texture": "#1"},
				"down": {"uv": [0, 0.652, 0.783, 0], "texture": "#1"}
			}
		},
		{
			"name": "hexadecagon",
			"from": [6.7568, 13.5, 13.25],
			"to": [9.2432, 15, 14.25],
			"rotation": {"angle": 45, "axis": "y", "origin": [8, 14.5, 8]},
			"faces": {
				"north": {"uv": [0, 4.479, 8.305, 0], "texture": "#1"},
				"south": {"uv": [0, 4.739, 8.522, 0], "texture": "#1"},
				"up": {"uv": [0, 0.522, 2.044, 0], "texture": "#1"},
				"down": {"uv": [0, 0.652, 0.783, 0], "texture": "#1"}
			}
		},
		{
			"name": "hexadecagon",
			"from": [1.75, 13.5, 6.7568],
			"to": [2.75, 15, 9.2432],
			"rotation": {"angle": -22.5, "axis": "y", "origin": [8, 14.5, 8]},
			"faces": {
				"east": {"uv": [0, 4.131, 8.261, 0], "texture": "#1"},
				"west": {"uv": [0, 4.305, 8.305, 0], "texture": "#1"},
				"up": {"uv": [0, 0.522, 2.044, 0], "texture": "#1"},
				"down": {"uv": [0, 0.652, 0.783, 0], "texture": "#1"}
			}
		},
		{
			"name": "hexadecagon",
			"from": [1.75, 13.5, 6.7568],
			"to": [2.75, 15, 9.2432],
			"faces": {
				"east": {"uv": [0, 4.131, 8.261, 0], "texture": "#1"},
				"west": {"uv": [0, 4.305, 8.305, 0], "texture": "#1"},
				"up": {"uv": [0, 0.522, 2.044, 0], "texture": "#1"},
				"down": {"uv": [0, 0.652, 0.783, 0], "texture": "#1"}
			}
		},
		{
			"name": "hexadecagon",
			"from": [1.75, 13.5, 6.7568],
			"to": [2.75, 15, 9.2432],
			"rotation": {"angle": 22.5, "axis": "y", "origin": [8, 14.5, 8]},
			"faces": {
				"east": {"uv": [0, 4.131, 8.261, 0], "texture": "#1"},
				"west": {"uv": [0, 4.305, 8.305, 0], "texture": "#1"},
				"up": {"uv": [0, 0.522, 2.044, 0], "texture": "#1"},
				"down": {"uv": [0, 0.652, 0.783, 0], "texture": "#1"}
			}
		},
		{
			"name": "hexadecagon",
			"from": [13.25, 13.5, 6.7568],
			"to": [14.25, 15, 9.2432],
			"rotation": {"angle": -22.5, "axis": "y", "origin": [8, 14.5, 8]},
			"faces": {
				"east": {"uv": [0, 4.131, 8.261, 0], "texture": "#1"},
				"west": {"uv": [0, 4.305, 8.305, 0], "texture": "#1"},
				"up": {"uv": [0, 0.522, 2.044, 0], "texture": "#1"},
				"down": {"uv": [0, 0.652, 0.783, 0], "texture": "#1"}
			}
		},
		{
			"name": "hexadecagon",
			"from": [13.25, 13.5, 6.7568],
			"to": [14.25, 15, 9.2432],
			"faces": {
				"east": {"uv": [0, 4.131, 8.261, 0], "texture": "#1"},
				"west": {"uv": [0, 4.305, 8.305, 0], "texture": "#1"},
				"up": {"uv": [0, 0.522, 2.044, 0], "texture": "#1"},
				"down": {"uv": [0, 0.652, 0.783, 0], "texture": "#1"}
			}
		},
		{
			"name": "hexadecagon",
			"from": [13.25, 13.5, 6.7568],
			"to": [14.25, 15, 9.2432],
			"rotation": {"angle": 22.5, "axis": "y", "origin": [8, 14.5, 8]},
			"faces": {
				"east": {"uv": [0, 4.131, 8.261, 0], "texture": "#1"},
				"west": {"uv": [0, 4.305, 8.305, 0], "texture": "#1"},
				"up": {"uv": [0, 0.522, 2.044, 0], "texture": "#1"},
				"down": {"uv": [0, 0.652, 0.783, 0], "texture": "#1"}
			}
		},
		{
			"name": "hexadecagon",
			"from": [6.78166, 15, 1.875],
			"to": [9.21834, 16, 2.875],
			"rotation": {"angle": -45, "axis": "y", "origin": [8, 15.5, 8]},
			"faces": {
				"north": {"uv": [0, 8.39, 8.174, 6.172], "texture": "#1"},
				"south": {"uv": [0, 8.388, 8.218, 5.953], "texture": "#1"},
				"up": {"uv": [0, 0.522, 2.044, 0], "texture": "#1"},
				"down": {"uv": [0, 0.652, 0.783, 0], "texture": "#1"}
			}
		},
		{
			"name": "hexadecagon",
			"from": [6.78166, 15, 1.875],
			"to": [9.21834, 16, 2.875],
			"rotation": {"angle": -22.5, "axis": "y", "origin": [8, 15.5, 8]},
			"faces": {
				"north": {"uv": [0, 8.39, 8.174, 6.172], "texture": "#1"},
				"south": {"uv": [0, 8.388, 8.218, 5.953], "texture": "#1"},
				"up": {"uv": [0, 0.522, 2.044, 0], "texture": "#1"},
				"down": {"uv": [0, 0.652, 0.783, 0], "texture": "#1"}
			}
		},
		{
			"name": "hexadecagon",
			"from": [6.78166, 15, 1.875],
			"to": [9.21834, 16, 2.875],
			"faces": {
				"north": {"uv": [0, 8.39, 8.174, 6.172], "texture": "#1"},
				"south": {"uv": [0, 8.388, 8.218, 5.953], "texture": "#1"},
				"up": {"uv": [0, 0.522, 2.044, 0], "texture": "#1"},
				"down": {"uv": [0, 0.652, 0.783, 0], "texture": "#1"}
			}
		},
		{
			"name": "hexadecagon",
			"from": [6.78166, 15, 1.875],
			"to": [9.21834, 16, 2.875],
			"rotation": {"angle": 22.5, "axis": "y", "origin": [8, 15.5, 8]},
			"faces": {
				"north": {"uv": [0, 8.39, 8.174, 6.172], "texture": "#1"},
				"south": {"uv": [0, 8.388, 8.218, 5.953], "texture": "#1"},
				"up": {"uv": [0, 0.522, 2.044, 0], "texture": "#1"},
				"down": {"uv": [0, 0.652, 0.783, 0], "texture": "#1"}
			}
		},
		{
			"name": "hexadecagon",
			"from": [6.78166, 15, 1.875],
			"to": [9.21834, 16, 2.875],
			"rotation": {"angle": 45, "axis": "y", "origin": [8, 15.5, 8]},
			"faces": {
				"north": {"uv": [0, 8.39, 8.174, 6.172], "texture": "#1"},
				"south": {"uv": [0, 8.388, 8.218, 5.953], "texture": "#1"},
				"up": {"uv": [0, 0.522, 2.044, 0], "texture": "#1"},
				"down": {"uv": [0, 0.652, 0.783, 0], "texture": "#1"}
			}
		},
		{
			"name": "hexadecagon",
			"from": [6.78166, 15, 13.125],
			"to": [9.21834, 16, 14.125],
			"rotation": {"angle": -45, "axis": "y", "origin": [8, 15.5, 8]},
			"faces": {
				"north": {"uv": [0, 8.39, 8.174, 6.172], "texture": "#1"},
				"south": {"uv": [0, 8.388, 8.218, 5.953], "texture": "#1"},
				"up": {"uv": [0, 0.522, 2.044, 0], "texture": "#1"},
				"down": {"uv": [0, 0.652, 0.783, 0], "texture": "#1"}
			}
		},
		{
			"name": "hexadecagon",
			"from": [6.78166, 15, 13.125],
			"to": [9.21834, 16, 14.125],
			"rotation": {"angle": -22.5, "axis": "y", "origin": [8, 15.5, 8]},
			"faces": {
				"north": {"uv": [0, 8.39, 8.174, 6.172], "texture": "#1"},
				"south": {"uv": [0, 8.388, 8.218, 5.953], "texture": "#1"},
				"up": {"uv": [0, 0.522, 2.044, 0], "texture": "#1"},
				"down": {"uv": [0, 0.652, 0.783, 0], "texture": "#1"}
			}
		},
		{
			"name": "hexadecagon",
			"from": [6.78166, 15, 13.125],
			"to": [9.21834, 16, 14.125],
			"faces": {
				"north": {"uv": [0, 8.39, 8.174, 6.172], "texture": "#1"},
				"south": {"uv": [0, 8.388, 8.218, 5.953], "texture": "#1"},
				"up": {"uv": [0, 0.522, 2.044, 0], "texture": "#1"},
				"down": {"uv": [0, 0.652, 0.783, 0], "texture": "#1"}
			}
		},
		{
			"name": "hexadecagon",
			"from": [6.78166, 15, 13.125],
			"to": [9.21834, 16, 14.125],
			"rotation": {"angle": 22.5, "axis": "y", "origin": [8, 15.5, 8]},
			"faces": {
				"north": {"uv": [0, 8.39, 8.174, 6.172], "texture": "#1"},
				"south": {"uv": [0, 8.388, 8.218, 5.953], "texture": "#1"},
				"up": {"uv": [0, 0.522, 2.044, 0], "texture": "#1"},
				"down": {"uv": [0, 0.652, 0.783, 0], "texture": "#1"}
			}
		},
		{
			"name": "hexadecagon",
			"from": [6.78166, 15, 13.125],
			"to": [9.21834, 16, 14.125],
			"rotation": {"angle": 45, "axis": "y", "origin": [8, 15.5, 8]},
			"faces": {
				"north": {"uv": [0, 8.39, 8.174, 6.172], "texture": "#1"},
				"south": {"uv": [0, 8.388, 8.218, 5.953], "texture": "#1"},
				"up": {"uv": [0, 0.522, 2.044, 0], "texture": "#1"},
				"down": {"uv": [0, 0.652, 0.783, 0], "texture": "#1"}
			}
		},
		{
			"name": "hexadecagon",
			"from": [1.875, 15, 6.78166],
			"to": [2.875, 16, 9.21834],
			"rotation": {"angle": -22.5, "axis": "y", "origin": [8, 15.5, 8]},
			"faces": {
				"east": {"uv": [0, 7.203, 8.348, 4.594], "texture": "#1"},
				"west": {"uv": [0, 8.387, 8.174, 5.735], "texture": "#1"},
				"up": {"uv": [0, 0.522, 2.044, 0], "texture": "#1"},
				"down": {"uv": [0, 0.652, 0.783, 0], "texture": "#1"}
			}
		},
		{
			"name": "hexadecagon",
			"from": [1.875, 15, 6.78166],
			"to": [2.875, 16, 9.21834],
			"faces": {
				"east": {"uv": [0, 7.203, 8.348, 4.594], "texture": "#1"},
				"west": {"uv": [0, 8.387, 8.174, 5.735], "texture": "#1"},
				"up": {"uv": [0, 0.522, 2.044, 0], "texture": "#1"},
				"down": {"uv": [0, 0.652, 0.783, 0], "texture": "#1"}
			}
		},
		{
			"name": "hexadecagon",
			"from": [1.875, 15, 6.78166],
			"to": [2.875, 16, 9.21834],
			"rotation": {"angle": 22.5, "axis": "y", "origin": [8, 15.5, 8]},
			"faces": {
				"east": {"uv": [0, 7.203, 8.348, 4.594], "texture": "#1"},
				"west": {"uv": [0, 8.387, 8.174, 5.735], "texture": "#1"},
				"up": {"uv": [0, 0.522, 2.044, 0], "texture": "#1"},
				"down": {"uv": [0, 0.652, 0.783, 0], "texture": "#1"}
			}
		},
		{
			"name": "hexadecagon",
			"from": [13.125, 15, 6.78166],
			"to": [14.125, 16, 9.21834],
			"rotation": {"angle": -22.5, "axis": "y", "origin": [8, 15.5, 8]},
			"faces": {
				"east": {"uv": [0, 7.203, 8.348, 4.594], "texture": "#1"},
				"west": {"uv": [0, 8.387, 8.174, 5.735], "texture": "#1"},
				"up": {"uv": [0, 0.522, 2.044, 0], "texture": "#1"},
				"down": {"uv": [0, 0.652, 0.783, 0], "texture": "#1"}
			}
		},
		{
			"name": "hexadecagon",
			"from": [13.125, 15, 6.78166],
			"to": [14.125, 16, 9.21834],
			"faces": {
				"east": {"uv": [0, 7.203, 8.348, 4.594], "texture": "#1"},
				"west": {"uv": [0, 8.387, 8.174, 5.735], "texture": "#1"},
				"up": {"uv": [0, 0.522, 2.044, 0], "texture": "#1"},
				"down": {"uv": [0, 0.652, 0.783, 0], "texture": "#1"}
			}
		},
		{
			"name": "hexadecagon",
			"from": [13.125, 15, 6.78166],
			"to": [14.125, 16, 9.21834],
			"rotation": {"angle": 22.5, "axis": "y", "origin": [8, 15.5, 8]},
			"faces": {
				"east": {"uv": [0, 7.203, 8.348, 4.594], "texture": "#1"},
				"west": {"uv": [0, 8.387, 8.174, 5.735], "texture": "#1"},
				"up": {"uv": [0, 0.522, 2.044, 0], "texture": "#1"},
				"down": {"uv": [0, 0.652, 0.783, 0], "texture": "#1"}
			}
		},
		{
			"name": "hexadecagon",
			"from": [6.80653, 16, 2],
			"to": [9.19347, 17, 14],
			"rotation": {"angle": -45, "axis": "y", "origin": [8, 16.5, 8]},
			"faces": {
				"north": {"uv": [0, 5.875, 8.218, 3.266], "texture": "#1"},
				"south": {"uv": [0, 5.299, 8.131, 3.125], "texture": "#1"},
				"up": {"uv": [0, 13.218, 2.479, 0], "texture": "#1"},
				"down": {"uv": [0, 0.652, 0.783, 0], "texture": "#1"}
			}
		},
		{
			"name": "hexadecagon",
			"from": [6.80653, 16, 2],
			"to": [9.19347, 17, 14],
			"rotation": {"angle": -22.5, "axis": "y", "origin": [8, 16.5, 8]},
			"faces": {
				"north": {"uv": [0, 5.875, 8.218, 3.266], "texture": "#1"},
				"south": {"uv": [0, 5.299, 8.131, 3.125], "texture": "#1"},
				"up": {"uv": [0, 13.131, 2.522, 0], "texture": "#1"},
				"down": {"uv": [0, 0.652, 0.783, 0], "texture": "#1"}
			}
		},
		{
			"name": "hexadecagon",
			"from": [6.80653, 16, 2],
			"to": [9.19347, 17, 14],
			"faces": {
				"north": {"uv": [0, 5.875, 8.218, 3.266], "texture": "#1"},
				"south": {"uv": [0, 5.299, 8.131, 3.125], "texture": "#1"},
				"up": {"uv": [0, 13.174, 2.479, 0], "texture": "#1"}
			}
		},
		{
			"name": "hexadecagon",
			"from": [6.80653, 16, 2],
			"to": [9.19347, 17, 14],
			"rotation": {"angle": 22.5, "axis": "y", "origin": [8, 16.5, 8]},
			"faces": {
				"north": {"uv": [0, 5.875, 8.218, 3.266], "texture": "#1"},
				"south": {"uv": [0, 5.299, 8.131, 3.125], "texture": "#1"},
				"up": {"uv": [0, 13.131, 2.566, 0], "texture": "#1"},
				"down": {"uv": [0, 0.652, 0.783, 0], "texture": "#1"}
			}
		},
		{
			"name": "hexadecagon",
			"from": [6.80653, 16, 2],
			"to": [9.19347, 17, 14],
			"rotation": {"angle": 45, "axis": "y", "origin": [8, 16.5, 8]},
			"faces": {
				"north": {"uv": [0, 5.875, 8.218, 3.266], "texture": "#1"},
				"south": {"uv": [0, 5.299, 8.131, 3.125], "texture": "#1"},
				"up": {"uv": [0, 13.087, 2.479, 0], "texture": "#1"},
				"down": {"uv": [0, 0.652, 0.783, 0], "texture": "#1"}
			}
		},
		{
			"name": "hexadecagon",
			"from": [2, 16, 6.80653],
			"to": [14, 17, 9.19347],
			"rotation": {"angle": -22.5, "axis": "y", "origin": [8, 16.5, 8]},
			"faces": {
				"east": {"uv": [0, 5.524, 8.218, 3.219], "texture": "#1"},
				"west": {"uv": [0, 5.871, 8.218, 3.219], "texture": "#1"},
				"up": {"uv": [0, 13.131, 2.479, 0], "texture": "#1"},
				"down": {"uv": [0, 0.652, 0.783, 0], "texture": "#1"}
			}
		},
		{
			"name": "hexadecagon",
			"from": [2, 16, 6.80653],
			"to": [14, 17, 9.19347],
			"faces": {
				"east": {"uv": [0, 5.524, 8.218, 3.219], "texture": "#1"},
				"west": {"uv": [0, 5.871, 8.218, 3.219], "texture": "#1"},
				"up": {"uv": [0, 13.131, 2.479, 0], "texture": "#1"}
			}
		},
		{
			"name": "hexadecagon",
			"from": [2, 16, 6.80653],
			"to": [14, 17, 9.19347],
			"rotation": {"angle": 22.5, "axis": "y", "origin": [8, 16.5, 8]},
			"faces": {
				"east": {"uv": [0, 5.524, 8.218, 3.219], "texture": "#1"},
				"west": {"uv": [0, 5.871, 8.218, 3.219], "texture": "#1"},
				"up": {"uv": [0, 13.218, 2.566, 0], "texture": "#1"},
				"down": {"uv": [0, 0.652, 0.783, 0], "texture": "#1"}
			}
		},
		{
			"name": "hexadecagon",
			"from": [6.73691, 13.9, 1.65],
			"to": [9.26309, 14.9, 2.65],
			"rotation": {"angle": -45, "axis": "y", "origin": [8, 14.4, 8]},
			"faces": {
				"north": {"uv": [0.907, 12.777, 7.473, 9.516], "texture": "#0"},
				"up": {"uv": [0.953, 8.214, 7.519, 4.953], "texture": "#0"},
				"down": {"uv": [0.953, 8.214, 7.519, 4.953], "texture": "#0"}
			}
		},
		{
			"name": "hexadecagon",
			"from": [6.73691, 13.9, 1.65],
			"to": [9.26309, 14.9, 2.65],
			"rotation": {"angle": -22.5, "axis": "y", "origin": [8, 14.4, 8]},
			"faces": {
				"north": {"uv": [0.86, 6.214, 7.426, 2.953], "texture": "#0"},
				"up": {"uv": [0.953, 8.214, 7.519, 4.953], "texture": "#0"},
				"down": {"uv": [0.953, 8.214, 7.519, 4.953], "texture": "#0"}
			}
		},
		{
			"name": "hexadecagon",
			"from": [6.73691, 13.9, 1.65],
			"to": [9.26309, 14.9, 2.65],
			"faces": {
				"north": {"uv": [0, 10.855, 6.566, 7.594], "texture": "#0"},
				"up": {"uv": [0.953, 8.214, 7.519, 4.953], "texture": "#0"},
				"down": {"uv": [0.953, 8.214, 7.519, 4.953], "texture": "#0"}
			}
		},
		{
			"name": "hexadecagon",
			"from": [6.73691, 13.9, 1.65],
			"to": [9.26309, 14.9, 2.65],
			"rotation": {"angle": 22.5, "axis": "y", "origin": [8, 14.4, 8]},
			"faces": {
				"north": {"uv": [3.735, 6.464, 10.301, 3.203], "texture": "#0"},
				"up": {"uv": [0.953, 8.214, 7.519, 4.953], "texture": "#0"},
				"down": {"uv": [0.953, 8.214, 7.519, 4.953], "texture": "#0"}
			}
		},
		{
			"name": "hexadecagon",
			"from": [6.73691, 13.9, 1.65],
			"to": [9.26309, 14.9, 2.65],
			"rotation": {"angle": 45, "axis": "y", "origin": [8, 14.4, 8]},
			"faces": {
				"north": {"uv": [3.735, 9.777, 10.301, 6.516], "texture": "#0"},
				"up": {"uv": [0.953, 8.214, 7.519, 4.953], "texture": "#0"},
				"down": {"uv": [0.953, 8.214, 7.519, 4.953], "texture": "#0"}
			}
		},
		{
			"name": "hexadecagon",
			"from": [6.73691, 13.9, 13.35],
			"to": [9.26309, 14.9, 14.35],
			"rotation": {"angle": -45, "axis": "y", "origin": [8, 14.4, 8]},
			"faces": {
				"south": {"uv": [4.516, 8.433, 11.082, 5.172], "texture": "#0"},
				"up": {"uv": [0.953, 8.214, 7.519, 4.953], "texture": "#0"},
				"down": {"uv": [0.953, 8.214, 7.519, 4.953], "texture": "#0"}
			}
		},
		{
			"name": "hexadecagon",
			"from": [6.73691, 13.9, 13.35],
			"to": [9.26309, 14.9, 14.35],
			"rotation": {"angle": -22.5, "axis": "y", "origin": [8, 14.4, 8]},
			"faces": {
				"south": {"uv": [1.469, 6.386, 8.035, 3.125], "texture": "#0"},
				"up": {"uv": [0.953, 8.214, 7.519, 4.953], "texture": "#0"},
				"down": {"uv": [0.953, 8.214, 7.519, 4.953], "texture": "#0"}
			}
		},
		{
			"name": "hexadecagon",
			"from": [6.73691, 13.9, 13.35],
			"to": [9.26309, 14.9, 14.35],
			"faces": {
				"south": {"uv": [1.032, 11.121, 7.598, 7.86], "texture": "#0"},
				"up": {"uv": [0.953, 8.214, 7.519, 4.953], "texture": "#0"},
				"down": {"uv": [0.953, 8.214, 7.519, 4.953], "texture": "#0"}
			}
		},
		{
			"name": "hexadecagon",
			"from": [6.73691, 13.9, 13.35],
			"to": [9.26309, 14.9, 14.35],
			"rotation": {"angle": 22.5, "axis": "y", "origin": [8, 14.4, 8]},
			"faces": {
				"south": {"uv": [1.516, 9.386, 8.082, 6.125], "texture": "#0"},
				"up": {"uv": [0.953, 8.214, 7.519, 4.953], "texture": "#0"},
				"down": {"uv": [0.953, 8.214, 7.519, 4.953], "texture": "#0"}
			}
		},
		{
			"name": "hexadecagon",
			"from": [6.73691, 13.9, 13.35],
			"to": [9.26309, 14.9, 14.35],
			"rotation": {"angle": 45, "axis": "y", "origin": [8, 14.4, 8]},
			"faces": {
				"south": {"uv": [1.344, 6.074, 7.91, 2.813], "texture": "#0"},
				"up": {"uv": [0.953, 8.214, 7.519, 4.953], "texture": "#0"},
				"down": {"uv": [0.953, 8.214, 7.519, 4.953], "texture": "#0"}
			}
		},
		{
			"name": "hexadecagon",
			"from": [1.65, 13.9, 6.73691],
			"to": [2.65, 14.9, 9.26309],
			"rotation": {"angle": -22.5, "axis": "y", "origin": [8, 14.4, 8]},
			"faces": {
				"west": {"uv": [4.469, 9.464, 11.035, 6.203], "texture": "#0"},
				"up": {"uv": [0.953, 8.214, 7.519, 4.953], "texture": "#0"},
				"down": {"uv": [0.953, 8.214, 7.519, 4.953], "texture": "#0"}
			}
		},
		{
			"name": "hexadecagon",
			"from": [1.65, 13.9, 6.73691],
			"to": [2.65, 14.9, 9.26309],
			"faces": {
				"west": {"uv": [0, 9.855, 6.566, 6.594], "texture": "#0"},
				"up": {"uv": [0.953, 8.214, 7.519, 4.953], "texture": "#0"},
				"down": {"uv": [0.953, 8.214, 7.519, 4.953], "texture": "#0"}
			}
		},
		{
			"name": "hexadecagon",
			"from": [1.65, 13.9, 6.73691],
			"to": [2.65, 14.9, 9.26309],
			"rotation": {"angle": 22.5, "axis": "y", "origin": [8, 14.4, 8]},
			"faces": {
				"west": {"uv": [1.813, 10.261, 8.379, 7], "texture": "#0"},
				"up": {"uv": [0.953, 8.214, 7.519, 4.953], "texture": "#0"},
				"down": {"uv": [0.953, 8.214, 7.519, 4.953], "texture": "#0"}
			}
		},
		{
			"name": "hexadecagon",
			"from": [13.35, 13.9, 6.73691],
			"to": [14.35, 14.9, 9.26309],
			"rotation": {"angle": -22.5, "axis": "y", "origin": [8, 14.4, 8]},
			"faces": {
				"east": {"uv": [1.86, 9.386, 8.426, 6.125], "texture": "#0"},
				"up": {"uv": [0.953, 8.214, 7.519, 4.953], "texture": "#0"},
				"down": {"uv": [0.953, 8.214, 7.519, 4.953], "texture": "#0"}
			}
		},
		{
			"name": "hexadecagon",
			"from": [13.35, 13.9, 6.73691],
			"to": [14.35, 14.9, 9.26309],
			"faces": {
				"east": {"uv": [6.469, 8.558, 13.035, 5.297], "texture": "#0"},
				"up": {"uv": [0.953, 8.214, 7.519, 4.953], "texture": "#0"},
				"down": {"uv": [0.953, 8.214, 7.519, 4.953], "texture": "#0"}
			}
		},
		{
			"name": "hexadecagon",
			"from": [13.35, 13.9, 6.73691],
			"to": [14.35, 14.9, 9.26309],
			"rotation": {"angle": 22.5, "axis": "y", "origin": [8, 14.4, 8]},
			"faces": {
				"east": {"uv": [0, 9.464, 6.566, 6.203], "texture": "#0"},
				"up": {"uv": [0.953, 8.214, 7.519, 4.953], "texture": "#0"},
				"down": {"uv": [0.953, 8.214, 7.519, 4.953], "texture": "#0"}
			}
		},
		{
			"name": "hexadecagon",
			"from": [6.81647, 17, 2.05],
			"to": [9.18353, 18, 3.05],
			"rotation": {"angle": -45, "axis": "y", "origin": [8, 17.5, 8]},
			"faces": {
				"north": {"uv": [0, 11.683, 6.566, 8.422], "texture": "#0"},
				"south": {"uv": [0.953, 8.214, 7.519, 4.953], "texture": "#0"},
				"up": {"uv": [1.735, 10.074, 8.301, 6.813], "texture": "#0"}
			}
		},
		{
			"name": "hexadecagon",
			"from": [6.81647, 17, 2.05],
			"to": [9.18353, 18, 3.05],
			"rotation": {"angle": -22.5, "axis": "y", "origin": [8, 17.5, 8]},
			"faces": {
				"north": {"uv": [2.782, 7.293, 9.348, 4.032], "texture": "#0"},
				"south": {"uv": [0.953, 8.214, 7.519, 4.953], "texture": "#0"},
				"up": {"uv": [1.203, 6.855, 7.769, 3.594], "texture": "#0"}
			}
		},
		{
			"name": "hexadecagon",
			"from": [6.81647, 17, 2.05],
			"to": [9.18353, 18, 3.05],
			"faces": {
				"north": {"uv": [4.172, 10.433, 10.738, 7.172], "texture": "#0"},
				"south": {"uv": [0.953, 8.214, 7.519, 4.953], "texture": "#0"},
				"up": {"uv": [1.907, 10.824, 8.473, 7.563], "texture": "#0"}
			}
		},
		{
			"name": "hexadecagon",
			"from": [6.81647, 17, 2.05],
			"to": [9.18353, 18, 3.05],
			"rotation": {"angle": 22.5, "axis": "y", "origin": [8, 17.5, 8]},
			"faces": {
				"north": {"uv": [1.563, 12.121, 8.129, 8.86], "texture": "#0"},
				"south": {"uv": [0.953, 8.214, 7.519, 4.953], "texture": "#0"},
				"up": {"uv": [1.297, 10.605, 7.863, 7.344], "texture": "#0"}
			}
		},
		{
			"name": "hexadecagon",
			"from": [6.81647, 17, 2.05],
			"to": [9.18353, 18, 3.05],
			"rotation": {"angle": 45, "axis": "y", "origin": [8, 17.5, 8]},
			"faces": {
				"north": {"uv": [4.86, 11.386, 11.426, 8.125], "texture": "#0"},
				"south": {"uv": [0.953, 8.214, 7.519, 4.953], "texture": "#0"},
				"up": {"uv": [0.203, 10.121, 6.769, 6.86], "texture": "#0"}
			}
		},
		{
			"name": "hexadecagon",
			"from": [6.81647, 17, 12.95],
			"to": [9.18353, 18, 13.95],
			"rotation": {"angle": -45, "axis": "y", "origin": [8, 17.5, 8]},
			"faces": {
				"north": {"uv": [0.953, 8.214, 7.519, 4.953], "texture": "#0"},
				"south": {"uv": [0.563, 10.855, 7.129, 7.594], "texture": "#0"},
				"up": {"uv": [0.953, 11.043, 7.519, 7.782], "texture": "#0"}
			}
		},
		{
			"name": "hexadecagon",
			"from": [6.81647, 17, 12.95],
			"to": [9.18353, 18, 13.95],
			"rotation": {"angle": -22.5, "axis": "y", "origin": [8, 17.5, 8]},
			"faces": {
				"north": {"uv": [0.953, 8.214, 7.519, 4.953], "texture": "#0"},
				"south": {"uv": [0, 6.558, 6.566, 3.297], "texture": "#0"},
				"up": {"uv": [3.032, 8.386, 9.598, 5.125], "texture": "#0"}
			}
		},
		{
			"name": "hexadecagon",
			"from": [6.81647, 17, 12.95],
			"to": [9.18353, 18, 13.95],
			"faces": {
				"north": {"uv": [0.953, 8.214, 7.519, 4.953], "texture": "#0"},
				"south": {"uv": [5.172, 6.433, 11.738, 3.172], "texture": "#0"},
				"up": {"uv": [2.641, 7.214, 9.207, 3.953], "texture": "#0"}
			}
		},
		{
			"name": "hexadecagon",
			"from": [6.81647, 17, 12.95],
			"to": [9.18353, 18, 13.95],
			"rotation": {"angle": 22.5, "axis": "y", "origin": [8, 17.5, 8]},
			"faces": {
				"north": {"uv": [0.953, 8.214, 7.519, 4.953], "texture": "#0"},
				"south": {"uv": [5.032, 10.074, 11.598, 6.813], "texture": "#0"},
				"up": {"uv": [1.078, 10.605, 7.644, 7.344], "texture": "#0"}
			}
		},
		{
			"name": "hexadecagon",
			"from": [6.81647, 17, 12.95],
			"to": [9.18353, 18, 13.95],
			"rotation": {"angle": 45, "axis": "y", "origin": [8, 17.5, 8]},
			"faces": {
				"north": {"uv": [2.907, 9.777, 9.473, 6.516], "texture": "#0"},
				"south": {"uv": [0.813, 10.293, 7.379, 7.032], "texture": "#0"},
				"up": {"uv": [0.953, 8.214, 7.519, 4.953], "texture": "#0"}
			}
		},
		{
			"name": "hexadecagon",
			"from": [2.05, 17, 6.81647],
			"to": [3.05, 18, 9.18353],
			"rotation": {"angle": -22.5, "axis": "y", "origin": [8, 17.5, 8]},
			"faces": {
				"east": {"uv": [0.953, 8.214, 7.519, 4.953], "texture": "#0"},
				"west": {"uv": [4.86, 8.074, 11.426, 4.813], "texture": "#0"},
				"up": {"uv": [2.391, 9.824, 8.957, 6.563], "texture": "#0"}
			}
		},
		{
			"name": "hexadecagon",
			"from": [2.05, 17, 6.81647],
			"to": [3.05, 18, 9.18353],
			"faces": {
				"east": {"uv": [0.953, 8.214, 7.519, 4.953], "texture": "#0"},
				"west": {"uv": [1.391, 10.902, 7.957, 7.641], "texture": "#0"},
				"up": {"uv": [2.735, 8.902, 9.301, 5.641], "texture": "#0"}
			}
		},
		{
			"name": "hexadecagon",
			"from": [2.05, 17, 6.81647],
			"to": [3.05, 18, 9.18353],
			"rotation": {"angle": 22.5, "axis": "y", "origin": [8, 17.5, 8]},
			"faces": {
				"east": {"uv": [0.953, 8.214, 7.519, 4.953], "texture": "#0"},
				"west": {"uv": [4.032, 8.168, 10.598, 4.907], "texture": "#0"},
				"up": {"uv": [1.563, 6.214, 8.129, 2.953], "texture": "#0"}
			}
		},
		{
			"name": "hexadecagon",
			"from": [12.95, 17, 6.81647],
			"to": [13.95, 18, 9.18353],
			"rotation": {"angle": -22.5, "axis": "y", "origin": [8, 17.5, 8]},
			"faces": {
				"east": {"uv": [0.907, 12.261, 7.473, 9], "texture": "#0"},
				"west": {"uv": [0.953, 8.214, 7.519, 4.953], "texture": "#0"},
				"up": {"uv": [1.735, 7.121, 8.301, 3.86], "texture": "#0"}
			}
		},
		{
			"name": "hexadecagon",
			"from": [12.95, 17, 6.81647],
			"to": [13.95, 18, 9.18353],
			"faces": {
				"east": {"uv": [3.25, 6.855, 9.816, 3.594], "texture": "#0"},
				"west": {"uv": [0.594, 8.511, 7.16, 5.25], "texture": "#0"},
				"up": {"uv": [0.953, 8.214, 7.519, 4.953], "texture": "#0"}
			}
		},
		{
			"name": "hexadecagon",
			"from": [12.95, 17, 6.81647],
			"to": [13.95, 18, 9.18353],
			"rotation": {"angle": 22.5, "axis": "y", "origin": [8, 17.5, 8]},
			"faces": {
				"east": {"uv": [4.688, 11.386, 11.254, 8.125], "texture": "#0"},
				"west": {"uv": [0.953, 8.214, 7.519, 4.953], "texture": "#0"},
				"up": {"uv": [1.297, 9.652, 7.863, 6.391], "texture": "#0"}
			}
		},
		{
			"name": "hexadecagon",
			"from": [6.71204, 11.3, 1.525],
			"to": [9.28796, 12.3, 2.525],
			"rotation": {"angle": -45, "axis": "y", "origin": [8, 11.8, 8]},
			"faces": {
				"north": {"uv": [0.86, 6.511, 7.426, 3.25], "texture": "#0"},
				"up": {"uv": [0.953, 8.214, 7.519, 4.953], "texture": "#0"},
				"down": {"uv": [0.953, 8.214, 7.519, 4.953], "texture": "#0"}
			}
		},
		{
			"name": "hexadecagon",
			"from": [6.71204, 11.3, 1.525],
			"to": [9.28796, 12.3, 2.525],
			"rotation": {"angle": -22.5, "axis": "y", "origin": [8, 11.8, 8]},
			"faces": {
				"north": {"uv": [0, 10.996, 6.566, 7.735], "texture": "#0"},
				"up": {"uv": [0.953, 8.214, 7.519, 4.953], "texture": "#0"},
				"down": {"uv": [0.953, 8.214, 7.519, 4.953], "texture": "#0"}
			}
		},
		{
			"name": "hexadecagon",
			"from": [6.71204, 11.3, 1.525],
			"to": [9.28796, 12.3, 2.525],
			"faces": {
				"north": {"uv": [3.953, 10.261, 10.519, 7], "texture": "#0"},
				"up": {"uv": [0.953, 8.214, 7.519, 4.953], "texture": "#0"},
				"down": {"uv": [0.953, 8.214, 7.519, 4.953], "texture": "#0"}
			}
		},
		{
			"name": "hexadecagon",
			"from": [6.71204, 11.3, 1.525],
			"to": [9.28796, 12.3, 2.525],
			"rotation": {"angle": 22.5, "axis": "y", "origin": [8, 11.8, 8]},
			"faces": {
				"north": {"uv": [0.735, 10.168, 7.301, 6.907], "texture": "#0"},
				"up": {"uv": [0.953, 8.214, 7.519, 4.953], "texture": "#0"},
				"down": {"uv": [0.953, 8.214, 7.519, 4.953], "texture": "#0"}
			}
		},
		{
			"name": "hexadecagon",
			"from": [6.71204, 11.3, 1.525],
			"to": [9.28796, 12.3, 2.525],
			"rotation": {"angle": 45, "axis": "y", "origin": [8, 11.8, 8]},
			"faces": {
				"north": {"uv": [3.422, 9.293, 9.988, 6.032], "texture": "#0"},
				"up": {"uv": [0.953, 8.214, 7.519, 4.953], "texture": "#0"},
				"down": {"uv": [0.953, 8.214, 7.519, 4.953], "texture": "#0"}
			}
		},
		{
			"name": "hexadecagon",
			"from": [6.71204, 11.3, 13.475],
			"to": [9.28796, 12.3, 14.475],
			"rotation": {"angle": -45, "axis": "y", "origin": [8, 11.8, 8]},
			"faces": {
				"south": {"uv": [0.563, 11.824, 7.129, 8.563], "texture": "#0"},
				"up": {"uv": [0.953, 8.214, 7.519, 4.953], "texture": "#0"},
				"down": {"uv": [0.953, 8.214, 7.519, 4.953], "texture": "#0"}
			}
		},
		{
			"name": "hexadecagon",
			"from": [6.71204, 11.3, 13.475],
			"to": [9.28796, 12.3, 14.475],
			"rotation": {"angle": -22.5, "axis": "y", "origin": [8, 11.8, 8]},
			"faces": {
				"south": {"uv": [1.953, 10.464, 8.519, 7.203], "texture": "#0"},
				"up": {"uv": [0.953, 8.214, 7.519, 4.953], "texture": "#0"},
				"down": {"uv": [0.953, 8.214, 7.519, 4.953], "texture": "#0"}
			}
		},
		{
			"name": "hexadecagon",
			"from": [6.71204, 11.3, 13.475],
			"to": [9.28796, 12.3, 14.475],
			"faces": {
				"south": {"uv": [1.516, 5.996, 8.082, 2.735], "texture": "#0"},
				"up": {"uv": [0.953, 8.214, 7.519, 4.953], "texture": "#0"},
				"down": {"uv": [0.953, 8.214, 7.519, 4.953], "texture": "#0"}
			}
		},
		{
			"name": "hexadecagon",
			"from": [6.71204, 11.3, 13.475],
			"to": [9.28796, 12.3, 14.475],
			"rotation": {"angle": 22.5, "axis": "y", "origin": [8, 11.8, 8]},
			"faces": {
				"south": {"uv": [4.86, 8.464, 11.426, 5.203], "texture": "#0"},
				"up": {"uv": [0.953, 8.214, 7.519, 4.953], "texture": "#0"},
				"down": {"uv": [0.953, 8.214, 7.519, 4.953], "texture": "#0"}
			}
		},
		{
			"name": "hexadecagon",
			"from": [6.71204, 11.3, 13.475],
			"to": [9.28796, 12.3, 14.475],
			"rotation": {"angle": 45, "axis": "y", "origin": [8, 11.8, 8]},
			"faces": {
				"south": {"uv": [0, 12.214, 6.566, 8.953], "texture": "#0"},
				"up": {"uv": [0.953, 8.214, 7.519, 4.953], "texture": "#0"},
				"down": {"uv": [0.953, 8.214, 7.519, 4.953], "texture": "#0"}
			}
		},
		{
			"name": "hexadecagon",
			"from": [1.525, 11.3, 6.71204],
			"to": [2.525, 12.3, 9.28796],
			"rotation": {"angle": -22.5, "axis": "y", "origin": [8, 11.8, 8]},
			"faces": {
				"west": {"uv": [1.25, 12.214, 7.816, 8.953], "texture": "#0"},
				"up": {"uv": [0.953, 8.214, 7.519, 4.953], "texture": "#0"},
				"down": {"uv": [0.953, 8.214, 7.519, 4.953], "texture": "#0"}
			}
		},
		{
			"name": "hexadecagon",
			"from": [1.525, 11.3, 6.71204],
			"to": [2.525, 12.3, 9.28796],
			"faces": {
				"west": {"uv": [3.125, 8.855, 9.691, 5.594], "texture": "#0"},
				"up": {"uv": [0.953, 8.214, 7.519, 4.953], "texture": "#0"},
				"down": {"uv": [0.953, 8.214, 7.519, 4.953], "texture": "#0"}
			}
		},
		{
			"name": "hexadecagon",
			"from": [1.525, 11.3, 6.71204],
			"to": [2.525, 12.3, 9.28796],
			"rotation": {"angle": 22.5, "axis": "y", "origin": [8, 11.8, 8]},
			"faces": {
				"west": {"uv": [4.25, 7.261, 10.816, 4], "texture": "#0"},
				"up": {"uv": [0.953, 8.214, 7.519, 4.953], "texture": "#0"},
				"down": {"uv": [0.953, 8.214, 7.519, 4.953], "texture": "#0"}
			}
		},
		{
			"name": "hexadecagon",
			"from": [13.475, 11.3, 6.71204],
			"to": [14.475, 12.3, 9.28796],
			"rotation": {"angle": -22.5, "axis": "y", "origin": [8, 11.8, 8]},
			"faces": {
				"east": {"uv": [7.032, 8.73, 13.598, 5.469], "texture": "#0"},
				"up": {"uv": [0.953, 8.214, 7.519, 4.953], "texture": "#0"},
				"down": {"uv": [0.953, 8.214, 7.519, 4.953], "texture": "#0"}
			}
		},
		{
			"name": "hexadecagon",
			"from": [13.475, 11.3, 6.71204],
			"to": [14.475, 12.3, 9.28796],
			"faces": {
				"east": {"uv": [4.688, 13.824, 11.254, 10.563], "texture": "#0"},
				"up": {"uv": [0.953, 8.214, 7.519, 4.953], "texture": "#0"},
				"down": {"uv": [0.953, 8.214, 7.519, 4.953], "texture": "#0"}
			}
		},
		{
			"name": "hexadecagon",
			"from": [13.475, 11.3, 6.71204],
			"to": [14.475, 12.3, 9.28796],
			"rotation": {"angle": 22.5, "axis": "y", "origin": [8, 11.8, 8]},
			"faces": {
				"east": {"uv": [3.782, 13.074, 10.348, 9.813], "texture": "#0"},
				"up": {"uv": [0.953, 8.214, 7.519, 4.953], "texture": "#0"},
				"down": {"uv": [0.953, 8.214, 7.519, 4.953], "texture": "#0"}
			}
		}
	],
	"display": {
		"thirdperson_righthand": {
			"translation": [0, 0, -5.75]
		},
		"thirdperson_lefthand": {
			"translation": [0, 0, -5.75]
		},
		"firstperson_righthand": {
			"translation": [5.25, 0, 0]
		},
		"firstperson_lefthand": {
			"translation": [7.5, 0, 0]
		},
		"ground": {
			"translation": [0, 6, 0]
		},
		"gui": {
			"translation": [0, -0.85, 0],
			"scale": [0.89, 0.89, 0.89]
		},
		"head": {
			"translation": [0, -25, 0],
			"scale": [2.45, 2.45, 2.45]
		},
		"fixed": {
			"translation": [0, -1.5, -8.25],
			"scale": [1.54, 1.54, 1.54]
		}
	},
	"groups": [
		{
			"name": "bottom",
			"children": [
				{
					"name": "bottom",
					"children": [0, 1, 2, 3, 4, 5, 6]
				},
				{
					"name": "bottom2",
					"children": [7, 8, 9, 10, 11, 12, 13]
				},
				{
					"name": "barrel",
					"children": [
						{
							"name": "hexadecagon",
							"children": [14, 15, 16, 17, 18, 19, 20, 21, 22, 23, 24, 25, 26, 27, 28, 29]
						},
						{
							"name": "hexadecagon",
							"children": [30, 31, 32, 33, 34, 35, 36, 37, 38, 39, 40, 41, 42, 43, 44, 45]
						},
						{
							"name": "hexadecagon",
							"children": [46, 47, 48, 49, 50, 51, 52, 53, 54, 55, 56, 57, 58, 59, 60, 61]
						},
						{
							"name": "hexadecagon",
							"children": [62, 63, 64, 65, 66, 67, 68, 69]
						}
					]
				},
				{
					"name": "rustrings",
					"children": [
						{
							"name": "hexadecagon",
							"children": [70, 71, 72, 73, 74, 75, 76, 77, 78, 79, 80, 81, 82, 83, 84, 85]
						},
						{
							"name": "hexadecagon",
							"children": [86, 87, 88, 89, 90, 91, 92, 93, 94, 95, 96, 97, 98, 99, 100, 101]
						},
						{
							"name": "hexadecagon",
							"children": [102, 103, 104, 105, 106, 107, 108, 109, 110, 111, 112, 113, 114, 115, 116, 117]
						}
					]
				}
			]
		},
		{
			"name": "top",
			"children": [
				{
					"name": "bottom",
					"children": [118, 119, 120, 121, 122, 123, 124]
				},
				{
					"name": "bottom2",
					"children": [125, 126, 127, 128, 129, 130, 131]
				},
				{
					"name": "barrel",
					"children": [
						{
							"name": "hexadecagon",
							"children": [132, 133, 134, 135, 136, 137, 138, 139, 140, 141, 142, 143, 144, 145, 146, 147]
						},
						{
							"name": "hexadecagon",
							"children": [148, 149, 150, 151, 152, 153, 154, 155, 156, 157, 158, 159, 160, 161, 162, 163]
						},
						{
							"name": "hexadecagon",
							"children": [164, 165, 166, 167, 168, 169, 170, 171, 172, 173, 174, 175, 176, 177, 178, 179]
						},
						{
							"name": "hexadecagon",
							"children": [180, 181, 182, 183, 184, 185, 186, 187, 188, 189, 190, 191, 192, 193, 194, 195]
						},
						{
							"name": "hexadecagon",
							"children": [196, 197, 198, 199, 200, 201, 202, 203]
						}
					]
				},
				{
					"name": "rustrings",
					"children": [
						{
							"name": "hexadecagon",
							"children": [204, 205, 206, 207, 208, 209, 210, 211, 212, 213, 214, 215, 216, 217, 218, 219]
						},
						{
							"name": "hexadecagon",
							"children": [220, 221, 222, 223, 224, 225, 226, 227, 228, 229, 230, 231, 232, 233, 234, 235]
						},
						{
							"name": "hexadecagon",
							"children": [236, 237, 238, 239, 240, 241, 242, 243, 244, 245, 246, 247, 248, 249, 250, 251]
						}
					]
				}
			]
		}
	]
}