{
	"credit": "Made by _Kastle with Blockbench. Message Kastle#4801 on Discord for inquiries. If you recieved this model from someone other than myself without context, it was probably stolen.",
	"textures": {
		"0": "custom/accessories/items/starwarslamp",
		"1": "custom/accessories/items/brushedsilver",
		"2": "block/white_stained_glass",
		"3": "block/gray_concrete",
		"4": "block/snow",
		"5": "block/red_concrete",
		"6": "block/stripped_birch_log",
		"particle": "custom/accessories/items/starwarslamp"
	},
	"elements": [
		{
			"from": [5.02664, 15.33536, 6.60677],
			"to": [9.84323, 15.52736, 6.66485],
			"rotation": {"angle": 45, "axis": "y", "origin": [9.36419, 16.29344, 6.63581]},
			"faces": {
				"north": {"uv": [0, 0, 0.5, 5.5], "texture": "#1"},
				"south": {"uv": [0, 0, 0.5, 5.5], "texture": "#1"},
				"up": {"uv": [0, 0, 4.5, 16], "rotation": 90, "texture": "#1"},
				"down": {"uv": [0, 0, 1, 0.5], "rotation": 270, "texture": "#1"}
			}
		},
		{
			"from": [5.5917, 15.33536, 7.97096],
			"to": [10.4083, 15.52736, 8.02906],
			"faces": {
				"north": {"uv": [0, 0, 0.5, 5.5], "texture": "#1"},
				"south": {"uv": [0, 0, 0.5, 5.5], "texture": "#1"},
				"up": {"uv": [0, 0, 4.5, 16], "rotation": 90, "texture": "#1"},
				"down": {"uv": [0, 0, 1, 0.5], "rotation": 270, "texture": "#1"}
			}
		},
		{
			"from": [8.59986, 15.33536, 6.28852],
			"to": [8.65794, 15.52736, 11.10511],
			"rotation": {"angle": -22.5, "axis": "y", "origin": [10.06602, 16.29344, 6.76756]},
			"faces": {
				"east": {"uv": [0, 0, 0.5, 5.5], "texture": "#1"},
				"west": {"uv": [0, 0, 0.5, 5.5], "texture": "#1"},
				"up": {"uv": [0, 0, 4.5, 16], "texture": "#1"},
				"down": {"uv": [0, 0, 1, 0.5], "texture": "#1"}
			}
		},
		{
			"from": [7.97096, 15.33536, 5.5917],
			"to": [8.02904, 15.52736, 10.4083],
			"faces": {
				"east": {"uv": [0.5, 0, 1, 5.5], "texture": "#1"},
				"west": {"uv": [0.5, 0, 1, 5.5], "texture": "#1"},
				"up": {"uv": [0, 0, 4.5, 16], "texture": "#1"},
				"down": {"uv": [0, 0.5, 1, 1], "texture": "#1"}
			}
		},
		{
			"from": [8.59986, 15.33536, 4.89489],
			"to": [8.65794, 15.52736, 9.71148],
			"rotation": {"angle": 22.5, "axis": "y", "origin": [10.06602, 16.29344, 9.23244]},
			"faces": {
				"east": {"uv": [0.5, 0, 1, 5.5], "texture": "#1"},
				"west": {"uv": [0.5, 0, 1, 5.5], "texture": "#1"},
				"up": {"uv": [0, 0, 4.5, 16], "texture": "#1"},
				"down": {"uv": [0, 0.5, 1, 1], "texture": "#1"}
			}
		},
		{
			"from": [4.89489, 15.33536, 8.59986],
			"to": [9.71148, 15.52736, 8.65794],
			"rotation": {"angle": -22.5, "axis": "y", "origin": [9.23244, 16.29344, 10.06602]},
			"faces": {
				"north": {"uv": [0.5, 0, 1, 5.5], "texture": "#1"},
				"south": {"uv": [0.5, 0, 1, 5.5], "texture": "#1"},
				"up": {"uv": [0, 0, 4.5, 16], "rotation": 90, "texture": "#1"},
				"down": {"uv": [1, 0, 2, 0.5], "rotation": 270, "texture": "#1"}
			}
		},
		{
			"from": [6.28852, 15.33536, 8.59986],
			"to": [11.10511, 15.52736, 8.65794],
			"rotation": {"angle": 22.5, "axis": "y", "origin": [6.76756, 16.29344, 10.06602]},
			"faces": {
				"north": {"uv": [0, 0, 0.5, 5.5], "texture": "#1"},
				"south": {"uv": [0, 0, 0.5, 5.5], "texture": "#1"},
				"up": {"uv": [0, 0, 4.5, 16], "rotation": 90, "texture": "#1"},
				"down": {"uv": [1, 0.5, 2, 1], "rotation": 270, "texture": "#1"}
			}
		},
		{
			"from": [6.15677, 15.33536, 6.60677],
			"to": [10.97336, 15.52736, 6.66485],
			"rotation": {"angle": -45, "axis": "y", "origin": [6.63581, 16.29344, 6.63581]},
			"faces": {
				"north": {"uv": [0.5, 0, 1, 5.5], "texture": "#1"},
				"south": {"uv": [0.5, 0, 1, 5.5], "texture": "#1"},
				"up": {"uv": [0, 0, 4.5, 16], "rotation": 90, "texture": "#1"},
				"down": {"uv": [0, 0.5, 1, 1], "rotation": 270, "texture": "#1"}
			}
		},
		{
			"name": "hexadecagon",
			"from": [7.60218, 0, 6],
			"to": [8.39782, 0.5, 10],
			"rotation": {"angle": -45, "axis": "y", "origin": [8, 0.25, 8]},
			"faces": {
				"north": {"uv": [0, 0, 1, 16], "rotation": 90, "texture": "#1"},
				"south": {"uv": [0, 0, 16, 16], "texture": "#1"},
				"up": {"uv": [0, 0, 1, 16], "texture": "#1"},
				"down": {"uv": [0, 0, 1, 16], "texture": "#1"}
			}
		},
		{
			"name": "hexadecagon",
			"from": [7.60218, 0, 6],
			"to": [8.39782, 0.5, 10],
			"rotation": {"angle": -22.5, "axis": "y", "origin": [8, 0.25, 8]},
			"faces": {
				"north": {"uv": [0, 0, 1, 16], "rotation": 90, "texture": "#1"},
				"south": {"uv": [0, 0, 16, 16], "texture": "#1"},
				"up": {"uv": [0, 0, 1, 16], "texture": "#1"},
				"down": {"uv": [0, 0, 1, 16], "texture": "#1"}
			}
		},
		{
			"name": "hexadecagon",
			"from": [7.60218, 0, 6],
			"to": [8.39782, 0.5, 10],
			"faces": {
				"north": {"uv": [0, 0, 1, 16], "rotation": 90, "texture": "#1"},
				"south": {"uv": [0, 0, 16, 16], "texture": "#1"},
				"up": {"uv": [0, 0, 1, 16], "texture": "#1"},
				"down": {"uv": [0, 0, 1, 16], "texture": "#1"}
			}
		},
		{
			"name": "hexadecagon",
			"from": [7.60218, 0, 6],
			"to": [8.39782, 0.5, 10],
			"rotation": {"angle": 22.5, "axis": "y", "origin": [8, 0.25, 8]},
			"faces": {
				"north": {"uv": [0, 0, 1, 16], "rotation": 90, "texture": "#1"},
				"south": {"uv": [0, 0, 16, 16], "texture": "#1"},
				"up": {"uv": [0, 0, 1, 16], "texture": "#1"},
				"down": {"uv": [0, 0, 1, 16], "texture": "#1"}
			}
		},
		{
			"name": "hexadecagon",
			"from": [7.60218, 0, 6],
			"to": [8.39782, 0.5, 10],
			"rotation": {"angle": 45, "axis": "y", "origin": [8, 0.25, 8]},
			"faces": {
				"north": {"uv": [0, 0, 1, 16], "rotation": 90, "texture": "#1"},
				"south": {"uv": [0, 0, 16, 16], "texture": "#1"},
				"up": {"uv": [0, 0, 1, 16], "texture": "#1"},
				"down": {"uv": [0, 0, 1, 16], "texture": "#1"}
			}
		},
		{
			"name": "hexadecagon",
			"from": [6, 0, 7.60218],
			"to": [10, 0.5, 8.39782],
			"rotation": {"angle": -22.5, "axis": "y", "origin": [8, 0.25, 8]},
			"faces": {
				"east": {"uv": [0, 0, 16, 16], "texture": "#1"},
				"west": {"uv": [0, 0, 16, 16], "texture": "#1"},
				"up": {"uv": [0, 0, 1, 16], "rotation": 270, "texture": "#1"},
				"down": {"uv": [0, 0, 1, 16], "rotation": 90, "texture": "#1"}
			}
		},
		{
			"name": "hexadecagon",
			"from": [6, 0, 7.60218],
			"to": [10, 0.5, 8.39782],
			"faces": {
				"east": {"uv": [0, 0, 16, 16], "texture": "#1"},
				"west": {"uv": [0, 0, 16, 16], "texture": "#1"},
				"up": {"uv": [0, 0, 1, 16], "rotation": 270, "texture": "#1"},
				"down": {"uv": [0, 0, 1, 16], "rotation": 90, "texture": "#1"}
			}
		},
		{
			"name": "hexadecagon",
			"from": [6, 0, 7.60218],
			"to": [10, 0.5, 8.39782],
			"rotation": {"angle": 22.5, "axis": "y", "origin": [8, 0.25, 8]},
			"faces": {
				"east": {"uv": [0, 0, 16, 16], "texture": "#1"},
				"west": {"uv": [0, 0, 16, 16], "texture": "#1"},
				"up": {"uv": [0, 0, 1, 16], "rotation": 270, "texture": "#1"},
				"down": {"uv": [0, 0, 1, 16], "rotation": 90, "texture": "#1"}
			}
		},
		{
			"name": "hexadecagon",
			"from": [7.95027, 0.25, 7.75],
			"to": [8.04973, 9.75, 8.25],
			"rotation": {"angle": -45, "axis": "y", "origin": [8, 0.5, 8]},
			"faces": {
				"north": {"uv": [11.688, 0, 12.125, 16], "texture": "#1"},
				"south": {"uv": [11.688, 0, 12.125, 16], "texture": "#1"}
			}
		},
		{
			"name": "hexadecagon",
			"from": [7.95027, 0.25, 7.75],
			"to": [8.04973, 9.75, 8.25],
			"rotation": {"angle": -22.5, "axis": "y", "origin": [8, 0.5, 8]},
			"faces": {
				"north": {"uv": [11.688, 0, 12.125, 16], "texture": "#1"},
				"south": {"uv": [11.688, 0, 12.125, 16], "texture": "#1"}
			}
		},
		{
			"name": "hexadecagon",
			"from": [7.95027, 0.25, 7.75],
			"to": [8.04973, 9.75, 8.25],
			"faces": {
				"north": {"uv": [11.688, 0, 12.125, 16], "texture": "#1"},
				"south": {"uv": [11.688, 0, 12.125, 16], "texture": "#1"}
			}
		},
		{
			"name": "hexadecagon",
			"from": [7.95027, 0.25, 7.75],
			"to": [8.04973, 9.75, 8.25],
			"rotation": {"angle": 22.5, "axis": "y", "origin": [8, 0.5, 8]},
			"faces": {
				"north": {"uv": [11.688, 0, 12.125, 16], "texture": "#1"},
				"south": {"uv": [11.688, 0, 12.125, 16], "texture": "#1"}
			}
		},
		{
			"name": "hexadecagon",
			"from": [7.95027, 0.25, 7.75],
			"to": [8.04973, 9.75, 8.25],
			"rotation": {"angle": 45, "axis": "y", "origin": [8, 0.5, 8]},
			"faces": {
				"north": {"uv": [11.688, 0, 12.125, 16], "texture": "#1"},
				"south": {"uv": [11.688, 0, 12.125, 16], "texture": "#1"}
			}
		},
		{
			"name": "hexadecagon",
			"from": [7.75, 0.25, 7.95027],
			"to": [8.25, 9.75, 8.04973],
			"rotation": {"angle": -22.5, "axis": "y", "origin": [8, 0.5, 8]},
			"faces": {
				"east": {"uv": [11.688, 0, 12.125, 16], "texture": "#1"},
				"west": {"uv": [11.688, 0, 12.125, 16], "texture": "#1"}
			}
		},
		{
			"name": "hexadecagon",
			"from": [7.75, 0.25, 7.95027],
			"to": [8.25, 9.75, 8.04973],
			"faces": {
				"east": {"uv": [11.688, 0, 12.125, 16], "texture": "#1"},
				"west": {"uv": [11.688, 0, 12.125, 16], "texture": "#1"}
			}
		},
		{
			"name": "hexadecagon",
			"from": [7.75, 0.25, 7.95027],
			"to": [8.25, 9.75, 8.04973],
			"rotation": {"angle": 22.5, "axis": "y", "origin": [8, 0.5, 8]},
			"faces": {
				"east": {"uv": [11.688, 0, 12.125, 16], "texture": "#1"},
				"west": {"uv": [11.688, 0, 12.125, 16], "texture": "#1"}
			}
		},
		{
			"name": "hexadecagon",
			"from": [7.93929, 9.655, 7.6948],
			"to": [8.06071, 11.755, 8.3052],
			"rotation": {"angle": -45, "axis": "y", "origin": [8, 11.72, 8]},
			"faces": {
				"north": {"uv": [1, 1, 2.5, 2.5], "texture": "#2"},
				"south": {"uv": [1, 1, 2.5, 2.5], "texture": "#2"},
				"up": {"uv": [1, 1, 2.5, 2.5], "texture": "#2"},
				"down": {"uv": [1, 1, 2.5, 2.5], "texture": "#2"}
			}
		},
		{
			"name": "hexadecagon",
			"from": [7.93929, 9.655, 7.6948],
			"to": [8.06071, 11.755, 8.3052],
			"rotation": {"angle": -22.5, "axis": "y", "origin": [8, 11.72, 8]},
			"faces": {
				"north": {"uv": [1, 1, 2.5, 2.5], "texture": "#2"},
				"south": {"uv": [1, 1, 2.5, 2.5], "texture": "#2"},
				"up": {"uv": [1, 1, 2.5, 2.5], "texture": "#2"},
				"down": {"uv": [1, 1, 2.5, 2.5], "texture": "#2"}
			}
		},
		{
			"name": "hexadecagon",
			"from": [7.93929, 9.655, 7.6948],
			"to": [8.06071, 11.755, 8.3052],
			"faces": {
				"north": {"uv": [1, 1, 2.5, 2.5], "texture": "#2"},
				"south": {"uv": [1, 1, 2.5, 2.5], "texture": "#2"},
				"up": {"uv": [1, 1, 2.5, 2.5], "texture": "#2"},
				"down": {"uv": [1, 1, 2.5, 2.5], "texture": "#2"}
			}
		},
		{
			"name": "hexadecagon",
			"from": [7.93929, 9.655, 7.6948],
			"to": [8.06071, 11.755, 8.3052],
			"rotation": {"angle": 22.5, "axis": "y", "origin": [8, 11.72, 8]},
			"faces": {
				"north": {"uv": [1, 1, 2.5, 2.5], "texture": "#2"},
				"south": {"uv": [1, 1, 2.5, 2.5], "texture": "#2"},
				"up": {"uv": [1, 1, 2.5, 2.5], "texture": "#2"},
				"down": {"uv": [1, 1, 2.5, 2.5], "texture": "#2"}
			}
		},
		{
			"name": "hexadecagon",
			"from": [7.93929, 9.655, 7.6948],
			"to": [8.06071, 11.755, 8.3052],
			"rotation": {"angle": 45, "axis": "y", "origin": [8, 11.72, 8]},
			"faces": {
				"north": {"uv": [1, 1, 2.5, 2.5], "texture": "#2"},
				"south": {"uv": [1, 1, 2.5, 2.5], "texture": "#2"},
				"up": {"uv": [1, 1, 2.5, 2.5], "texture": "#2"},
				"down": {"uv": [1, 1, 2.5, 2.5], "texture": "#2"}
			}
		},
		{
			"name": "hexadecagon",
			"from": [7.6948, 9.655, 7.93929],
			"to": [8.3052, 11.755, 8.06071],
			"rotation": {"angle": -22.5, "axis": "y", "origin": [8, 11.72, 8]},
			"faces": {
				"east": {"uv": [1, 1, 2.5, 2.5], "texture": "#2"},
				"west": {"uv": [1, 1, 2.5, 2.5], "texture": "#2"},
				"up": {"uv": [1, 1, 2.5, 2.5], "texture": "#2"},
				"down": {"uv": [1, 1, 2.5, 2.5], "texture": "#2"}
			}
		},
		{
			"name": "hexadecagon",
			"from": [7.6948, 9.655, 7.93929],
			"to": [8.3052, 11.755, 8.06071],
			"faces": {
				"east": {"uv": [1, 1, 2.5, 2.5], "texture": "#2"},
				"west": {"uv": [1, 1, 2.5, 2.5], "texture": "#2"},
				"up": {"uv": [1, 1, 2.5, 2.5], "texture": "#2"},
				"down": {"uv": [1, 1, 2.5, 2.5], "texture": "#2"}
			}
		},
		{
			"name": "hexadecagon",
			"from": [7.6948, 9.655, 7.93929],
			"to": [8.3052, 11.755, 8.06071],
			"rotation": {"angle": 22.5, "axis": "y", "origin": [8, 11.72, 8]},
			"faces": {
				"east": {"uv": [1, 1, 2.5, 2.5], "texture": "#2"},
				"west": {"uv": [1, 1, 2.5, 2.5], "texture": "#2"},
				"up": {"uv": [1, 1, 2.5, 2.5], "texture": "#2"},
				"down": {"uv": [1, 1, 2.5, 2.5], "texture": "#2"}
			}
		},
		{
			"name": "hexadecagon",
			"from": [7.91646, 9.865, 7.58],
			"to": [8.08354, 11.685, 8.42],
			"rotation": {"angle": -45, "axis": "y", "origin": [8, 11.65, 8]},
			"faces": {
				"north": {"uv": [1, 1, 2.5, 2.5], "texture": "#2"},
				"south": {"uv": [1, 1, 2.5, 2.5], "texture": "#2"},
				"up": {"uv": [1, 1, 2.5, 2.5], "texture": "#2"},
				"down": {"uv": [1, 1, 2.5, 2.5], "texture": "#2"}
			}
		},
		{
			"name": "hexadecagon",
			"from": [7.91646, 9.865, 7.58],
			"to": [8.08354, 11.685, 8.42],
			"rotation": {"angle": -22.5, "axis": "y", "origin": [8, 11.65, 8]},
			"faces": {
				"north": {"uv": [1, 1, 2.5, 2.5], "texture": "#2"},
				"south": {"uv": [1, 1, 2.5, 2.5], "texture": "#2"},
				"up": {"uv": [1, 1, 2.5, 2.5], "texture": "#2"},
				"down": {"uv": [1, 1, 2.5, 2.5], "texture": "#2"}
			}
		},
		{
			"name": "hexadecagon",
			"from": [7.91646, 9.865, 7.58],
			"to": [8.08354, 11.685, 8.42],
			"faces": {
				"north": {"uv": [1, 1, 2.5, 2.5], "texture": "#2"},
				"south": {"uv": [1, 1, 2.5, 2.5], "texture": "#2"},
				"up": {"uv": [1, 1, 2.5, 2.5], "texture": "#2"},
				"down": {"uv": [1, 1, 2.5, 2.5], "texture": "#2"}
			}
		},
		{
			"name": "hexadecagon",
			"from": [7.91646, 9.865, 7.58],
			"to": [8.08354, 11.685, 8.42],
			"rotation": {"angle": 22.5, "axis": "y", "origin": [8, 11.65, 8]},
			"faces": {
				"north": {"uv": [1, 1, 2.5, 2.5], "texture": "#2"},
				"south": {"uv": [1, 1, 2.5, 2.5], "texture": "#2"},
				"up": {"uv": [1, 1, 2.5, 2.5], "texture": "#2"},
				"down": {"uv": [1, 1, 2.5, 2.5], "texture": "#2"}
			}
		},
		{
			"name": "hexadecagon",
			"from": [7.91646, 9.865, 7.58],
			"to": [8.08354, 11.685, 8.42],
			"rotation": {"angle": 45, "axis": "y", "origin": [8, 11.65, 8]},
			"faces": {
				"north": {"uv": [1, 1, 2.5, 2.5], "texture": "#2"},
				"south": {"uv": [1, 1, 2.5, 2.5], "texture": "#2"},
				"up": {"uv": [1, 1, 2.5, 2.5], "texture": "#2"},
				"down": {"uv": [1, 1, 2.5, 2.5], "texture": "#2"}
			}
		},
		{
			"name": "hexadecagon",
			"from": [7.58, 9.865, 7.91646],
			"to": [8.42, 11.685, 8.08354],
			"rotation": {"angle": -22.5, "axis": "y", "origin": [8, 11.65, 8]},
			"faces": {
				"east": {"uv": [1, 1, 2.5, 2.5], "texture": "#2"},
				"west": {"uv": [1, 1, 2.5, 2.5], "texture": "#2"},
				"up": {"uv": [1, 1, 2.5, 2.5], "texture": "#2"},
				"down": {"uv": [1, 1, 2.5, 2.5], "texture": "#2"}
			}
		},
		{
			"name": "hexadecagon",
			"from": [7.58, 9.865, 7.91646],
			"to": [8.42, 11.685, 8.08354],
			"faces": {
				"east": {"uv": [1, 1, 2.5, 2.5], "texture": "#2"},
				"west": {"uv": [1, 1, 2.5, 2.5], "texture": "#2"},
				"up": {"uv": [1, 1, 2.5, 2.5], "texture": "#2"},
				"down": {"uv": [1, 1, 2.5, 2.5], "texture": "#2"}
			}
		},
		{
			"name": "hexadecagon",
			"from": [7.58, 9.865, 7.91646],
			"to": [8.42, 11.685, 8.08354],
			"rotation": {"angle": 22.5, "axis": "y", "origin": [8, 11.65, 8]},
			"faces": {
				"east": {"uv": [1, 1, 2.5, 2.5], "texture": "#2"},
				"west": {"uv": [1, 1, 2.5, 2.5], "texture": "#2"},
				"up": {"uv": [1, 1, 2.5, 2.5], "texture": "#2"},
				"down": {"uv": [1, 1, 2.5, 2.5], "texture": "#2"}
			}
		},
		{
			"name": "hexadecagon",
			"from": [7.90058, 10.145, 7.5002],
			"to": [8.09942, 11.615, 8.4998],
			"rotation": {"angle": -45, "axis": "y", "origin": [8, 11.58, 8]},
			"faces": {
				"north": {"uv": [1, 1, 2.5, 2.5], "texture": "#2"},
				"south": {"uv": [1, 1, 2.5, 2.5], "texture": "#2"},
				"up": {"uv": [1, 1, 2.5, 2.5], "texture": "#2"},
				"down": {"uv": [1, 1, 2.5, 2.5], "texture": "#2"}
			}
		},
		{
			"name": "hexadecagon",
			"from": [7.90058, 10.145, 7.5002],
			"to": [8.09942, 11.615, 8.4998],
			"rotation": {"angle": -22.5, "axis": "y", "origin": [8, 11.58, 8]},
			"faces": {
				"north": {"uv": [1, 1, 2.5, 2.5], "texture": "#2"},
				"south": {"uv": [1, 1, 2.5, 2.5], "texture": "#2"},
				"up": {"uv": [1, 1, 2.5, 2.5], "texture": "#2"},
				"down": {"uv": [1, 1, 2.5, 2.5], "texture": "#2"}
			}
		},
		{
			"name": "hexadecagon",
			"from": [7.90058, 10.145, 7.5002],
			"to": [8.09942, 11.615, 8.4998],
			"faces": {
				"north": {"uv": [1, 1, 2.5, 2.5], "texture": "#2"},
				"south": {"uv": [1, 1, 2.5, 2.5], "texture": "#2"},
				"up": {"uv": [1, 1, 2.5, 2.5], "texture": "#2"},
				"down": {"uv": [1, 1, 2.5, 2.5], "texture": "#2"}
			}
		},
		{
			"name": "hexadecagon",
			"from": [7.90058, 10.145, 7.5002],
			"to": [8.09942, 11.615, 8.4998],
			"rotation": {"angle": 22.5, "axis": "y", "origin": [8, 11.58, 8]},
			"faces": {
				"north": {"uv": [1, 1, 2.5, 2.5], "texture": "#2"},
				"south": {"uv": [1, 1, 2.5, 2.5], "texture": "#2"},
				"up": {"uv": [1, 1, 2.5, 2.5], "texture": "#2"},
				"down": {"uv": [1, 1, 2.5, 2.5], "texture": "#2"}
			}
		},
		{
			"name": "hexadecagon",
			"from": [7.90058, 10.145, 7.5002],
			"to": [8.09942, 11.615, 8.4998],
			"rotation": {"angle": 45, "axis": "y", "origin": [8, 11.58, 8]},
			"faces": {
				"north": {"uv": [1, 1, 2.5, 2.5], "texture": "#2"},
				"south": {"uv": [1, 1, 2.5, 2.5], "texture": "#2"},
				"up": {"uv": [1, 1, 2.5, 2.5], "texture": "#2"},
				"down": {"uv": [1, 1, 2.5, 2.5], "texture": "#2"}
			}
		},
		{
			"name": "hexadecagon",
			"from": [7.5002, 10.145, 7.90058],
			"to": [8.4998, 11.615, 8.09942],
			"rotation": {"angle": -22.5, "axis": "y", "origin": [8, 11.58, 8]},
			"faces": {
				"east": {"uv": [1, 1, 2.5, 2.5], "texture": "#2"},
				"west": {"uv": [1, 1, 2.5, 2.5], "texture": "#2"},
				"up": {"uv": [1, 1, 2.5, 2.5], "texture": "#2"},
				"down": {"uv": [1, 1, 2.5, 2.5], "texture": "#2"}
			}
		},
		{
			"name": "hexadecagon",
			"from": [7.5002, 10.145, 7.90058],
			"to": [8.4998, 11.615, 8.09942],
			"faces": {
				"east": {"uv": [1, 1, 2.5, 2.5], "texture": "#2"},
				"west": {"uv": [1, 1, 2.5, 2.5], "texture": "#2"},
				"up": {"uv": [1, 1, 2.5, 2.5], "texture": "#2"},
				"down": {"uv": [1, 1, 2.5, 2.5], "texture": "#2"}
			}
		},
		{
			"name": "hexadecagon",
			"from": [7.5002, 10.145, 7.90058],
			"to": [8.4998, 11.615, 8.09942],
			"rotation": {"angle": 22.5, "axis": "y", "origin": [8, 11.58, 8]},
			"faces": {
				"east": {"uv": [1, 1, 2.5, 2.5], "texture": "#2"},
				"west": {"uv": [1, 1, 2.5, 2.5], "texture": "#2"},
				"up": {"uv": [1, 1, 2.5, 2.5], "texture": "#2"},
				"down": {"uv": [1, 1, 2.5, 2.5], "texture": "#2"}
			}
		},
		{
			"name": "hexadecagon",
			"from": [7.88861, 10.355, 7.44],
			"to": [8.11139, 11.545, 8.56],
			"rotation": {"angle": -45, "axis": "y", "origin": [8, 11.51, 8]},
			"faces": {
				"north": {"uv": [1, 1, 2.5, 2.5], "texture": "#2"},
				"south": {"uv": [1, 1, 2.5, 2.5], "texture": "#2"},
				"up": {"uv": [1, 1, 2.5, 2.5], "texture": "#2"},
				"down": {"uv": [1, 1, 2.5, 2.5], "texture": "#2"}
			}
		},
		{
			"name": "hexadecagon",
			"from": [7.88861, 10.355, 7.44],
			"to": [8.11139, 11.545, 8.56],
			"rotation": {"angle": -22.5, "axis": "y", "origin": [8, 11.51, 8]},
			"faces": {
				"north": {"uv": [1, 1, 2.5, 2.5], "texture": "#2"},
				"south": {"uv": [1, 1, 2.5, 2.5], "texture": "#2"},
				"up": {"uv": [1, 1, 2.5, 2.5], "texture": "#2"},
				"down": {"uv": [1, 1, 2.5, 2.5], "texture": "#2"}
			}
		},
		{
			"name": "hexadecagon",
			"from": [7.88861, 10.355, 7.44],
			"to": [8.11139, 11.545, 8.56],
			"faces": {
				"north": {"uv": [1, 1, 2.5, 2.5], "texture": "#2"},
				"south": {"uv": [1, 1, 2.5, 2.5], "texture": "#2"},
				"up": {"uv": [1, 1, 2.5, 2.5], "texture": "#2"},
				"down": {"uv": [1, 1, 2.5, 2.5], "texture": "#2"}
			}
		},
		{
			"name": "hexadecagon",
			"from": [7.88861, 10.355, 7.44],
			"to": [8.11139, 11.545, 8.56],
			"rotation": {"angle": 22.5, "axis": "y", "origin": [8, 11.51, 8]},
			"faces": {
				"north": {"uv": [1, 1, 2.5, 2.5], "texture": "#2"},
				"south": {"uv": [1, 1, 2.5, 2.5], "texture": "#2"},
				"up": {"uv": [1, 1, 2.5, 2.5], "texture": "#2"},
				"down": {"uv": [1, 1, 2.5, 2.5], "texture": "#2"}
			}
		},
		{
			"name": "hexadecagon",
			"from": [7.88861, 10.355, 7.44],
			"to": [8.11139, 11.545, 8.56],
			"rotation": {"angle": 45, "axis": "y", "origin": [8, 11.51, 8]},
			"faces": {
				"north": {"uv": [1, 1, 2.5, 2.5], "texture": "#2"},
				"south": {"uv": [1, 1, 2.5, 2.5], "texture": "#2"},
				"up": {"uv": [1, 1, 2.5, 2.5], "texture": "#2"},
				"down": {"uv": [1, 1, 2.5, 2.5], "texture": "#2"}
			}
		},
		{
			"name": "hexadecagon",
			"from": [7.44, 10.355, 7.88861],
			"to": [8.56, 11.545, 8.11139],
			"rotation": {"angle": -22.5, "axis": "y", "origin": [8, 11.51, 8]},
			"faces": {
				"east": {"uv": [1, 1, 2.5, 2.5], "texture": "#2"},
				"west": {"uv": [1, 1, 2.5, 2.5], "texture": "#2"},
				"up": {"uv": [1, 1, 2.5, 2.5], "texture": "#2"},
				"down": {"uv": [1, 1, 2.5, 2.5], "texture": "#2"}
			}
		},
		{
			"name": "hexadecagon",
			"from": [7.44, 10.355, 7.88861],
			"to": [8.56, 11.545, 8.11139],
			"faces": {
				"east": {"uv": [1, 1, 2.5, 2.5], "texture": "#2"},
				"west": {"uv": [1, 1, 2.5, 2.5], "texture": "#2"},
				"up": {"uv": [1, 1, 2.5, 2.5], "texture": "#2"},
				"down": {"uv": [1, 1, 2.5, 2.5], "texture": "#2"}
			}
		},
		{
			"name": "hexadecagon",
			"from": [7.44, 10.355, 7.88861],
			"to": [8.56, 11.545, 8.11139],
			"rotation": {"angle": 22.5, "axis": "y", "origin": [8, 11.51, 8]},
			"faces": {
				"east": {"uv": [1, 1, 2.5, 2.5], "texture": "#2"},
				"west": {"uv": [1, 1, 2.5, 2.5], "texture": "#2"},
				"up": {"uv": [1, 1, 2.5, 2.5], "texture": "#2"},
				"down": {"uv": [1, 1, 2.5, 2.5], "texture": "#2"}
			}
		},
		{
			"name": "hexadecagon",
			"from": [7.87942, 10.495, 7.3938],
			"to": [8.12058, 11.475, 8.6062],
			"rotation": {"angle": -45, "axis": "y", "origin": [8, 11.44, 8]},
			"faces": {
				"north": {"uv": [1, 1, 2.5, 2.5], "texture": "#2"},
				"south": {"uv": [1, 1, 2.5, 2.5], "texture": "#2"},
				"up": {"uv": [1, 1, 2.5, 2.5], "texture": "#2"},
				"down": {"uv": [1, 1, 2.5, 2.5], "texture": "#2"}
			}
		},
		{
			"name": "hexadecagon",
			"from": [7.87942, 10.495, 7.3938],
			"to": [8.12058, 11.475, 8.6062],
			"rotation": {"angle": -22.5, "axis": "y", "origin": [8, 11.44, 8]},
			"faces": {
				"north": {"uv": [1, 1, 2.5, 2.5], "texture": "#2"},
				"south": {"uv": [1, 1, 2.5, 2.5], "texture": "#2"},
				"up": {"uv": [1, 1, 2.5, 2.5], "texture": "#2"},
				"down": {"uv": [1, 1, 2.5, 2.5], "texture": "#2"}
			}
		},
		{
			"name": "hexadecagon",
			"from": [7.87942, 10.495, 7.3938],
			"to": [8.12058, 11.475, 8.6062],
			"faces": {
				"north": {"uv": [1, 1, 2.5, 2.5], "texture": "#2"},
				"south": {"uv": [1, 1, 2.5, 2.5], "texture": "#2"},
				"up": {"uv": [1, 1, 2.5, 2.5], "texture": "#2"},
				"down": {"uv": [1, 1, 2.5, 2.5], "texture": "#2"}
			}
		},
		{
			"name": "hexadecagon",
			"from": [7.87942, 10.495, 7.3938],
			"to": [8.12058, 11.475, 8.6062],
			"rotation": {"angle": 22.5, "axis": "y", "origin": [8, 11.44, 8]},
			"faces": {
				"north": {"uv": [1, 1, 2.5, 2.5], "texture": "#2"},
				"south": {"uv": [1, 1, 2.5, 2.5], "texture": "#2"},
				"up": {"uv": [1, 1, 2.5, 2.5], "texture": "#2"},
				"down": {"uv": [1, 1, 2.5, 2.5], "texture": "#2"}
			}
		},
		{
			"name": "hexadecagon",
			"from": [7.87942, 10.495, 7.3938],
			"to": [8.12058, 11.475, 8.6062],
			"rotation": {"angle": 45, "axis": "y", "origin": [8, 11.44, 8]},
			"faces": {
				"north": {"uv": [1, 1, 2.5, 2.5], "texture": "#2"},
				"south": {"uv": [1, 1, 2.5, 2.5], "texture": "#2"},
				"up": {"uv": [1, 1, 2.5, 2.5], "texture": "#2"},
				"down": {"uv": [1, 1, 2.5, 2.5], "texture": "#2"}
			}
		},
		{
			"name": "hexadecagon",
			"from": [7.3938, 10.495, 7.87942],
			"to": [8.6062, 11.475, 8.12058],
			"rotation": {"angle": -22.5, "axis": "y", "origin": [8, 11.44, 8]},
			"faces": {
				"east": {"uv": [1, 1, 2.5, 2.5], "texture": "#2"},
				"west": {"uv": [1, 1, 2.5, 2.5], "texture": "#2"},
				"up": {"uv": [1, 1, 2.5, 2.5], "texture": "#2"},
				"down": {"uv": [1, 1, 2.5, 2.5], "texture": "#2"}
			}
		},
		{
			"name": "hexadecagon",
			"from": [7.3938, 10.495, 7.87942],
			"to": [8.6062, 11.475, 8.12058],
			"faces": {
				"east": {"uv": [1, 1, 2.5, 2.5], "texture": "#2"},
				"west": {"uv": [1, 1, 2.5, 2.5], "texture": "#2"},
				"up": {"uv": [1, 1, 2.5, 2.5], "texture": "#2"},
				"down": {"uv": [1, 1, 2.5, 2.5], "texture": "#2"}
			}
		},
		{
			"name": "hexadecagon",
			"from": [7.3938, 10.495, 7.87942],
			"to": [8.6062, 11.475, 8.12058],
			"rotation": {"angle": 22.5, "axis": "y", "origin": [8, 11.44, 8]},
			"faces": {
				"east": {"uv": [1, 1, 2.5, 2.5], "texture": "#2"},
				"west": {"uv": [1, 1, 2.5, 2.5], "texture": "#2"},
				"up": {"uv": [1, 1, 2.5, 2.5], "texture": "#2"},
				"down": {"uv": [1, 1, 2.5, 2.5], "texture": "#2"}
			}
		},
		{
			"name": "hexadecagon",
			"from": [7.87232, 10.635, 7.3581],
			"to": [8.12768, 11.405, 8.6419],
			"rotation": {"angle": -45, "axis": "y", "origin": [8, 11.37, 8]},
			"faces": {
				"north": {"uv": [1, 1, 2.5, 2.5], "texture": "#2"},
				"south": {"uv": [1, 1, 2.5, 2.5], "texture": "#2"},
				"up": {"uv": [1, 1, 2.5, 2.5], "texture": "#2"},
				"down": {"uv": [1, 1, 2.5, 2.5], "texture": "#2"}
			}
		},
		{
			"name": "hexadecagon",
			"from": [7.87232, 10.635, 7.3581],
			"to": [8.12768, 11.405, 8.6419],
			"rotation": {"angle": -22.5, "axis": "y", "origin": [8, 11.37, 8]},
			"faces": {
				"north": {"uv": [1, 1, 2.5, 2.5], "texture": "#2"},
				"south": {"uv": [1, 1, 2.5, 2.5], "texture": "#2"},
				"up": {"uv": [1, 1, 2.5, 2.5], "texture": "#2"},
				"down": {"uv": [1, 1, 2.5, 2.5], "texture": "#2"}
			}
		},
		{
			"name": "hexadecagon",
			"from": [7.87232, 10.635, 7.3581],
			"to": [8.12768, 11.405, 8.6419],
			"faces": {
				"north": {"uv": [1, 1, 2.5, 2.5], "texture": "#2"},
				"south": {"uv": [1, 1, 2.5, 2.5], "texture": "#2"},
				"up": {"uv": [1, 1, 2.5, 2.5], "texture": "#2"},
				"down": {"uv": [1, 1, 2.5, 2.5], "texture": "#2"}
			}
		},
		{
			"name": "hexadecagon",
			"from": [7.87232, 10.635, 7.3581],
			"to": [8.12768, 11.405, 8.6419],
			"rotation": {"angle": 22.5, "axis": "y", "origin": [8, 11.37, 8]},
			"faces": {
				"north": {"uv": [1, 1, 2.5, 2.5], "texture": "#2"},
				"south": {"uv": [1, 1, 2.5, 2.5], "texture": "#2"},
				"up": {"uv": [1, 1, 2.5, 2.5], "texture": "#2"},
				"down": {"uv": [1, 1, 2.5, 2.5], "texture": "#2"}
			}
		},
		{
			"name": "hexadecagon",
			"from": [7.87232, 10.635, 7.3581],
			"to": [8.12768, 11.405, 8.6419],
			"rotation": {"angle": 45, "axis": "y", "origin": [8, 11.37, 8]},
			"faces": {
				"north": {"uv": [1, 1, 2.5, 2.5], "texture": "#2"},
				"south": {"uv": [1, 1, 2.5, 2.5], "texture": "#2"},
				"up": {"uv": [1, 1, 2.5, 2.5], "texture": "#2"},
				"down": {"uv": [1, 1, 2.5, 2.5], "texture": "#2"}
			}
		},
		{
			"name": "hexadecagon",
			"from": [7.3581, 10.635, 7.87232],
			"to": [8.6419, 11.405, 8.12768],
			"rotation": {"angle": -22.5, "axis": "y", "origin": [8, 11.37, 8]},
			"faces": {
				"east": {"uv": [1, 1, 2.5, 2.5], "texture": "#2"},
				"west": {"uv": [1, 1, 2.5, 2.5], "texture": "#2"},
				"up": {"uv": [1, 1, 2.5, 2.5], "texture": "#2"},
				"down": {"uv": [1, 1, 2.5, 2.5], "texture": "#2"}
			}
		},
		{
			"name": "hexadecagon",
			"from": [7.3581, 10.635, 7.87232],
			"to": [8.6419, 11.405, 8.12768],
			"faces": {
				"east": {"uv": [1, 1, 2.5, 2.5], "texture": "#2"},
				"west": {"uv": [1, 1, 2.5, 2.5], "texture": "#2"},
				"up": {"uv": [1, 1, 2.5, 2.5], "texture": "#2"},
				"down": {"uv": [1, 1, 2.5, 2.5], "texture": "#2"}
			}
		},
		{
			"name": "hexadecagon",
			"from": [7.3581, 10.635, 7.87232],
			"to": [8.6419, 11.405, 8.12768],
			"rotation": {"angle": 22.5, "axis": "y", "origin": [8, 11.37, 8]},
			"faces": {
				"east": {"uv": [1, 1, 2.5, 2.5], "texture": "#2"},
				"west": {"uv": [1, 1, 2.5, 2.5], "texture": "#2"},
				"up": {"uv": [1, 1, 2.5, 2.5], "texture": "#2"},
				"down": {"uv": [1, 1, 2.5, 2.5], "texture": "#2"}
			}
		},
		{
			"name": "hexadecagon",
			"from": [7.86717, 10.775, 7.3322],
			"to": [8.13283, 11.335, 8.6678],
			"rotation": {"angle": -45, "axis": "y", "origin": [8, 11.3, 8]},
			"faces": {
				"north": {"uv": [1, 1, 2.5, 2.5], "texture": "#2"},
				"south": {"uv": [1, 1, 2.5, 2.5], "texture": "#2"},
				"up": {"uv": [1, 1, 2.5, 2.5], "texture": "#2"},
				"down": {"uv": [1, 1, 2.5, 2.5], "texture": "#2"}
			}
		},
		{
			"name": "hexadecagon",
			"from": [7.86717, 10.775, 7.3322],
			"to": [8.13283, 11.335, 8.6678],
			"rotation": {"angle": -22.5, "axis": "y", "origin": [8, 11.3, 8]},
			"faces": {
				"north": {"uv": [1, 1, 2.5, 2.5], "texture": "#2"},
				"south": {"uv": [1, 1, 2.5, 2.5], "texture": "#2"},
				"up": {"uv": [1, 1, 2.5, 2.5], "texture": "#2"},
				"down": {"uv": [1, 1, 2.5, 2.5], "texture": "#2"}
			}
		},
		{
			"name": "hexadecagon",
			"from": [7.86717, 10.775, 7.3322],
			"to": [8.13283, 11.335, 8.6678],
			"faces": {
				"north": {"uv": [1, 1, 2.5, 2.5], "texture": "#2"},
				"south": {"uv": [1, 1, 2.5, 2.5], "texture": "#2"},
				"up": {"uv": [1, 1, 2.5, 2.5], "texture": "#2"},
				"down": {"uv": [1, 1, 2.5, 2.5], "texture": "#2"}
			}
		},
		{
			"name": "hexadecagon",
			"from": [7.86717, 10.775, 7.3322],
			"to": [8.13283, 11.335, 8.6678],
			"rotation": {"angle": 22.5, "axis": "y", "origin": [8, 11.3, 8]},
			"faces": {
				"north": {"uv": [1, 1, 2.5, 2.5], "texture": "#2"},
				"south": {"uv": [1, 1, 2.5, 2.5], "texture": "#2"},
				"up": {"uv": [1, 1, 2.5, 2.5], "texture": "#2"},
				"down": {"uv": [1, 1, 2.5, 2.5], "texture": "#2"}
			}
		},
		{
			"name": "hexadecagon",
			"from": [7.86717, 10.775, 7.3322],
			"to": [8.13283, 11.335, 8.6678],
			"rotation": {"angle": 45, "axis": "y", "origin": [8, 11.3, 8]},
			"faces": {
				"north": {"uv": [1, 1, 2.5, 2.5], "texture": "#2"},
				"south": {"uv": [1, 1, 2.5, 2.5], "texture": "#2"},
				"up": {"uv": [1, 1, 2.5, 2.5], "texture": "#2"},
				"down": {"uv": [1, 1, 2.5, 2.5], "texture": "#2"}
			}
		},
		{
			"name": "hexadecagon",
			"from": [7.3322, 10.775, 7.86717],
			"to": [8.6678, 11.335, 8.13283],
			"rotation": {"angle": -22.5, "axis": "y", "origin": [8, 11.3, 8]},
			"faces": {
				"east": {"uv": [1, 1, 2.5, 2.5], "texture": "#2"},
				"west": {"uv": [1, 1, 2.5, 2.5], "texture": "#2"},
				"up": {"uv": [1, 1, 2.5, 2.5], "texture": "#2"},
				"down": {"uv": [1, 1, 2.5, 2.5], "texture": "#2"}
			}
		},
		{
			"name": "hexadecagon",
			"from": [7.3322, 10.775, 7.86717],
			"to": [8.6678, 11.335, 8.13283],
			"faces": {
				"east": {"uv": [1, 1, 2.5, 2.5], "texture": "#2"},
				"west": {"uv": [1, 1, 2.5, 2.5], "texture": "#2"},
				"up": {"uv": [1, 1, 2.5, 2.5], "texture": "#2"},
				"down": {"uv": [1, 1, 2.5, 2.5], "texture": "#2"}
			}
		},
		{
			"name": "hexadecagon",
			"from": [7.3322, 10.775, 7.86717],
			"to": [8.6678, 11.335, 8.13283],
			"rotation": {"angle": 22.5, "axis": "y", "origin": [8, 11.3, 8]},
			"faces": {
				"east": {"uv": [1, 1, 2.5, 2.5], "texture": "#2"},
				"west": {"uv": [1, 1, 2.5, 2.5], "texture": "#2"},
				"up": {"uv": [1, 1, 2.5, 2.5], "texture": "#2"},
				"down": {"uv": [1, 1, 2.5, 2.5], "texture": "#2"}
			}
		},
		{
			"name": "hexadecagon",
			"from": [7.86355, 10.845, 7.314],
			"to": [8.13645, 11.265, 8.686],
			"rotation": {"angle": -45, "axis": "y", "origin": [8, 11.23, 8]},
			"faces": {
				"north": {"uv": [1, 1, 2.5, 2.5], "texture": "#2"},
				"south": {"uv": [1, 1, 2.5, 2.5], "texture": "#2"},
				"up": {"uv": [1, 1, 2.5, 2.5], "texture": "#2"},
				"down": {"uv": [1, 1, 2.5, 2.5], "texture": "#2"}
			}
		},
		{
			"name": "hexadecagon",
			"from": [7.86355, 10.845, 7.314],
			"to": [8.13645, 11.265, 8.686],
			"rotation": {"angle": -22.5, "axis": "y", "origin": [8, 11.23, 8]},
			"faces": {
				"north": {"uv": [1, 1, 2.5, 2.5], "texture": "#2"},
				"south": {"uv": [1, 1, 2.5, 2.5], "texture": "#2"},
				"up": {"uv": [1, 1, 2.5, 2.5], "texture": "#2"},
				"down": {"uv": [1, 1, 2.5, 2.5], "texture": "#2"}
			}
		},
		{
			"name": "hexadecagon",
			"from": [7.86355, 10.845, 7.314],
			"to": [8.13645, 11.265, 8.686],
			"faces": {
				"north": {"uv": [1, 1, 2.5, 2.5], "texture": "#2"},
				"south": {"uv": [1, 1, 2.5, 2.5], "texture": "#2"},
				"up": {"uv": [1, 1, 2.5, 2.5], "texture": "#2"},
				"down": {"uv": [1, 1, 2.5, 2.5], "texture": "#2"}
			}
		},
		{
			"name": "hexadecagon",
			"from": [7.86355, 10.845, 7.314],
			"to": [8.13645, 11.265, 8.686],
			"rotation": {"angle": 22.5, "axis": "y", "origin": [8, 11.23, 8]},
			"faces": {
				"north": {"uv": [1, 1, 2.5, 2.5], "texture": "#2"},
				"south": {"uv": [1, 1, 2.5, 2.5], "texture": "#2"},
				"up": {"uv": [1, 1, 2.5, 2.5], "texture": "#2"},
				"down": {"uv": [1, 1, 2.5, 2.5], "texture": "#2"}
			}
		},
		{
			"name": "hexadecagon",
			"from": [7.86355, 10.845, 7.314],
			"to": [8.13645, 11.265, 8.686],
			"rotation": {"angle": 45, "axis": "y", "origin": [8, 11.23, 8]},
			"faces": {
				"north": {"uv": [1, 1, 2.5, 2.5], "texture": "#2"},
				"south": {"uv": [1, 1, 2.5, 2.5], "texture": "#2"},
				"up": {"uv": [1, 1, 2.5, 2.5], "texture": "#2"},
				"down": {"uv": [1, 1, 2.5, 2.5], "texture": "#2"}
			}
		},
		{
			"name": "hexadecagon",
			"from": [7.314, 10.845, 7.86355],
			"to": [8.686, 11.265, 8.13645],
			"rotation": {"angle": -22.5, "axis": "y", "origin": [8, 11.23, 8]},
			"faces": {
				"east": {"uv": [1, 1, 2.5, 2.5], "texture": "#2"},
				"west": {"uv": [1, 1, 2.5, 2.5], "texture": "#2"},
				"up": {"uv": [1, 1, 2.5, 2.5], "texture": "#2"},
				"down": {"uv": [1, 1, 2.5, 2.5], "texture": "#2"}
			}
		},
		{
			"name": "hexadecagon",
			"from": [7.314, 10.845, 7.86355],
			"to": [8.686, 11.265, 8.13645],
			"faces": {
				"east": {"uv": [1, 1, 2.5, 2.5], "texture": "#2"},
				"west": {"uv": [1, 1, 2.5, 2.5], "texture": "#2"},
				"up": {"uv": [1, 1, 2.5, 2.5], "texture": "#2"},
				"down": {"uv": [1, 1, 2.5, 2.5], "texture": "#2"}
			}
		},
		{
			"name": "hexadecagon",
			"from": [7.314, 10.845, 7.86355],
			"to": [8.686, 11.265, 8.13645],
			"rotation": {"angle": 22.5, "axis": "y", "origin": [8, 11.23, 8]},
			"faces": {
				"east": {"uv": [1, 1, 2.5, 2.5], "texture": "#2"},
				"west": {"uv": [1, 1, 2.5, 2.5], "texture": "#2"},
				"up": {"uv": [1, 1, 2.5, 2.5], "texture": "#2"},
				"down": {"uv": [1, 1, 2.5, 2.5], "texture": "#2"}
			}
		},
		{
			"name": "hexadecagon",
			"from": [7.86146, 10.915, 7.3035],
			"to": [8.13854, 11.195, 8.6965],
			"rotation": {"angle": -45, "axis": "y", "origin": [8, 11.16, 8]},
			"faces": {
				"north": {"uv": [1, 1, 2.5, 2.5], "texture": "#2"},
				"south": {"uv": [1, 1, 2.5, 2.5], "texture": "#2"},
				"up": {"uv": [1, 1, 2.5, 2.5], "texture": "#2"},
				"down": {"uv": [1, 1, 2.5, 2.5], "texture": "#2"}
			}
		},
		{
			"name": "hexadecagon",
			"from": [7.86146, 10.915, 7.3035],
			"to": [8.13854, 11.195, 8.6965],
			"rotation": {"angle": -22.5, "axis": "y", "origin": [8, 11.16, 8]},
			"faces": {
				"north": {"uv": [1, 1, 2.5, 2.5], "texture": "#2"},
				"south": {"uv": [1, 1, 2.5, 2.5], "texture": "#2"},
				"up": {"uv": [1, 1, 2.5, 2.5], "texture": "#2"},
				"down": {"uv": [1, 1, 2.5, 2.5], "texture": "#2"}
			}
		},
		{
			"name": "hexadecagon",
			"from": [7.86146, 10.915, 7.3035],
			"to": [8.13854, 11.195, 8.6965],
			"faces": {
				"north": {"uv": [1, 1, 2.5, 2.5], "texture": "#2"},
				"south": {"uv": [1, 1, 2.5, 2.5], "texture": "#2"},
				"up": {"uv": [1, 1, 2.5, 2.5], "texture": "#2"},
				"down": {"uv": [1, 1, 2.5, 2.5], "texture": "#2"}
			}
		},
		{
			"name": "hexadecagon",
			"from": [7.86146, 10.915, 7.3035],
			"to": [8.13854, 11.195, 8.6965],
			"rotation": {"angle": 22.5, "axis": "y", "origin": [8, 11.16, 8]},
			"faces": {
				"north": {"uv": [1, 1, 2.5, 2.5], "texture": "#2"},
				"south": {"uv": [1, 1, 2.5, 2.5], "texture": "#2"},
				"up": {"uv": [1, 1, 2.5, 2.5], "texture": "#2"},
				"down": {"uv": [1, 1, 2.5, 2.5], "texture": "#2"}
			}
		},
		{
			"name": "hexadecagon",
			"from": [7.86146, 10.915, 7.3035],
			"to": [8.13854, 11.195, 8.6965],
			"rotation": {"angle": 45, "axis": "y", "origin": [8, 11.16, 8]},
			"faces": {
				"north": {"uv": [1, 1, 2.5, 2.5], "texture": "#2"},
				"south": {"uv": [1, 1, 2.5, 2.5], "texture": "#2"},
				"up": {"uv": [1, 1, 2.5, 2.5], "texture": "#2"},
				"down": {"uv": [1, 1, 2.5, 2.5], "texture": "#2"}
			}
		},
		{
			"name": "hexadecagon",
			"from": [7.3035, 10.915, 7.86146],
			"to": [8.6965, 11.195, 8.13854],
			"rotation": {"angle": -22.5, "axis": "y", "origin": [8, 11.16, 8]},
			"faces": {
				"east": {"uv": [1, 1, 2.5, 2.5], "texture": "#2"},
				"west": {"uv": [1, 1, 2.5, 2.5], "texture": "#2"},
				"up": {"uv": [1, 1, 2.5, 2.5], "texture": "#2"},
				"down": {"uv": [1, 1, 2.5, 2.5], "texture": "#2"}
			}
		},
		{
			"name": "hexadecagon",
			"from": [7.3035, 10.915, 7.86146],
			"to": [8.6965, 11.195, 8.13854],
			"faces": {
				"east": {"uv": [1, 1, 2.5, 2.5], "texture": "#2"},
				"west": {"uv": [1, 1, 2.5, 2.5], "texture": "#2"},
				"up": {"uv": [1, 1, 2.5, 2.5], "texture": "#2"},
				"down": {"uv": [1, 1, 2.5, 2.5], "texture": "#2"}
			}
		},
		{
			"name": "hexadecagon",
			"from": [7.3035, 10.915, 7.86146],
			"to": [8.6965, 11.195, 8.13854],
			"rotation": {"angle": 22.5, "axis": "y", "origin": [8, 11.16, 8]},
			"faces": {
				"east": {"uv": [1, 1, 2.5, 2.5], "texture": "#2"},
				"west": {"uv": [1, 1, 2.5, 2.5], "texture": "#2"},
				"up": {"uv": [1, 1, 2.5, 2.5], "texture": "#2"},
				"down": {"uv": [1, 1, 2.5, 2.5], "texture": "#2"}
			}
		},
		{
			"name": "hexadecagon",
			"from": [7.86076, 10.985, 7.3],
			"to": [8.13924, 11.125, 8.7],
			"rotation": {"angle": -45, "axis": "y", "origin": [8, 11.09, 8]},
			"faces": {
				"north": {"uv": [1, 1, 2.5, 2.5], "texture": "#2"},
				"south": {"uv": [1, 1, 2.5, 2.5], "texture": "#2"},
				"up": {"uv": [1, 1, 2.5, 2.5], "texture": "#2"},
				"down": {"uv": [1, 1, 2.5, 2.5], "texture": "#2"}
			}
		},
		{
			"name": "hexadecagon",
			"from": [7.86076, 10.985, 7.3],
			"to": [8.13924, 11.125, 8.7],
			"rotation": {"angle": -22.5, "axis": "y", "origin": [8, 11.09, 8]},
			"faces": {
				"north": {"uv": [1, 1, 2.5, 2.5], "texture": "#2"},
				"south": {"uv": [1, 1, 2.5, 2.5], "texture": "#2"},
				"up": {"uv": [1, 1, 2.5, 2.5], "texture": "#2"},
				"down": {"uv": [1, 1, 2.5, 2.5], "texture": "#2"}
			}
		},
		{
			"name": "hexadecagon",
			"from": [7.86076, 10.985, 7.3],
			"to": [8.13924, 11.125, 8.7],
			"faces": {
				"north": {"uv": [1, 1, 2.5, 2.5], "texture": "#2"},
				"south": {"uv": [1, 1, 2.5, 2.5], "texture": "#2"},
				"up": {"uv": [1, 1, 2.5, 2.5], "texture": "#2"},
				"down": {"uv": [1, 1, 2.5, 2.5], "texture": "#2"}
			}
		},
		{
			"name": "hexadecagon",
			"from": [7.86076, 10.985, 7.3],
			"to": [8.13924, 11.125, 8.7],
			"rotation": {"angle": 22.5, "axis": "y", "origin": [8, 11.09, 8]},
			"faces": {
				"north": {"uv": [1, 1, 2.5, 2.5], "texture": "#2"},
				"south": {"uv": [1, 1, 2.5, 2.5], "texture": "#2"},
				"up": {"uv": [1, 1, 2.5, 2.5], "texture": "#2"},
				"down": {"uv": [1, 1, 2.5, 2.5], "texture": "#2"}
			}
		},
		{
			"name": "hexadecagon",
			"from": [7.86076, 10.985, 7.3],
			"to": [8.13924, 11.125, 8.7],
			"rotation": {"angle": 45, "axis": "y", "origin": [8, 11.09, 8]},
			"faces": {
				"north": {"uv": [1, 1, 2.5, 2.5], "texture": "#2"},
				"south": {"uv": [1, 1, 2.5, 2.5], "texture": "#2"},
				"up": {"uv": [1, 1, 2.5, 2.5], "texture": "#2"},
				"down": {"uv": [1, 1, 2.5, 2.5], "texture": "#2"}
			}
		},
		{
			"name": "hexadecagon",
			"from": [7.3, 10.985, 7.86076],
			"to": [8.7, 11.125, 8.13924],
			"rotation": {"angle": -22.5, "axis": "y", "origin": [8, 11.09, 8]},
			"faces": {
				"east": {"uv": [1, 1, 2.5, 2.5], "texture": "#2"},
				"west": {"uv": [1, 1, 2.5, 2.5], "texture": "#2"},
				"up": {"uv": [1, 1, 2.5, 2.5], "texture": "#2"},
				"down": {"uv": [1, 1, 2.5, 2.5], "texture": "#2"}
			}
		},
		{
			"name": "hexadecagon",
			"from": [7.3, 10.985, 7.86076],
			"to": [8.7, 11.125, 8.13924],
			"faces": {
				"east": {"uv": [1, 1, 2.5, 2.5], "texture": "#2"},
				"west": {"uv": [1, 1, 2.5, 2.5], "texture": "#2"},
				"up": {"uv": [1, 1, 2.5, 2.5], "texture": "#2"},
				"down": {"uv": [1, 1, 2.5, 2.5], "texture": "#2"}
			}
		},
		{
			"name": "hexadecagon",
			"from": [7.3, 10.985, 7.86076],
			"to": [8.7, 11.125, 8.13924],
			"rotation": {"angle": 22.5, "axis": "y", "origin": [8, 11.09, 8]},
			"faces": {
				"east": {"uv": [1, 1, 2.5, 2.5], "texture": "#2"},
				"west": {"uv": [1, 1, 2.5, 2.5], "texture": "#2"},
				"up": {"uv": [1, 1, 2.5, 2.5], "texture": "#2"},
				"down": {"uv": [1, 1, 2.5, 2.5], "texture": "#2"}
			}
		},
		{
			"from": [8.06951, 9, 7.97095],
			"to": [8.51951, 9.15, 8.02905],
			"faces": {
				"north": {"uv": [0, 0, 0.438, 9.875], "texture": "#1"},
				"south": {"uv": [0, 0, 0.5, 0.5], "texture": "#1"},
				"up": {"uv": [0, 0, 0.5, 0.5], "texture": "#1"},
				"down": {"uv": [0, 0, 0.5, 0.5], "texture": "#1"}
			}
		},
		{
			"from": [8.50048, 9.09567, 7.97095],
			"to": [8.75048, 9.24567, 8.02905],
			"rotation": {"angle": 22.5, "axis": "z", "origin": [8.75048, 9.09567, 8.12095]},
			"faces": {
				"north": {"uv": [0, 0, 0.438, 9.875], "rotation": 270, "texture": "#1"},
				"south": {"uv": [0, 0, 0.5, 0.5], "rotation": 90, "texture": "#1"},
				"up": {"uv": [0, 0, 0.5, 0.5], "rotation": 90, "texture": "#1"},
				"down": {"uv": [0, 0, 0.5, 0.5], "rotation": 270, "texture": "#1"}
			}
		},
		{
			"from": [8.75048, 9.09567, 7.97095],
			"to": [9.00048, 9.24567, 8.02905],
			"rotation": {"angle": 45, "axis": "z", "origin": [8.75048, 9.09567, 8.12095]},
			"faces": {
				"north": {"uv": [0, 0, 0.438, 9.875], "rotation": 270, "texture": "#1"},
				"south": {"uv": [0, 0, 0.5, 0.5], "rotation": 90, "texture": "#1"},
				"up": {"uv": [0, 0, 0.5, 0.5], "rotation": 90, "texture": "#1"},
				"down": {"uv": [0, 0, 0.5, 0.5], "rotation": 270, "texture": "#1"}
			}
		},
		{
			"from": [8.68159, 9.29148, 7.97095],
			"to": [8.83159, 9.54148, 8.02905],
			"rotation": {"angle": -22.5, "axis": "z", "origin": [8.83159, 9.04148, 8.12095]},
			"faces": {
				"north": {"uv": [0, 0, 0.438, 9.875], "texture": "#1"},
				"east": {"uv": [0, 0, 0.5, 0.5], "rotation": 180, "texture": "#1"},
				"south": {"uv": [0, 0, 0.5, 0.5], "texture": "#1"},
				"west": {"uv": [0, 0, 0.5, 0.5], "rotation": 180, "texture": "#1"}
			}
		},
		{
			"from": [8.87293, 9.50342, 7.97095],
			"to": [9.02293, 15.50342, 8.02905],
			"faces": {
				"north": {"uv": [0, 0, 0.438, 9.875], "texture": "#1"},
				"east": {"uv": [0, 0, 0.5, 4], "rotation": 180, "texture": "#1"},
				"south": {"uv": [0, 0, 0.5, 4], "texture": "#1"},
				"west": {"uv": [0, 0, 0.5, 4], "rotation": 180, "texture": "#1"}
			}
		},
		{
			"from": [7.48049, 9, 7.97095],
			"to": [7.93049, 9.15, 8.02905],
			"faces": {
				"north": {"uv": [0.438, 0, 0, 12.625], "texture": "#1"},
				"south": {"uv": [0.5, 0, 0, 0.5], "texture": "#1"},
				"up": {"uv": [0.5, 0, 0, 0.5], "texture": "#1"},
				"down": {"uv": [0.5, 0, 0, 0.5], "texture": "#1"}
			}
		},
		{
			"from": [7.24952, 9.09567, 7.97095],
			"to": [7.49952, 9.24567, 8.02905],
			"rotation": {"angle": -22.5, "axis": "z", "origin": [7.24952, 9.09567, 8.12095]},
			"faces": {
				"north": {"uv": [0.438, 0, 0, 12.625], "rotation": 270, "texture": "#1"},
				"south": {"uv": [0, 0.5, 0.5, 0], "rotation": 90, "texture": "#1"},
				"up": {"uv": [0, 0.5, 0.5, 0], "rotation": 90, "texture": "#1"},
				"down": {"uv": [0, 0.5, 0.5, 0], "rotation": 270, "texture": "#1"}
			}
		},
		{
			"from": [6.99952, 9.09567, 7.97095],
			"to": [7.24952, 9.24567, 8.02905],
			"rotation": {"angle": -45, "axis": "z", "origin": [7.24952, 9.09567, 8.12095]},
			"faces": {
				"north": {"uv": [0.438, 0, 0, 12.625], "rotation": 270, "texture": "#1"},
				"south": {"uv": [0, 0.5, 0.5, 0], "rotation": 90, "texture": "#1"},
				"up": {"uv": [0, 0.5, 0.5, 0], "rotation": 90, "texture": "#1"},
				"down": {"uv": [0, 0.5, 0.5, 0], "rotation": 270, "texture": "#1"}
			}
		},
		{
			"from": [7.16841, 9.29148, 7.97095],
			"to": [7.31841, 9.54148, 8.02905],
			"rotation": {"angle": 22.5, "axis": "z", "origin": [7.16841, 9.04148, 8.12095]},
			"faces": {
				"north": {"uv": [0.438, 0, 0, 12.625], "texture": "#1"},
				"east": {"uv": [0.5, 0, 0, 0.5], "rotation": 180, "texture": "#1"},
				"south": {"uv": [0.5, 0, 0, 0.5], "texture": "#1"},
				"west": {"uv": [0.5, 0, 0, 0.5], "rotation": 180, "texture": "#1"}
			}
		},
		{
			"from": [6.97707, 9.50342, 7.97095],
			"to": [7.12707, 15.50342, 8.02905],
			"faces": {
				"north": {"uv": [0.438, 0, 0, 12.625], "texture": "#1"},
				"east": {"uv": [0.5, 0, 0, 4], "rotation": 180, "texture": "#1"},
				"south": {"uv": [0.5, 0, 0, 4], "texture": "#1"},
				"west": {"uv": [0.5, 0, 0, 4], "rotation": 180, "texture": "#1"}
			}
		},
		{
			"from": [7.58049, 3.8, 7.97095],
			"to": [7.63049, 10.05, 8.02905],
			"faces": {
				"north": {"uv": [0.438, 0, 0, 12.625], "texture": "#1"},
				"east": {"uv": [0.5, 0, 0, 0.5], "texture": "#1"},
				"south": {"uv": [0.5, 0, 0, 0.5], "texture": "#1"},
				"west": {"uv": [0.5, 0, 0, 0.5], "texture": "#1"}
			}
		},
		{
			"from": [7.53049, 3.7, 7.92095],
			"to": [7.68049, 3.85, 8.07905],
			"faces": {
				"north": {"uv": [0, 0, 16, 16], "texture": "#6"},
				"east": {"uv": [0, 0, 16, 16], "texture": "#6"},
				"south": {"uv": [0, 0, 16, 16], "texture": "#6"},
				"west": {"uv": [0, 0, 16, 16], "texture": "#6"},
				"up": {"uv": [0, 0, 16, 16], "texture": "#6"},
				"down": {"uv": [0, 0, 16, 16], "texture": "#6"}
			}
		},
		{
			"from": [7.51098, 8.50568, 5.54153],
			"to": [8.48902, 15.36568, 6.03055],
			"faces": {
				"north": {"uv": [0, 0, 1, 1], "texture": "#4"},
				"south": {"uv": [0, 0, 1, 1], "texture": "#4"}
			}
		},
		{
			"from": [9.39261, 8.50568, 6.11837],
			"to": [9.88163, 15.36568, 7.09641],
			"rotation": {"angle": 45, "axis": "y", "origin": [9.39261, 9.48372, 6.60739]},
			"faces": {
				"east": {"uv": [0, 0, 1, 1], "texture": "#4"},
				"west": {"uv": [0, 0, 1, 1], "texture": "#4"}
			}
		},
		{
			"from": [9.25811, 8.50568, 6.86898],
			"to": [9.74713, 15.36568, 7.84702],
			"rotation": {"angle": 22.5, "axis": "y", "origin": [9.25811, 9.48372, 5.89094]},
			"faces": {
				"east": {"uv": [0, 0, 1, 1], "texture": "#4"},
				"west": {"uv": [0, 0, 1, 1], "texture": "#4"}
			}
		},
		{
			"from": [9.96945, 8.50568, 7.51098],
			"to": [10.45847, 15.36568, 8.48902],
			"faces": {
				"east": {"uv": [0, 0, 1, 1], "texture": "#4"},
				"west": {"uv": [0, 0, 1, 1], "texture": "#4"}
			}
		},
		{
			"from": [8.15298, 8.50568, 6.25287],
			"to": [9.13102, 15.36568, 6.74189],
			"rotation": {"angle": -22.5, "axis": "y", "origin": [10.10906, 9.48372, 6.74189]},
			"faces": {
				"north": {"uv": [0, 0, 1, 1], "texture": "#4"},
				"south": {"uv": [0, 0, 1, 1], "texture": "#4"}
			}
		},
		{
			"from": [7.51098, 8.50568, 9.96945],
			"to": [8.48902, 15.36568, 10.45847],
			"faces": {
				"north": {"uv": [0, 0, 1, 1], "texture": "#4"},
				"south": {"uv": [0, 0, 1, 1], "texture": "#4"}
			}
		},
		{
			"from": [8.15298, 8.50568, 9.25811],
			"to": [9.13102, 15.36568, 9.74713],
			"rotation": {"angle": 22.5, "axis": "y", "origin": [10.10906, 9.48372, 9.25811]},
			"faces": {
				"north": {"uv": [0, 0, 1, 1], "texture": "#4"},
				"south": {"uv": [0, 0, 1, 1], "texture": "#4"}
			}
		},
		{
			"from": [9.39261, 8.50568, 8.90359],
			"to": [9.88163, 15.36568, 9.88163],
			"rotation": {"angle": -45, "axis": "y", "origin": [9.39261, 9.48372, 9.39261]},
			"faces": {
				"east": {"uv": [0, 0, 1, 1], "texture": "#4"},
				"west": {"uv": [0, 0, 1, 1], "texture": "#4"}
			}
		},
		{
			"from": [9.25811, 8.50568, 8.15298],
			"to": [9.74713, 15.36568, 9.13102],
			"rotation": {"angle": -22.5, "axis": "y", "origin": [9.25811, 9.48372, 10.10906]},
			"faces": {
				"east": {"uv": [0, 0, 1, 1], "texture": "#4"},
				"west": {"uv": [0, 0, 1, 1], "texture": "#4"}
			}
		},
		{
			"from": [6.86898, 8.50568, 9.25811],
			"to": [7.84702, 15.36568, 9.74713],
			"rotation": {"angle": -22.5, "axis": "y", "origin": [5.89094, 9.48372, 9.25811]},
			"faces": {
				"north": {"uv": [0, 0, 1, 1], "texture": "#4"},
				"south": {"uv": [0, 0, 1, 1], "texture": "#4"}
			}
		},
		{
			"from": [6.11837, 8.50568, 8.90359],
			"to": [6.60739, 15.36568, 9.88163],
			"rotation": {"angle": 45, "axis": "y", "origin": [6.60739, 9.48372, 9.39261]},
			"faces": {
				"east": {"uv": [0, 0, 1, 1], "texture": "#4"},
				"west": {"uv": [0, 0, 1, 1], "texture": "#4"}
			}
		},
		{
			"from": [6.25287, 8.50568, 8.15298],
			"to": [6.74189, 15.36568, 9.13102],
			"rotation": {"angle": 22.5, "axis": "y", "origin": [6.74189, 9.48372, 10.10906]},
			"faces": {
				"east": {"uv": [0, 0, 1, 1], "texture": "#4"},
				"west": {"uv": [0, 0, 1, 1], "texture": "#4"}
			}
		},
		{
			"from": [5.54153, 8.50568, 7.51098],
			"to": [6.03055, 15.36568, 8.48902],
			"faces": {
				"east": {"uv": [0, 0, 1, 1], "texture": "#4"},
				"west": {"uv": [0, 0, 1, 1], "texture": "#4"}
			}
		},
		{
			"from": [6.25287, 8.50568, 6.86898],
			"to": [6.74189, 15.36568, 7.84702],
			"rotation": {"angle": -22.5, "axis": "y", "origin": [6.74189, 9.48372, 5.89094]},
			"faces": {
				"east": {"uv": [0, 0, 1, 1], "texture": "#4"},
				"west": {"uv": [0, 0, 1, 1], "texture": "#4"}
			}
		},
		{
			"from": [6.11837, 8.50568, 6.11837],
			"to": [6.60739, 15.36568, 7.09641],
			"rotation": {"angle": -45, "axis": "y", "origin": [6.60739, 9.48372, 6.60739]},
			"faces": {
				"east": {"uv": [0, 0, 1, 1], "texture": "#4"},
				"west": {"uv": [0, 0, 1, 1], "texture": "#4"}
			}
		},
		{
			"from": [6.86898, 8.50568, 6.25287],
			"to": [7.84702, 15.36568, 6.74189],
			"rotation": {"angle": 22.5, "axis": "y", "origin": [5.89094, 9.48372, 6.74189]},
			"faces": {
				"north": {"uv": [0, 0, 1, 1], "texture": "#4"},
				"south": {"uv": [0, 0, 1, 1], "texture": "#4"}
			}
		},
		{
			"from": [7.51098, 7.52568, 5.54153],
			"to": [8.48902, 8.50568, 6.03055],
			"faces": {
				"north": {"uv": [0, 0, 1, 1], "texture": "#5"},
				"south": {"uv": [0, 0, 1, 1], "texture": "#5"}
			}
		},
		{
			"from": [9.39261, 7.52568, 6.11837],
			"to": [9.88163, 8.50568, 7.09641],
			"rotation": {"angle": 45, "axis": "y", "origin": [9.39261, 8.50372, 6.60739]},
			"faces": {
				"east": {"uv": [0, 0, 1, 1], "texture": "#5"},
				"west": {"uv": [0, 0, 1, 1], "texture": "#5"}
			}
		},
		{
			"from": [9.25811, 7.52568, 6.86898],
			"to": [9.74713, 8.50568, 7.84702],
			"rotation": {"angle": 22.5, "axis": "y", "origin": [9.25811, 8.50372, 5.89094]},
			"faces": {
				"east": {"uv": [0, 0, 1, 1], "texture": "#5"},
				"west": {"uv": [0, 0, 1, 1], "texture": "#5"}
			}
		},
		{
			"from": [9.96945, 7.52568, 7.51098],
			"to": [10.45847, 8.50568, 8.48902],
			"faces": {
				"east": {"uv": [0, 0, 1, 1], "texture": "#5"},
				"west": {"uv": [0, 0, 1, 1], "texture": "#5"}
			}
		},
		{
			"from": [8.15298, 7.52568, 6.25287],
			"to": [9.13102, 8.50568, 6.74189],
			"rotation": {"angle": -22.5, "axis": "y", "origin": [10.10906, 8.50372, 6.74189]},
			"faces": {
				"north": {"uv": [0, 0, 1, 1], "texture": "#5"},
				"south": {"uv": [0, 0, 1, 1], "texture": "#5"}
			}
		},
		{
			"from": [7.51098, 7.52568, 9.96945],
			"to": [8.48902, 8.50568, 10.45847],
			"faces": {
				"north": {"uv": [0, 0, 1, 1], "texture": "#5"},
				"south": {"uv": [0, 0, 1, 1], "texture": "#5"}
			}
		},
		{
			"from": [8.15298, 7.52568, 9.25811],
			"to": [9.13102, 8.50568, 9.74713],
			"rotation": {"angle": 22.5, "axis": "y", "origin": [10.10906, 8.50372, 9.25811]},
			"faces": {
				"north": {"uv": [0, 0, 1, 1], "texture": "#5"},
				"south": {"uv": [0, 0, 1, 1], "texture": "#5"}
			}
		},
		{
			"from": [9.39261, 7.52568, 8.90359],
			"to": [9.88163, 8.50568, 9.88163],
			"rotation": {"angle": -45, "axis": "y", "origin": [9.39261, 8.50372, 9.39261]},
			"faces": {
				"east": {"uv": [0, 0, 1, 1], "texture": "#5"},
				"west": {"uv": [0, 0, 1, 1], "texture": "#5"}
			}
		},
		{
			"from": [9.25811, 7.52568, 8.15298],
			"to": [9.74713, 8.50568, 9.13102],
			"rotation": {"angle": -22.5, "axis": "y", "origin": [9.25811, 8.50372, 10.10906]},
			"faces": {
				"east": {"uv": [0, 0, 1, 1], "texture": "#5"},
				"west": {"uv": [0, 0, 1, 1], "texture": "#5"}
			}
		},
		{
			"from": [6.86898, 7.52568, 9.25811],
			"to": [7.84702, 8.50568, 9.74713],
			"rotation": {"angle": -22.5, "axis": "y", "origin": [5.89094, 8.50372, 9.25811]},
			"faces": {
				"north": {"uv": [0, 0, 1, 1], "texture": "#5"},
				"south": {"uv": [0, 0, 1, 1], "texture": "#5"}
			}
		},
		{
			"from": [6.11837, 7.52568, 8.90359],
			"to": [6.60739, 8.50568, 9.88163],
			"rotation": {"angle": 45, "axis": "y", "origin": [6.60739, 8.50372, 9.39261]},
			"faces": {
				"east": {"uv": [0, 0, 1, 1], "texture": "#5"},
				"west": {"uv": [0, 0, 1, 1], "texture": "#5"}
			}
		},
		{
			"from": [6.25287, 7.52568, 8.15298],
			"to": [6.74189, 8.50568, 9.13102],
			"rotation": {"angle": 22.5, "axis": "y", "origin": [6.74189, 8.50372, 10.10906]},
			"faces": {
				"east": {"uv": [0, 0, 1, 1], "texture": "#5"},
				"west": {"uv": [0, 0, 1, 1], "texture": "#5"}
			}
		},
		{
			"from": [5.54153, 7.52568, 7.51098],
			"to": [6.03055, 8.50568, 8.48902],
			"faces": {
				"east": {"uv": [0, 0, 1, 1], "texture": "#5"},
				"west": {"uv": [0, 0, 1, 1], "texture": "#5"}
			}
		},
		{
			"from": [6.25287, 7.52568, 6.86898],
			"to": [6.74189, 8.50568, 7.84702],
			"rotation": {"angle": -22.5, "axis": "y", "origin": [6.74189, 8.50372, 5.89094]},
			"faces": {
				"east": {"uv": [0, 0, 1, 1], "texture": "#5"},
				"west": {"uv": [0, 0, 1, 1], "texture": "#5"}
			}
		},
		{
			"from": [6.11837, 7.52568, 6.11837],
			"to": [6.60739, 8.50568, 7.09641],
			"rotation": {"angle": -45, "axis": "y", "origin": [6.60739, 8.50372, 6.60739]},
			"faces": {
				"east": {"uv": [0, 0, 1, 1], "texture": "#5"},
				"west": {"uv": [0, 0, 1, 1], "texture": "#5"}
			}
		},
		{
			"from": [6.86898, 7.52568, 6.25287],
			"to": [7.84702, 8.50568, 6.74189],
			"rotation": {"angle": 22.5, "axis": "y", "origin": [5.89094, 8.50372, 6.74189]},
			"faces": {
				"north": {"uv": [0, 0, 1, 1], "texture": "#5"},
				"south": {"uv": [0, 0, 1, 1], "texture": "#5"}
			}
		},
		{
			"from": [7.51098, 7.32968, 5.54153],
			"to": [8.48902, 7.52568, 6.03055],
			"faces": {
				"north": {"uv": [0, 0, 1, 5.5], "texture": "#3"},
				"south": {"uv": [0, 0, 1, 5.5], "texture": "#3"},
				"down": {"uv": [0, 0, 1, 0.5], "texture": "#3"}
			}
		},
		{
			"from": [9.39261, 7.32968, 6.11837],
			"to": [9.88163, 7.52568, 7.09641],
			"rotation": {"angle": 45, "axis": "y", "origin": [9.39261, 8.30772, 6.60739]},
			"faces": {
				"east": {"uv": [0, 0, 1, 5.5], "texture": "#3"},
				"west": {"uv": [0, 0, 1, 5.5], "texture": "#3"},
				"down": {"uv": [0, 0, 1, 0.5], "rotation": 270, "texture": "#3"}
			}
		},
		{
			"from": [9.25811, 7.32968, 6.86898],
			"to": [9.74713, 7.52568, 7.84702],
			"rotation": {"angle": 22.5, "axis": "y", "origin": [9.25811, 8.30772, 5.89094]},
			"faces": {
				"east": {"uv": [0, 0, 1, 5.5], "texture": "#3"},
				"west": {"uv": [0, 0, 1, 5.5], "texture": "#3"},
				"down": {"uv": [0, 0, 1, 0.5], "rotation": 270, "texture": "#3"}
			}
		},
		{
			"from": [9.96945, 7.32968, 7.51098],
			"to": [10.45847, 7.52568, 8.48902],
			"faces": {
				"east": {"uv": [0, 0, 1, 5.5], "texture": "#3"},
				"west": {"uv": [0, 0, 1, 5.5], "texture": "#3"},
				"down": {"uv": [0, 0, 1, 0.5], "rotation": 270, "texture": "#3"}
			}
		},
		{
			"from": [8.15298, 7.32968, 6.25287],
			"to": [9.13102, 7.52568, 6.74189],
			"rotation": {"angle": -22.5, "axis": "y", "origin": [10.10906, 8.30772, 6.74189]},
			"faces": {
				"north": {"uv": [0, 0, 1, 5.5], "texture": "#3"},
				"south": {"uv": [0, 0, 1, 5.5], "texture": "#3"},
				"down": {"uv": [0, 0, 1, 0.5], "texture": "#3"}
			}
		},
		{
			"from": [7.51098, 7.32968, 9.96945],
			"to": [8.48902, 7.52568, 10.45847],
			"faces": {
				"north": {"uv": [1, 0, 2, 5.5], "texture": "#3"},
				"south": {"uv": [1, 0, 2, 5.5], "texture": "#3"},
				"down": {"uv": [0, 0.5, 1, 1], "texture": "#3"}
			}
		},
		{
			"from": [8.15298, 7.32968, 9.25811],
			"to": [9.13102, 7.52568, 9.74713],
			"rotation": {"angle": 22.5, "axis": "y", "origin": [10.10906, 8.30772, 9.25811]},
			"faces": {
				"north": {"uv": [1, 0, 2, 5.5], "texture": "#3"},
				"south": {"uv": [1, 0, 2, 5.5], "texture": "#3"},
				"down": {"uv": [0, 0.5, 1, 1], "texture": "#3"}
			}
		},
		{
			"from": [9.39261, 7.32968, 8.90359],
			"to": [9.88163, 7.52568, 9.88163],
			"rotation": {"angle": -45, "axis": "y", "origin": [9.39261, 8.30772, 9.39261]},
			"faces": {
				"east": {"uv": [1, 0, 2, 5.5], "texture": "#3"},
				"west": {"uv": [1, 0, 2, 5.5], "texture": "#3"},
				"down": {"uv": [1, 0, 2, 0.5], "rotation": 270, "texture": "#3"}
			}
		},
		{
			"from": [9.25811, 7.32968, 8.15298],
			"to": [9.74713, 7.52568, 9.13102],
			"rotation": {"angle": -22.5, "axis": "y", "origin": [9.25811, 8.30772, 10.10906]},
			"faces": {
				"east": {"uv": [1, 0, 2, 5.5], "texture": "#3"},
				"west": {"uv": [1, 0, 2, 5.5], "texture": "#3"},
				"down": {"uv": [1, 0, 2, 0.5], "rotation": 270, "texture": "#3"}
			}
		},
		{
			"from": [6.86898, 7.32968, 9.25811],
			"to": [7.84702, 7.52568, 9.74713],
			"rotation": {"angle": -22.5, "axis": "y", "origin": [5.89094, 8.30772, 9.25811]},
			"faces": {
				"north": {"uv": [0, 0, 1, 5.5], "texture": "#3"},
				"south": {"uv": [0, 0, 1, 5.5], "texture": "#3"},
				"down": {"uv": [1, 0.5, 2, 1], "texture": "#3"}
			}
		},
		{
			"from": [6.11837, 7.32968, 8.90359],
			"to": [6.60739, 7.52568, 9.88163],
			"rotation": {"angle": 45, "axis": "y", "origin": [6.60739, 8.30772, 9.39261]},
			"faces": {
				"east": {"uv": [0, 0, 1, 5.5], "texture": "#3"},
				"west": {"uv": [0, 0, 1, 5.5], "texture": "#3"},
				"down": {"uv": [1, 0.5, 2, 1], "rotation": 270, "texture": "#3"}
			}
		},
		{
			"from": [6.25287, 7.32968, 8.15298],
			"to": [6.74189, 7.52568, 9.13102],
			"rotation": {"angle": 22.5, "axis": "y", "origin": [6.74189, 8.30772, 10.10906]},
			"faces": {
				"east": {"uv": [0, 0, 1, 5.5], "texture": "#3"},
				"west": {"uv": [0, 0, 1, 5.5], "texture": "#3"},
				"down": {"uv": [1, 0.5, 2, 1], "rotation": 270, "texture": "#3"}
			}
		},
		{
			"from": [5.54153, 7.32968, 7.51098],
			"to": [6.03055, 7.52568, 8.48902],
			"faces": {
				"east": {"uv": [1, 0, 2, 5.5], "texture": "#3"},
				"west": {"uv": [1, 0, 2, 5.5], "texture": "#3"},
				"down": {"uv": [0, 0.5, 1, 1], "rotation": 270, "texture": "#3"}
			}
		},
		{
			"from": [6.25287, 7.32968, 6.86898],
			"to": [6.74189, 7.52568, 7.84702],
			"rotation": {"angle": -22.5, "axis": "y", "origin": [6.74189, 8.30772, 5.89094]},
			"faces": {
				"east": {"uv": [1, 0, 2, 5.5], "texture": "#3"},
				"west": {"uv": [1, 0, 2, 5.5], "texture": "#3"},
				"down": {"uv": [0, 0.5, 1, 1], "rotation": 270, "texture": "#3"}
			}
		},
		{
			"from": [6.11837, 7.32968, 6.11837],
			"to": [6.60739, 7.52568, 7.09641],
			"rotation": {"angle": -45, "axis": "y", "origin": [6.60739, 8.30772, 6.60739]},
			"faces": {
				"east": {"uv": [1, 0, 2, 5.5], "texture": "#3"},
				"west": {"uv": [1, 0, 2, 5.5], "texture": "#3"},
				"down": {"uv": [0, 0.5, 1, 1], "rotation": 270, "texture": "#3"}
			}
		},
		{
			"from": [6.86898, 7.32968, 6.25287],
			"to": [7.84702, 7.52568, 6.74189],
			"rotation": {"angle": 22.5, "axis": "y", "origin": [5.89094, 8.30772, 6.74189]},
			"faces": {
				"north": {"uv": [1, 0, 2, 5.5], "texture": "#3"},
				"south": {"uv": [1, 0, 2, 5.5], "texture": "#3"},
				"down": {"uv": [1, 0, 2, 0.5], "texture": "#3"}
			}
		},
		{
			"from": [7.51098, 15.36568, 5.54153],
			"to": [8.48902, 15.56168, 6.03055],
			"faces": {
				"north": {"uv": [0, 0, 1, 5.5], "texture": "#3"},
				"south": {"uv": [0, 0, 1, 5.5], "texture": "#3"},
				"up": {"uv": [0, 0, 1, 0.5], "texture": "#3"}
			}
		},
		{
			"from": [9.39261, 15.36568, 6.11837],
			"to": [9.88163, 15.56168, 7.09641],
			"rotation": {"angle": 45, "axis": "y", "origin": [9.39261, 16.34372, 6.60739]},
			"faces": {
				"east": {"uv": [0, 0, 1, 5.5], "texture": "#3"},
				"west": {"uv": [0, 0, 1, 5.5], "texture": "#3"},
				"up": {"uv": [0, 0, 1, 0.5], "rotation": 90, "texture": "#3"}
			}
		},
		{
			"from": [9.25811, 15.36568, 6.86898],
			"to": [9.74713, 15.56168, 7.84702],
			"rotation": {"angle": 22.5, "axis": "y", "origin": [9.25811, 16.34372, 5.89094]},
			"faces": {
				"east": {"uv": [0, 0, 1, 5.5], "texture": "#3"},
				"west": {"uv": [0, 0, 1, 5.5], "texture": "#3"},
				"up": {"uv": [0, 0, 1, 0.5], "rotation": 90, "texture": "#3"}
			}
		},
		{
			"from": [9.96945, 15.36568, 7.51098],
			"to": [10.45847, 15.56168, 8.48902],
			"faces": {
				"east": {"uv": [0, 0, 1, 5.5], "texture": "#3"},
				"west": {"uv": [0, 0, 1, 5.5], "texture": "#3"},
				"up": {"uv": [0, 0, 1, 0.5], "rotation": 90, "texture": "#3"}
			}
		},
		{
			"from": [8.15298, 15.36568, 6.25287],
			"to": [9.13102, 15.56168, 6.74189],
			"rotation": {"angle": -22.5, "axis": "y", "origin": [10.10906, 16.34372, 6.74189]},
			"faces": {
				"north": {"uv": [0, 0, 1, 5.5], "texture": "#3"},
				"south": {"uv": [0, 0, 1, 5.5], "texture": "#3"},
				"up": {"uv": [0, 0, 1, 0.5], "texture": "#3"}
			}
		},
		{
			"from": [7.51098, 15.36568, 9.96945],
			"to": [8.48902, 15.56168, 10.45847],
			"faces": {
				"north": {"uv": [1, 0, 2, 5.5], "texture": "#3"},
				"south": {"uv": [1, 0, 2, 5.5], "texture": "#3"},
				"up": {"uv": [0, 0.5, 1, 1], "texture": "#3"}
			}
		},
		{
			"from": [8.15298, 15.36568, 9.25811],
			"to": [9.13102, 15.56168, 9.74713],
			"rotation": {"angle": 22.5, "axis": "y", "origin": [10.10906, 16.34372, 9.25811]},
			"faces": {
				"north": {"uv": [1, 0, 2, 5.5], "texture": "#3"},
				"south": {"uv": [1, 0, 2, 5.5], "texture": "#3"},
				"up": {"uv": [0, 0.5, 1, 1], "texture": "#3"}
			}
		},
		{
			"from": [9.39261, 15.36568, 8.90359],
			"to": [9.88163, 15.56168, 9.88163],
			"rotation": {"angle": -45, "axis": "y", "origin": [9.39261, 16.34372, 9.39261]},
			"faces": {
				"east": {"uv": [1, 0, 2, 5.5], "texture": "#3"},
				"west": {"uv": [1, 0, 2, 5.5], "texture": "#3"},
				"up": {"uv": [1, 0, 2, 0.5], "rotation": 90, "texture": "#3"}
			}
		},
		{
			"from": [9.25811, 15.36568, 8.15298],
			"to": [9.74713, 15.56168, 9.13102],
			"rotation": {"angle": -22.5, "axis": "y", "origin": [9.25811, 16.34372, 10.10906]},
			"faces": {
				"east": {"uv": [1, 0, 2, 5.5], "texture": "#3"},
				"west": {"uv": [1, 0, 2, 5.5], "texture": "#3"},
				"up": {"uv": [1, 0, 2, 0.5], "rotation": 90, "texture": "#3"}
			}
		},
		{
			"from": [6.86898, 15.36568, 9.25811],
			"to": [7.84702, 15.56168, 9.74713],
			"rotation": {"angle": -22.5, "axis": "y", "origin": [5.89094, 16.34372, 9.25811]},
			"faces": {
				"north": {"uv": [0, 0, 1, 5.5], "texture": "#3"},
				"south": {"uv": [0, 0, 1, 5.5], "texture": "#3"},
				"up": {"uv": [1, 0.5, 2, 1], "texture": "#3"}
			}
		},
		{
			"from": [6.11837, 15.36568, 8.90359],
			"to": [6.60739, 15.56168, 9.88163],
			"rotation": {"angle": 45, "axis": "y", "origin": [6.60739, 16.34372, 9.39261]},
			"faces": {
				"east": {"uv": [0, 0, 1, 5.5], "texture": "#3"},
				"west": {"uv": [0, 0, 1, 5.5], "texture": "#3"},
				"up": {"uv": [1, 0.5, 2, 1], "rotation": 90, "texture": "#3"}
			}
		},
		{
			"from": [6.25287, 15.36568, 8.15298],
			"to": [6.74189, 15.56168, 9.13102],
			"rotation": {"angle": 22.5, "axis": "y", "origin": [6.74189, 16.34372, 10.10906]},
			"faces": {
				"east": {"uv": [0, 0, 1, 5.5], "texture": "#3"},
				"west": {"uv": [0, 0, 1, 5.5], "texture": "#3"},
				"up": {"uv": [1, 0.5, 2, 1], "rotation": 90, "texture": "#3"}
			}
		},
		{
			"from": [5.54153, 15.36568, 7.51098],
			"to": [6.03055, 15.56168, 8.48902],
			"faces": {
				"east": {"uv": [1, 0, 2, 5.5], "texture": "#3"},
				"west": {"uv": [1, 0, 2, 5.5], "texture": "#3"},
				"up": {"uv": [0, 0.5, 1, 1], "rotation": 90, "texture": "#3"}
			}
		},
		{
			"from": [6.25287, 15.36568, 6.86898],
			"to": [6.74189, 15.56168, 7.84702],
			"rotation": {"angle": -22.5, "axis": "y", "origin": [6.74189, 16.34372, 5.89094]},
			"faces": {
				"east": {"uv": [1, 0, 2, 5.5], "texture": "#3"},
				"west": {"uv": [1, 0, 2, 5.5], "texture": "#3"},
				"up": {"uv": [0, 0.5, 1, 1], "rotation": 90, "texture": "#3"}
			}
		},
		{
			"from": [6.11837, 15.36568, 6.11837],
			"to": [6.60739, 15.56168, 7.09641],
			"rotation": {"angle": -45, "axis": "y", "origin": [6.60739, 16.34372, 6.60739]},
			"faces": {
				"east": {"uv": [1, 0, 2, 5.5], "texture": "#3"},
				"west": {"uv": [1, 0, 2, 5.5], "texture": "#3"},
				"up": {"uv": [0, 0.5, 1, 1], "rotation": 90, "texture": "#3"}
			}
		},
		{
			"from": [6.86898, 15.36568, 6.25287],
			"to": [7.84702, 15.56168, 6.74189],
			"rotation": {"angle": 22.5, "axis": "y", "origin": [5.89094, 16.34372, 6.74189]},
			"faces": {
				"north": {"uv": [1, 0, 2, 5.5], "texture": "#3"},
				"south": {"uv": [1, 0, 2, 5.5], "texture": "#3"},
				"up": {"uv": [1, 0, 2, 0.5], "texture": "#3"}
			}
		},
		{
			"from": [7.5, 3.5, 5.48633],
			"to": [8.5, 19.5, 5.48633],
			"faces": {
				"north": {"uv": [8, 0, 9, 16], "texture": "#0"}
			}
		},
		{
			"from": [9.92388, 3.5, 6.07612],
			"to": [9.92388, 19.5, 7.07612],
			"rotation": {"angle": 45, "axis": "y", "origin": [9.42388, 4.5, 6.57612]},
			"faces": {
				"east": {"uv": [6, 0, 7, 16], "texture": "#0"}
			}
		},
		{
			"from": [9.78636, 3.5, 6.84358],
			"to": [9.78636, 19.5, 7.84358],
			"rotation": {"angle": 22.5, "axis": "y", "origin": [9.28636, 4.5, 5.84358]},
			"faces": {
				"east": {"uv": [5, 0, 6, 16], "texture": "#0"}
			}
		},
		{
			"from": [10.51367, 3.5, 7.5],
			"to": [10.51367, 19.5, 8.5],
			"faces": {
				"east": {"uv": [4, 0, 5, 16], "texture": "#0"}
			}
		},
		{
			"from": [8.15642, 3.5, 6.21364],
			"to": [9.15642, 19.5, 6.21364],
			"rotation": {"angle": -22.5, "axis": "y", "origin": [10.15642, 4.5, 6.71364]},
			"faces": {
				"north": {"uv": [7, 0, 8, 16], "texture": "#0"}
			}
		},
		{
			"from": [7.5, 3.5, 10.51367],
			"to": [8.5, 19.5, 10.51367],
			"faces": {
				"south": {"uv": [0, 0, 1, 16], "texture": "#0"}
			}
		},
		{
			"from": [8.15642, 3.5, 9.78636],
			"to": [9.15642, 19.5, 9.78636],
			"rotation": {"angle": 22.5, "axis": "y", "origin": [10.15642, 4.5, 9.28636]},
			"faces": {
				"south": {"uv": [1, 0, 2, 16], "texture": "#0"}
			}
		},
		{
			"from": [9.92388, 3.5, 8.92388],
			"to": [9.92388, 19.5, 9.92388],
			"rotation": {"angle": -45, "axis": "y", "origin": [9.42388, 4.5, 9.42388]},
			"faces": {
				"east": {"uv": [2, 0, 3, 16], "texture": "#0"}
			}
		},
		{
			"from": [9.78636, 3.5, 8.15642],
			"to": [9.78636, 19.5, 9.15642],
			"rotation": {"angle": -22.5, "axis": "y", "origin": [9.28636, 4.5, 10.15642]},
			"faces": {
				"east": {"uv": [3, 0, 4, 16], "texture": "#0"}
			}
		},
		{
			"from": [6.84358, 3.5, 9.78636],
			"to": [7.84358, 19.5, 9.78636],
			"rotation": {"angle": -22.5, "axis": "y", "origin": [5.84358, 4.5, 9.28636]},
			"faces": {
				"south": {"uv": [15, 0, 16, 16], "texture": "#0"}
			}
		},
		{
			"from": [6.07612, 3.5, 8.92388],
			"to": [6.07612, 19.5, 9.92388],
			"rotation": {"angle": 45, "axis": "y", "origin": [6.57612, 4.5, 9.42388]},
			"faces": {
				"west": {"uv": [14, 0, 15, 16], "texture": "#0"}
			}
		},
		{
			"from": [6.21364, 3.5, 8.15642],
			"to": [6.21364, 19.5, 9.15642],
			"rotation": {"angle": 22.5, "axis": "y", "origin": [6.71364, 4.5, 10.15642]},
			"faces": {
				"west": {"uv": [13, 0, 14, 16], "texture": "#0"}
			}
		},
		{
			"from": [5.48633, 3.5, 7.5],
			"to": [5.48633, 19.5, 8.5],
			"faces": {
				"west": {"uv": [12, 0, 13, 16], "texture": "#0"}
			}
		},
		{
			"from": [6.21364, 3.5, 6.84358],
			"to": [6.21364, 19.5, 7.84358],
			"rotation": {"angle": -22.5, "axis": "y", "origin": [6.71364, 4.5, 5.84358]},
			"faces": {
				"west": {"uv": [11, 0, 12, 16], "texture": "#0"}
			}
		},
		{
			"from": [6.07612, 3.5, 6.07612],
			"to": [6.07612, 19.5, 7.07612],
			"rotation": {"angle": -45, "axis": "y", "origin": [6.57612, 4.5, 6.57612]},
			"faces": {
				"west": {"uv": [10, 0, 11, 16], "texture": "#0"}
			}
		},
		{
			"from": [6.84358, 3.5, 6.21364],
			"to": [7.84358, 19.5, 6.21364],
			"rotation": {"angle": 22.5, "axis": "y", "origin": [5.84358, 4.5, 6.71364]},
			"faces": {
				"north": {"uv": [9, 0, 10, 16], "texture": "#0"}
			}
		}
	],
	"display": {
		"thirdperson_righthand": {
			"translation": [0, 1.75, 0]
		},
		"thirdperson_lefthand": {
			"translation": [0, 1.75, 0]
		},
		"firstperson_righthand": {
			"translation": [6.25, 5.5, 0]
		},
		"firstperson_lefthand": {
			"translation": [6.25, 5.5, 0]
		},
		"ground": {
			"translation": [0, 12.5, 0],
			"scale": [2, 2, 2]
		},
		"gui": {
			"rotation": [0, 180, 0],
			"translation": [0, 0.25, 0],
			"scale": [1.03, 1.03, 1.03]
		},
		"head": {
			"translation": [0, -27.25, 0],
			"scale": [2, 2, 2]
		},
		"fixed": {
			"translation": [0, 0, -5.75],
			"scale": [2.03, 2.03, 2.03]
		}
	},
	"groups": [
		{
			"name": "supports1",
			"children": [0, 1, 2, 3, 4, 5, 6, 7]
		},
		{
			"name": "stand",
			"children": [8, 9, 10, 11, 12, 13, 14, 15]
		},
		{
			"name": "pole",
			"children": [16, 17, 18, 19, 20, 21, 22, 23]
		},
		{
			"name": "bulb",
			"children": [
				{
					"name": "sphere",
					"children": [
						{
							"name": "hexadecagon",
							"children": [24, 25, 26, 27, 28, 29, 30, 31]
						},
						{
							"name": "hexadecagon",
							"children": [32, 33, 34, 35, 36, 37, 38, 39]
						},
						{
							"name": "hexadecagon",
							"children": [40, 41, 42, 43, 44, 45, 46, 47]
						},
						{
							"name": "hexadecagon",
							"children": [48, 49, 50, 51, 52, 53, 54, 55]
						},
						{
							"name": "hexadecagon",
							"children": [56, 57, 58, 59, 60, 61, 62, 63]
						},
						{
							"name": "hexadecagon",
							"children": [64, 65, 66, 67, 68, 69, 70, 71]
						},
						{
							"name": "hexadecagon",
							"children": [72, 73, 74, 75, 76, 77, 78, 79]
						},
						{
							"name": "hexadecagon",
							"children": [80, 81, 82, 83, 84, 85, 86, 87]
						},
						{
							"name": "hexadecagon",
							"children": [88, 89, 90, 91, 92, 93, 94, 95]
						},
						{
							"name": "hexadecagon",
							"children": [96, 97, 98, 99, 100, 101, 102, 103]
						}
					]
				}
			]
		},
		{
			"name": "supportl",
			"children": [104, 105, 106, 107, 108]
		},
		{
			"name": "supportr",
			"children": [109, 110, 111, 112, 113, 114, 115]
		},
		{
			"name": "bands",
			"children": [
				{
					"name": "whiteband",
					"children": [116, 117, 118, 119, 120, 121, 122, 123, 124, 125, 126, 127, 128, 129, 130, 131]
				},
				{
					"name": "redband",
					"children": [132, 133, 134, 135, 136, 137, 138, 139, 140, 141, 142, 143, 144, 145, 146, 147]
				},
				{
					"name": "graybandlower",
					"children": [148, 149, 150, 151, 152, 153, 154, 155, 156, 157, 158, 159, 160, 161, 162, 163]
				},
				{
					"name": "graybandupper",
					"children": [164, 165, 166, 167, 168, 169, 170, 171, 172, 173, 174, 175, 176, 177, 178, 179]
				}
			]
		},
		{
			"name": "picture",
			"children": [180, 181, 182, 183, 184, 185, 186, 187, 188, 189, 190, 191, 192, 193, 194, 195]
		}
	]
}