{
	"credit": "Made by _Kastle. Message Kastle#4801 on Discord for inquiries. If you recieved this model from someone other than myself without context, it was probably stolen.",
	"textures": {
		"2": "block/stone_slab_top",
		"3": "block/yellow_concrete_powder",
		"4": "block/yellow_concrete",
		"5": "block/white_stained_glass",
		"particle": "block/yellow_concrete_powder"
	},
	"elements": [
		{
			"name": "hexadecagon",
			"from": [3.45027, 15.5, 7.75],
			"to": [3.54973, 16.5, 8.25],
			"rotation": {"angle": 45, "axis": "y", "origin": [3.5, 16, 8]},
			"faces": {
				"north": {"uv": [0.984, 0.016, 0.016, 0.984], "texture": "#4"},
				"south": {"uv": [0.984, 0.016, 0.016, 0.984], "texture": "#4"}
			}
		},
		{
			"name": "hexadecagon",
			"from": [3.45027, 15.5, 7.75],
			"to": [3.54973, 16.5, 8.25],
			"rotation": {"angle": 22.5, "axis": "y", "origin": [3.5, 16, 8]},
			"faces": {
				"north": {"uv": [1.984, 0.016, 0.016, 1.984], "texture": "#4"},
				"south": {"uv": [1.984, 0.016, 0.016, 1.984], "texture": "#4"},
				"down": {"uv": [1.984, 0.016, 0.016, 1.984], "texture": "#4"}
			}
		},
		{
			"name": "hexadecagon",
			"from": [3.45027, 15.5, 7.75],
			"to": [3.54973, 16.5, 8.25],
			"faces": {
				"north": {"uv": [0.984, 0.016, 0.016, 0.984], "texture": "#4"},
				"south": {"uv": [0.984, 0.016, 0.016, 0.984], "texture": "#4"}
			}
		},
		{
			"name": "hexadecagon",
			"from": [3.45027, 15.5, 7.75],
			"to": [3.54973, 16.5, 8.25],
			"rotation": {"angle": -22.5, "axis": "y", "origin": [3.5, 16, 8]},
			"faces": {
				"north": {"uv": [0.984, 0.016, 0.016, 0.984], "texture": "#4"},
				"south": {"uv": [0.984, 0.016, 0.016, 0.984], "texture": "#4"},
				"down": {"uv": [0.984, 0.016, 0.016, 0.984], "texture": "#4"}
			}
		},
		{
			"name": "hexadecagon",
			"from": [3.45027, 15.5, 7.75],
			"to": [3.54973, 16.5, 8.25],
			"rotation": {"angle": -45, "axis": "y", "origin": [3.5, 16, 8]},
			"faces": {
				"north": {"uv": [0.984, 0.016, 0.016, 0.984], "texture": "#4"},
				"south": {"uv": [0.984, 0.016, 0.016, 0.984], "texture": "#4"},
				"down": {"uv": [0.984, 0.016, 0.016, 0.984], "texture": "#4"}
			}
		},
		{
			"name": "hexadecagon",
			"from": [3.25, 15.5, 7.95027],
			"to": [3.75, 16.5, 8.04973],
			"rotation": {"angle": 22.5, "axis": "y", "origin": [3.5, 16, 8]},
			"faces": {
				"east": {"uv": [0.984, 0.016, 0.016, 0.984], "texture": "#4"},
				"west": {"uv": [0.984, 0.016, 0.016, 0.984], "texture": "#4"},
				"down": {"uv": [0.984, 0.016, 0.016, 0.984], "texture": "#4"}
			}
		},
		{
			"name": "hexadecagon",
			"from": [3.25, 15.5, 7.95027],
			"to": [3.75, 16.5, 8.04973],
			"faces": {
				"east": {"uv": [0.984, 0.016, 0.016, 0.984], "texture": "#4"},
				"west": {"uv": [0.984, 0.016, 0.016, 0.984], "texture": "#4"}
			}
		},
		{
			"name": "hexadecagon",
			"from": [3.25, 15.5, 7.95027],
			"to": [3.75, 16.5, 8.04973],
			"rotation": {"angle": -22.5, "axis": "y", "origin": [3.5, 16, 8]},
			"faces": {
				"east": {"uv": [0.984, 0.016, 0.016, 0.984], "texture": "#4"},
				"west": {"uv": [0.984, 0.016, 0.016, 0.984], "texture": "#4"},
				"down": {"uv": [0.984, 0.016, 0.016, 0.984], "texture": "#4"}
			}
		},
		{
			"from": [4.1, 17.6, 9],
			"to": [4.5, 18.8, 9.4],
			"faces": {
				"north": {"uv": [0.984, 0.016, 0.016, 0.984], "texture": "#5"},
				"east": {"uv": [0.984, 0.016, 0.016, 0.984], "texture": "#5"},
				"south": {"uv": [0.984, 0.016, 0.016, 0.984], "texture": "#5"},
				"up": {"uv": [0.984, 0.016, 0.016, 0.984], "texture": "#5"},
				"down": {"uv": [0.984, 0.016, 0.016, 0.984], "texture": "#5"}
			}
		},
		{
			"from": [2.9, 18.8, 9],
			"to": [4.1, 19.2, 9.4],
			"faces": {
				"north": {"uv": [0.984, 0.016, 0.016, 0.984], "texture": "#5"},
				"east": {"uv": [0.984, 0.016, 0.016, 0.984], "texture": "#5"},
				"south": {"uv": [0.984, 0.016, 0.016, 0.984], "texture": "#5"},
				"west": {"uv": [0.984, 0.016, 0.016, 0.984], "texture": "#5"},
				"up": {"uv": [0.984, 0.016, 0.016, 0.984], "texture": "#5"}
			}
		},
		{
			"from": [2.9, 17.6, 9],
			"to": [4.1, 18.8, 9.4],
			"faces": {
				"north": {"uv": [0.984, 0.016, 0.016, 0.984], "texture": "#5"},
				"south": {"uv": [0.984, 0.016, 0.016, 0.984], "texture": "#5"}
			}
		},
		{
			"from": [2.9, 17.2, 9],
			"to": [4.1, 17.6, 9.4],
			"faces": {
				"north": {"uv": [0.984, 0.016, 0.016, 0.984], "texture": "#5"},
				"east": {"uv": [0.984, 0.016, 0.016, 0.984], "texture": "#5"},
				"south": {"uv": [0.984, 0.016, 0.016, 0.984], "texture": "#5"},
				"west": {"uv": [0.984, 0.016, 0.016, 0.984], "texture": "#5"},
				"down": {"uv": [0.984, 0.016, 0.016, 0.984], "texture": "#5"}
			}
		},
		{
			"from": [2.5, 17.6, 9],
			"to": [2.9, 18.8, 9.4],
			"faces": {
				"north": {"uv": [0.984, 0.016, 0.016, 0.984], "texture": "#5"},
				"south": {"uv": [0.984, 0.016, 0.016, 0.984], "texture": "#5"},
				"west": {"uv": [0.984, 0.016, 0.016, 0.984], "texture": "#5"},
				"up": {"uv": [0.984, 0.016, 0.016, 0.984], "texture": "#5"},
				"down": {"uv": [0.984, 0.016, 0.016, 0.984], "texture": "#5"}
			}
		},
		{
			"from": [2.5, 17.6, 6.6],
			"to": [2.9, 18.8, 7],
			"faces": {
				"north": {"uv": [0.984, 0.016, 0.016, 0.984], "texture": "#5"},
				"south": {"uv": [0.984, 0.016, 0.016, 0.984], "texture": "#5"},
				"west": {"uv": [0.984, 0.016, 0.016, 0.984], "texture": "#5"},
				"up": {"uv": [0.984, 0.016, 0.016, 0.984], "texture": "#5"},
				"down": {"uv": [0.984, 0.016, 0.016, 0.984], "texture": "#5"}
			}
		},
		{
			"from": [2.9, 17.2, 6.6],
			"to": [4.1, 17.6, 7],
			"faces": {
				"north": {"uv": [0.984, 0.016, 0.016, 0.984], "texture": "#5"},
				"east": {"uv": [0.984, 0.016, 0.016, 0.984], "texture": "#5"},
				"south": {"uv": [0.984, 0.016, 0.016, 0.984], "texture": "#5"},
				"west": {"uv": [0.984, 0.016, 0.016, 0.984], "texture": "#5"},
				"down": {"uv": [0.984, 0.016, 0.016, 0.984], "texture": "#5"}
			}
		},
		{
			"from": [2.9, 17.6, 6.6],
			"to": [4.1, 18.8, 7],
			"faces": {
				"north": {"uv": [0.984, 0.016, 0.016, 0.984], "texture": "#5"},
				"south": {"uv": [0.984, 0.016, 0.016, 0.984], "texture": "#5"}
			}
		},
		{
			"from": [2.9, 18.8, 6.6],
			"to": [4.1, 19.2, 7],
			"faces": {
				"north": {"uv": [0.984, 0.016, 0.016, 0.984], "texture": "#5"},
				"east": {"uv": [0.984, 0.016, 0.016, 0.984], "texture": "#5"},
				"south": {"uv": [0.984, 0.016, 0.016, 0.984], "texture": "#5"},
				"west": {"uv": [0.984, 0.016, 0.016, 0.984], "texture": "#5"},
				"up": {"uv": [0.984, 0.016, 0.016, 0.984], "texture": "#5"}
			}
		},
		{
			"from": [4.1, 17.6, 6.6],
			"to": [4.5, 18.8, 7],
			"faces": {
				"north": {"uv": [0.984, 0.016, 0.016, 0.984], "texture": "#5"},
				"east": {"uv": [0.984, 0.016, 0.016, 0.984], "texture": "#5"},
				"south": {"uv": [0.984, 0.016, 0.016, 0.984], "texture": "#5"},
				"up": {"uv": [0.984, 0.016, 0.016, 0.984], "texture": "#5"},
				"down": {"uv": [0.984, 0.016, 0.016, 0.984], "texture": "#5"}
			}
		},
		{
			"from": [4.1, 18.8, 7],
			"to": [4.5, 19.2, 7.4],
			"faces": {
				"north": {"uv": [0.984, 0.016, 0.016, 0.984], "texture": "#5"},
				"east": {"uv": [0.984, 0.016, 0.016, 0.984], "texture": "#5"},
				"south": {"uv": [0.984, 0.016, 0.016, 0.984], "texture": "#5"},
				"west": {"uv": [0.984, 0.016, 0.016, 0.984], "texture": "#5"},
				"up": {"uv": [0.984, 0.016, 0.016, 0.984], "texture": "#5"},
				"down": {"uv": [0.984, 0.016, 0.016, 0.984], "texture": "#5"}
			}
		},
		{
			"from": [2.5, 18.8, 7],
			"to": [2.9, 19.2, 7.4],
			"faces": {
				"north": {"uv": [0.984, 0.016, 0.016, 0.984], "texture": "#5"},
				"east": {"uv": [0.984, 0.016, 0.016, 0.984], "texture": "#5"},
				"south": {"uv": [0.984, 0.016, 0.016, 0.984], "texture": "#5"},
				"west": {"uv": [0.984, 0.016, 0.016, 0.984], "texture": "#5"},
				"up": {"uv": [0.984, 0.016, 0.016, 0.984], "texture": "#5"},
				"down": {"uv": [0.984, 0.016, 0.016, 0.984], "texture": "#5"}
			}
		},
		{
			"from": [2.5, 18.8, 8.6],
			"to": [2.9, 19.2, 9],
			"faces": {
				"north": {"uv": [0.984, 0.016, 0.016, 0.984], "texture": "#5"},
				"east": {"uv": [0.984, 0.016, 0.016, 0.984], "texture": "#5"},
				"south": {"uv": [0.984, 0.016, 0.016, 0.984], "texture": "#5"},
				"west": {"uv": [0.984, 0.016, 0.016, 0.984], "texture": "#5"},
				"up": {"uv": [0.984, 0.016, 0.016, 0.984], "texture": "#5"},
				"down": {"uv": [0.984, 0.016, 0.016, 0.984], "texture": "#5"}
			}
		},
		{
			"from": [4.1, 18.8, 8.6],
			"to": [4.5, 19.2, 9],
			"faces": {
				"north": {"uv": [0.984, 0.016, 0.016, 0.984], "texture": "#5"},
				"east": {"uv": [0.984, 0.016, 0.016, 0.984], "texture": "#5"},
				"south": {"uv": [0.984, 0.016, 0.016, 0.984], "texture": "#5"},
				"west": {"uv": [0.984, 0.016, 0.016, 0.984], "texture": "#5"},
				"up": {"uv": [0.984, 0.016, 0.016, 0.984], "texture": "#5"},
				"down": {"uv": [0.984, 0.016, 0.016, 0.984], "texture": "#5"}
			}
		},
		{
			"from": [2.5, 17.2, 7],
			"to": [2.9, 17.6, 7.4],
			"faces": {
				"north": {"uv": [0.984, 0.016, 0.016, 0.984], "texture": "#5"},
				"east": {"uv": [0.984, 0.016, 0.016, 0.984], "texture": "#5"},
				"south": {"uv": [0.984, 0.016, 0.016, 0.984], "texture": "#5"},
				"west": {"uv": [0.984, 0.016, 0.016, 0.984], "texture": "#5"},
				"up": {"uv": [0.984, 0.016, 0.016, 0.984], "texture": "#5"},
				"down": {"uv": [0.984, 0.016, 0.016, 0.984], "texture": "#5"}
			}
		},
		{
			"from": [2.5, 17.2, 8.6],
			"to": [2.9, 17.6, 9],
			"faces": {
				"north": {"uv": [0.984, 0.016, 0.016, 0.984], "texture": "#5"},
				"east": {"uv": [0.984, 0.016, 0.016, 0.984], "texture": "#5"},
				"south": {"uv": [0.984, 0.016, 0.016, 0.984], "texture": "#5"},
				"west": {"uv": [0.984, 0.016, 0.016, 0.984], "texture": "#5"},
				"up": {"uv": [0.984, 0.016, 0.016, 0.984], "texture": "#5"},
				"down": {"uv": [0.984, 0.016, 0.016, 0.984], "texture": "#5"}
			}
		},
		{
			"from": [4.1, 17.2, 7],
			"to": [4.5, 17.6, 7.4],
			"faces": {
				"north": {"uv": [0.984, 0.016, 0.016, 0.984], "texture": "#5"},
				"east": {"uv": [0.984, 0.016, 0.016, 0.984], "texture": "#5"},
				"south": {"uv": [0.984, 0.016, 0.016, 0.984], "texture": "#5"},
				"west": {"uv": [0.984, 0.016, 0.016, 0.984], "texture": "#5"},
				"up": {"uv": [0.984, 0.016, 0.016, 0.984], "texture": "#5"},
				"down": {"uv": [0.984, 0.016, 0.016, 0.984], "texture": "#5"}
			}
		},
		{
			"from": [4.1, 17.2, 8.6],
			"to": [4.5, 17.6, 9],
			"faces": {
				"north": {"uv": [0.984, 0.016, 0.016, 0.984], "texture": "#5"},
				"east": {"uv": [0.984, 0.016, 0.016, 0.984], "texture": "#5"},
				"south": {"uv": [0.984, 0.016, 0.016, 0.984], "texture": "#5"},
				"west": {"uv": [0.984, 0.016, 0.016, 0.984], "texture": "#5"},
				"up": {"uv": [0.984, 0.016, 0.016, 0.984], "texture": "#5"},
				"down": {"uv": [0.984, 0.016, 0.016, 0.984], "texture": "#5"}
			}
		},
		{
			"from": [2.1, 17.2, 7.4],
			"to": [2.5, 17.6, 8.6],
			"faces": {
				"north": {"uv": [0.016, 0.984, 0.984, 0.016], "rotation": 270, "texture": "#5"},
				"east": {"uv": [0.016, 0.984, 0.984, 0.016], "rotation": 270, "texture": "#5"},
				"south": {"uv": [0.016, 0.984, 0.984, 0.016], "rotation": 270, "texture": "#5"},
				"west": {"uv": [0.016, 0.984, 0.984, 0.016], "rotation": 270, "texture": "#5"},
				"down": {"uv": [0.016, 0.984, 0.984, 0.016], "rotation": 270, "texture": "#5"}
			}
		},
		{
			"from": [2.1, 17.6, 7],
			"to": [2.5, 18.8, 7.4],
			"faces": {
				"north": {"uv": [0.016, 0.984, 0.984, 0.016], "rotation": 270, "texture": "#5"},
				"east": {"uv": [0.016, 0.984, 0.984, 0.016], "rotation": 270, "texture": "#5"},
				"west": {"uv": [0.016, 0.984, 0.984, 0.016], "rotation": 270, "texture": "#5"},
				"up": {"uv": [0.016, 0.984, 0.984, 0.016], "rotation": 270, "texture": "#5"},
				"down": {"uv": [0.016, 0.984, 0.984, 0.016], "rotation": 270, "texture": "#5"}
			}
		},
		{
			"from": [2.1, 17.6, 7.4],
			"to": [2.5, 18.8, 8.6],
			"faces": {
				"east": {"uv": [0.016, 0.984, 0.984, 0.016], "rotation": 270, "texture": "#5"},
				"west": {"uv": [0.016, 0.984, 0.984, 0.016], "rotation": 270, "texture": "#5"}
			}
		},
		{
			"from": [2.1, 17.6, 8.6],
			"to": [2.5, 18.8, 9],
			"faces": {
				"east": {"uv": [0.016, 0.984, 0.984, 0.016], "rotation": 270, "texture": "#5"},
				"south": {"uv": [0.016, 0.984, 0.984, 0.016], "rotation": 270, "texture": "#5"},
				"west": {"uv": [0.016, 0.984, 0.984, 0.016], "rotation": 270, "texture": "#5"},
				"up": {"uv": [0.016, 0.984, 0.984, 0.016], "rotation": 270, "texture": "#5"},
				"down": {"uv": [0.016, 0.984, 0.984, 0.016], "rotation": 270, "texture": "#5"}
			}
		},
		{
			"from": [2.1, 18.8, 7.4],
			"to": [2.5, 19.2, 8.6],
			"faces": {
				"north": {"uv": [0.016, 0.984, 0.984, 0.016], "rotation": 270, "texture": "#5"},
				"east": {"uv": [0.016, 0.984, 0.984, 0.016], "rotation": 270, "texture": "#5"},
				"south": {"uv": [0.016, 0.984, 0.984, 0.016], "rotation": 270, "texture": "#5"},
				"west": {"uv": [0.016, 0.984, 0.984, 0.016], "rotation": 270, "texture": "#5"},
				"up": {"uv": [0.016, 0.984, 0.984, 0.016], "rotation": 270, "texture": "#5"}
			}
		},
		{
			"from": [4.1, 19.2, 7.4],
			"to": [4.5, 19.6, 8.6],
			"faces": {
				"north": {"uv": [0.984, 0.016, 0.016, 0.984], "texture": "#5"},
				"east": {"uv": [0.984, 0.016, 0.016, 0.984], "texture": "#5"},
				"south": {"uv": [0.984, 0.016, 0.016, 0.984], "texture": "#5"},
				"up": {"uv": [0.984, 0.016, 0.016, 0.984], "texture": "#5"},
				"down": {"uv": [0.984, 0.016, 0.016, 0.984], "texture": "#5"}
			}
		},
		{
			"from": [2.9, 19.2, 7],
			"to": [4.1, 19.6, 7.4],
			"faces": {
				"north": {"uv": [0.984, 0.016, 0.016, 0.984], "texture": "#5"},
				"east": {"uv": [0.984, 0.016, 0.016, 0.984], "texture": "#5"},
				"west": {"uv": [0.984, 0.016, 0.016, 0.984], "texture": "#5"},
				"up": {"uv": [0.984, 0.016, 0.016, 0.984], "texture": "#5"},
				"down": {"uv": [0.984, 0.016, 0.016, 0.984], "texture": "#5"}
			}
		},
		{
			"from": [2.9, 19.2, 7.4],
			"to": [4.1, 19.6, 8.6],
			"faces": {
				"up": {"uv": [0.984, 0.016, 0.016, 0.984], "texture": "#5"},
				"down": {"uv": [0.984, 0.016, 0.016, 0.984], "texture": "#5"}
			}
		},
		{
			"from": [2.9, 19.2, 8.6],
			"to": [4.1, 19.6, 9],
			"faces": {
				"east": {"uv": [0.984, 0.016, 0.016, 0.984], "texture": "#5"},
				"south": {"uv": [0.984, 0.016, 0.016, 0.984], "texture": "#5"},
				"west": {"uv": [0.984, 0.016, 0.016, 0.984], "texture": "#5"},
				"up": {"uv": [0.984, 0.016, 0.016, 0.984], "texture": "#5"},
				"down": {"uv": [0.984, 0.016, 0.016, 0.984], "texture": "#5"}
			}
		},
		{
			"from": [2.5, 19.2, 7.4],
			"to": [2.9, 19.6, 8.6],
			"faces": {
				"north": {"uv": [0.984, 0.016, 0.016, 0.984], "texture": "#5"},
				"south": {"uv": [0.984, 0.016, 0.016, 0.984], "texture": "#5"},
				"west": {"uv": [0.984, 0.016, 0.016, 0.984], "texture": "#5"},
				"up": {"uv": [0.984, 0.016, 0.016, 0.984], "texture": "#5"},
				"down": {"uv": [0.984, 0.016, 0.016, 0.984], "texture": "#5"}
			}
		},
		{
			"from": [4.5, 17.2, 7.4],
			"to": [4.9, 17.6, 8.6],
			"faces": {
				"north": {"uv": [0.016, 0.984, 0.984, 0.016], "rotation": 270, "texture": "#5"},
				"east": {"uv": [0.016, 0.984, 0.984, 0.016], "rotation": 270, "texture": "#5"},
				"south": {"uv": [0.016, 0.984, 0.984, 0.016], "rotation": 270, "texture": "#5"},
				"west": {"uv": [0.016, 0.984, 0.984, 0.016], "rotation": 270, "texture": "#5"},
				"down": {"uv": [0.016, 0.984, 0.984, 0.016], "rotation": 270, "texture": "#5"}
			}
		},
		{
			"from": [4.5, 17.6, 7],
			"to": [4.9, 18.8, 7.4],
			"faces": {
				"north": {"uv": [0.016, 0.984, 0.984, 0.016], "rotation": 270, "texture": "#5"},
				"east": {"uv": [0.016, 0.984, 0.984, 0.016], "rotation": 270, "texture": "#5"},
				"west": {"uv": [0.016, 0.984, 0.984, 0.016], "rotation": 270, "texture": "#5"},
				"up": {"uv": [0.016, 0.984, 0.984, 0.016], "rotation": 270, "texture": "#5"},
				"down": {"uv": [0.016, 0.984, 0.984, 0.016], "rotation": 270, "texture": "#5"}
			}
		},
		{
			"from": [4.5, 17.6, 7.4],
			"to": [4.9, 18.8, 8.6],
			"faces": {
				"east": {"uv": [0.016, 0.984, 0.984, 0.016], "rotation": 270, "texture": "#5"},
				"west": {"uv": [0.016, 0.984, 0.984, 0.016], "rotation": 270, "texture": "#5"}
			}
		},
		{
			"from": [4.5, 17.6, 8.6],
			"to": [4.9, 18.8, 9],
			"faces": {
				"east": {"uv": [0.016, 0.984, 0.984, 0.016], "rotation": 270, "texture": "#5"},
				"south": {"uv": [0.016, 0.984, 0.984, 0.016], "rotation": 270, "texture": "#5"},
				"west": {"uv": [0.016, 0.984, 0.984, 0.016], "rotation": 270, "texture": "#5"},
				"up": {"uv": [0.016, 0.984, 0.984, 0.016], "rotation": 270, "texture": "#5"},
				"down": {"uv": [0.016, 0.984, 0.984, 0.016], "rotation": 270, "texture": "#5"}
			}
		},
		{
			"from": [4.5, 18.8, 7.4],
			"to": [4.9, 19.2, 8.6],
			"faces": {
				"north": {"uv": [0.016, 0.984, 0.984, 0.016], "rotation": 270, "texture": "#5"},
				"east": {"uv": [0.016, 0.984, 0.984, 0.016], "rotation": 270, "texture": "#5"},
				"south": {"uv": [0.016, 0.984, 0.984, 0.016], "rotation": 270, "texture": "#5"},
				"west": {"uv": [0.016, 0.984, 0.984, 0.016], "rotation": 270, "texture": "#5"},
				"up": {"uv": [0.016, 0.984, 0.984, 0.016], "rotation": 270, "texture": "#5"}
			}
		},
		{
			"from": [4.1, 16.8, 7.4],
			"to": [4.5, 17.2, 8.6],
			"faces": {
				"north": {"uv": [0.984, 0.016, 0.016, 0.984], "texture": "#5"},
				"east": {"uv": [0.984, 0.016, 0.016, 0.984], "texture": "#5"},
				"south": {"uv": [0.984, 0.016, 0.016, 0.984], "texture": "#5"},
				"up": {"uv": [0.984, 0.016, 0.016, 0.984], "texture": "#5"},
				"down": {"uv": [0.984, 0.016, 0.016, 0.984], "texture": "#5"}
			}
		},
		{
			"from": [2.9, 16.8, 7],
			"to": [4.1, 17.2, 7.4],
			"faces": {
				"north": {"uv": [0.984, 0.016, 0.016, 0.984], "texture": "#5"},
				"east": {"uv": [0.984, 0.016, 0.016, 0.984], "texture": "#5"},
				"west": {"uv": [0.984, 0.016, 0.016, 0.984], "texture": "#5"},
				"up": {"uv": [0.984, 0.016, 0.016, 0.984], "texture": "#5"},
				"down": {"uv": [0.984, 0.016, 0.016, 0.984], "texture": "#5"}
			}
		},
		{
			"from": [2.9, 16.8, 7.4],
			"to": [4.1, 17.2, 8.6],
			"faces": {
				"up": {"uv": [0.984, 0.016, 0.016, 0.984], "texture": "#5"},
				"down": {"uv": [0.984, 0.016, 0.016, 0.984], "texture": "#5"}
			}
		},
		{
			"from": [2.9, 16.8, 8.6],
			"to": [4.1, 17.2, 9],
			"faces": {
				"east": {"uv": [0.984, 0.016, 0.016, 0.984], "texture": "#5"},
				"south": {"uv": [0.984, 0.016, 0.016, 0.984], "texture": "#5"},
				"west": {"uv": [0.984, 0.016, 0.016, 0.984], "texture": "#5"},
				"up": {"uv": [0.984, 0.016, 0.016, 0.984], "texture": "#5"},
				"down": {"uv": [0.984, 0.016, 0.016, 0.984], "texture": "#5"}
			}
		},
		{
			"from": [2.5, 16.8, 7.4],
			"to": [2.9, 17.2, 8.6],
			"faces": {
				"north": {"uv": [0.984, 0.016, 0.016, 0.984], "texture": "#5"},
				"south": {"uv": [0.984, 0.016, 0.016, 0.984], "texture": "#5"},
				"west": {"uv": [0.984, 0.016, 0.016, 0.984], "texture": "#5"},
				"up": {"uv": [0.984, 0.016, 0.016, 0.984], "texture": "#5"},
				"down": {"uv": [0.984, 0.016, 0.016, 0.984], "texture": "#5"}
			}
		},
		{
			"name": "hexadecagon",
			"from": [3.42541, 16.5, 7.625],
			"to": [3.57459, 16.7, 8.375],
			"rotation": {"angle": 45, "axis": "y", "origin": [3.5, 17, 8]},
			"faces": {
				"north": {"uv": [1.984, 0.016, 0.016, 1.984], "texture": "#4"},
				"south": {"uv": [1.984, 0.016, 0.016, 1.984], "texture": "#4"},
				"down": {"uv": [1.984, 0.016, 0.016, 1.984], "texture": "#4"}
			}
		},
		{
			"name": "hexadecagon",
			"from": [3.42541, 16.5, 7.625],
			"to": [3.57459, 16.7, 8.375],
			"rotation": {"angle": 22.5, "axis": "y", "origin": [3.5, 17, 8]},
			"faces": {
				"north": {"uv": [1.984, 0.016, 0.016, 1.984], "texture": "#4"},
				"south": {"uv": [1.984, 0.016, 0.016, 1.984], "texture": "#4"},
				"down": {"uv": [1.984, 0.016, 0.016, 1.984], "texture": "#4"}
			}
		},
		{
			"name": "hexadecagon",
			"from": [3.42541, 16.5, 7.625],
			"to": [3.57459, 16.7, 8.375],
			"faces": {
				"north": {"uv": [1.984, 0.016, 0.016, 1.984], "texture": "#4"},
				"south": {"uv": [1.984, 0.016, 0.016, 1.984], "texture": "#4"},
				"down": {"uv": [1.984, 0.016, 0.016, 1.984], "texture": "#4"}
			}
		},
		{
			"name": "hexadecagon",
			"from": [3.42541, 16.5, 7.625],
			"to": [3.57459, 16.7, 8.375],
			"rotation": {"angle": -22.5, "axis": "y", "origin": [3.5, 17, 8]},
			"faces": {
				"north": {"uv": [1.984, 0.016, 0.016, 1.984], "texture": "#4"},
				"south": {"uv": [1.984, 0.016, 0.016, 1.984], "texture": "#4"},
				"down": {"uv": [1.984, 0.016, 0.016, 1.984], "texture": "#4"}
			}
		},
		{
			"name": "hexadecagon",
			"from": [3.42541, 16.5, 7.625],
			"to": [3.57459, 16.7, 8.375],
			"rotation": {"angle": -45, "axis": "y", "origin": [3.5, 17, 8]},
			"faces": {
				"north": {"uv": [1.984, 0.016, 0.016, 1.984], "texture": "#4"},
				"south": {"uv": [1.984, 0.016, 0.016, 1.984], "texture": "#4"},
				"down": {"uv": [1.984, 0.016, 0.016, 1.984], "texture": "#4"}
			}
		},
		{
			"name": "hexadecagon",
			"from": [3.125, 16.5, 7.92541],
			"to": [3.875, 16.7, 8.07459],
			"rotation": {"angle": 22.5, "axis": "y", "origin": [3.5, 17, 8]},
			"faces": {
				"east": {"uv": [1.984, 0.016, 0.016, 1.984], "texture": "#4"},
				"west": {"uv": [1.984, 0.016, 0.016, 1.984], "texture": "#4"},
				"down": {"uv": [1.984, 0.016, 0.016, 1.984], "texture": "#4"}
			}
		},
		{
			"name": "hexadecagon",
			"from": [3.125, 16.5, 7.92541],
			"to": [3.875, 16.7, 8.07459],
			"faces": {
				"east": {"uv": [1.984, 0.016, 0.016, 1.984], "texture": "#4"},
				"west": {"uv": [1.984, 0.016, 0.016, 1.984], "texture": "#4"},
				"down": {"uv": [1.984, 0.016, 0.016, 1.984], "texture": "#4"}
			}
		},
		{
			"name": "hexadecagon",
			"from": [3.125, 16.5, 7.92541],
			"to": [3.875, 16.7, 8.07459],
			"rotation": {"angle": -22.5, "axis": "y", "origin": [3.5, 17, 8]},
			"faces": {
				"east": {"uv": [1.984, 0.016, 0.016, 1.984], "texture": "#4"},
				"west": {"uv": [1.984, 0.016, 0.016, 1.984], "texture": "#4"},
				"down": {"uv": [1.984, 0.016, 0.016, 1.984], "texture": "#4"}
			}
		},
		{
			"name": "hexadecagon",
			"from": [3.37568, 16.7, 7.375],
			"to": [3.62432, 16.8, 8.625],
			"rotation": {"angle": 45, "axis": "y", "origin": [3.5, 17.2, 8]},
			"faces": {
				"north": {"uv": [1.984, 0.016, 0.016, 1.984], "texture": "#4"},
				"south": {"uv": [1.984, 0.016, 0.016, 1.984], "texture": "#4"},
				"up": {"uv": [1.984, 0.016, 0.016, 1.984], "texture": "#4"},
				"down": {"uv": [1.984, 0.016, 0.016, 1.984], "texture": "#4"}
			}
		},
		{
			"name": "hexadecagon",
			"from": [3.37568, 16.7, 7.375],
			"to": [3.62432, 16.8, 8.625],
			"rotation": {"angle": 22.5, "axis": "y", "origin": [3.5, 17.2, 8]},
			"faces": {
				"north": {"uv": [1.984, 0.016, 0.016, 1.984], "texture": "#4"},
				"south": {"uv": [1.984, 0.016, 0.016, 1.984], "texture": "#4"},
				"up": {"uv": [1.984, 0.016, 0.016, 1.984], "texture": "#4"},
				"down": {"uv": [1.984, 0.016, 0.016, 1.984], "texture": "#4"}
			}
		},
		{
			"name": "hexadecagon",
			"from": [3.37568, 16.7, 7.375],
			"to": [3.62432, 16.8, 8.625],
			"faces": {
				"north": {"uv": [1.984, 0.016, 0.016, 1.984], "texture": "#4"},
				"south": {"uv": [1.984, 0.016, 0.016, 1.984], "texture": "#4"},
				"down": {"uv": [1.984, 0.016, 0.016, 1.984], "texture": "#4"}
			}
		},
		{
			"name": "hexadecagon",
			"from": [3.37568, 16.7, 7.375],
			"to": [3.62432, 16.8, 8.625],
			"rotation": {"angle": -22.5, "axis": "y", "origin": [3.5, 17.2, 8]},
			"faces": {
				"north": {"uv": [1.984, 0.016, 0.016, 1.984], "texture": "#4"},
				"south": {"uv": [1.984, 0.016, 0.016, 1.984], "texture": "#4"},
				"up": {"uv": [1.984, 0.016, 0.016, 1.984], "texture": "#4"},
				"down": {"uv": [1.984, 0.016, 0.016, 1.984], "texture": "#4"}
			}
		},
		{
			"name": "hexadecagon",
			"from": [3.37568, 16.7, 7.375],
			"to": [3.62432, 16.8, 8.625],
			"rotation": {"angle": -45, "axis": "y", "origin": [3.5, 17.2, 8]},
			"faces": {
				"north": {"uv": [1.984, 0.016, 0.016, 1.984], "texture": "#4"},
				"south": {"uv": [1.984, 0.016, 0.016, 1.984], "texture": "#4"},
				"up": {"uv": [1.984, 0.016, 0.016, 1.984], "texture": "#4"},
				"down": {"uv": [1.984, 0.016, 0.016, 1.984], "texture": "#4"}
			}
		},
		{
			"name": "hexadecagon",
			"from": [2.875, 16.7, 7.87568],
			"to": [4.125, 16.8, 8.12432],
			"rotation": {"angle": 22.5, "axis": "y", "origin": [3.5, 17.2, 8]},
			"faces": {
				"east": {"uv": [1.984, 0.016, 0.016, 1.984], "texture": "#4"},
				"west": {"uv": [1.984, 0.016, 0.016, 1.984], "texture": "#4"},
				"up": {"uv": [1.984, 0.016, 0.016, 1.984], "texture": "#4"},
				"down": {"uv": [1.984, 0.016, 0.016, 1.984], "texture": "#4"}
			}
		},
		{
			"name": "hexadecagon",
			"from": [2.875, 16.7, 7.87568],
			"to": [4.125, 16.8, 8.12432],
			"faces": {
				"east": {"uv": [1.984, 0.016, 0.016, 1.984], "texture": "#4"},
				"west": {"uv": [1.984, 0.016, 0.016, 1.984], "texture": "#4"},
				"down": {"uv": [1.984, 0.016, 0.016, 1.984], "texture": "#4"}
			}
		},
		{
			"name": "hexadecagon",
			"from": [2.875, 16.7, 7.87568],
			"to": [4.125, 16.8, 8.12432],
			"rotation": {"angle": -22.5, "axis": "y", "origin": [3.5, 17.2, 8]},
			"faces": {
				"east": {"uv": [1.984, 0.016, 0.016, 1.984], "texture": "#4"},
				"west": {"uv": [1.984, 0.016, 0.016, 1.984], "texture": "#4"},
				"up": {"uv": [1.984, 0.016, 0.016, 1.984], "texture": "#4"},
				"down": {"uv": [1.984, 0.016, 0.016, 1.984], "texture": "#4"}
			}
		},
		{
			"name": "hexadecagon",
			"from": [12.45027, 15.5, 7.75],
			"to": [12.54973, 16.5, 8.25],
			"rotation": {"angle": -45, "axis": "y", "origin": [12.5, 16, 8]},
			"faces": {
				"north": {"uv": [0.016, 0.016, 0.984, 0.984], "texture": "#4"},
				"south": {"uv": [0.016, 0.016, 0.984, 0.984], "texture": "#4"}
			}
		},
		{
			"name": "hexadecagon",
			"from": [12.45027, 15.5, 7.75],
			"to": [12.54973, 16.5, 8.25],
			"rotation": {"angle": -22.5, "axis": "y", "origin": [12.5, 16, 8]},
			"faces": {
				"north": {"uv": [0.016, 0.016, 1.984, 1.984], "texture": "#4"},
				"south": {"uv": [0.016, 0.016, 1.984, 1.984], "texture": "#4"},
				"down": {"uv": [0.016, 0.016, 1.984, 1.984], "texture": "#4"}
			}
		},
		{
			"name": "hexadecagon",
			"from": [12.45027, 15.5, 7.75],
			"to": [12.54973, 16.5, 8.25],
			"faces": {
				"north": {"uv": [0.016, 0.016, 0.984, 0.984], "texture": "#4"},
				"south": {"uv": [0.016, 0.016, 0.984, 0.984], "texture": "#4"}
			}
		},
		{
			"name": "hexadecagon",
			"from": [12.45027, 15.5, 7.75],
			"to": [12.54973, 16.5, 8.25],
			"rotation": {"angle": 22.5, "axis": "y", "origin": [12.5, 16, 8]},
			"faces": {
				"north": {"uv": [0.016, 0.016, 0.984, 0.984], "texture": "#4"},
				"south": {"uv": [0.016, 0.016, 0.984, 0.984], "texture": "#4"},
				"down": {"uv": [0.016, 0.016, 0.984, 0.984], "texture": "#4"}
			}
		},
		{
			"name": "hexadecagon",
			"from": [12.45027, 15.5, 7.75],
			"to": [12.54973, 16.5, 8.25],
			"rotation": {"angle": 45, "axis": "y", "origin": [12.5, 16, 8]},
			"faces": {
				"north": {"uv": [0.016, 0.016, 0.984, 0.984], "texture": "#4"},
				"south": {"uv": [0.016, 0.016, 0.984, 0.984], "texture": "#4"},
				"down": {"uv": [0.016, 0.016, 0.984, 0.984], "texture": "#4"}
			}
		},
		{
			"name": "hexadecagon",
			"from": [12.25, 15.5, 7.95027],
			"to": [12.75, 16.5, 8.04973],
			"rotation": {"angle": -22.5, "axis": "y", "origin": [12.5, 16, 8]},
			"faces": {
				"east": {"uv": [0.016, 0.016, 0.984, 0.984], "texture": "#4"},
				"west": {"uv": [0.016, 0.016, 0.984, 0.984], "texture": "#4"},
				"down": {"uv": [0.016, 0.016, 0.984, 0.984], "texture": "#4"}
			}
		},
		{
			"name": "hexadecagon",
			"from": [12.25, 15.5, 7.95027],
			"to": [12.75, 16.5, 8.04973],
			"faces": {
				"east": {"uv": [0.016, 0.016, 0.984, 0.984], "texture": "#4"},
				"west": {"uv": [0.016, 0.016, 0.984, 0.984], "texture": "#4"}
			}
		},
		{
			"name": "hexadecagon",
			"from": [12.25, 15.5, 7.95027],
			"to": [12.75, 16.5, 8.04973],
			"rotation": {"angle": 22.5, "axis": "y", "origin": [12.5, 16, 8]},
			"faces": {
				"east": {"uv": [0.016, 0.016, 0.984, 0.984], "texture": "#4"},
				"west": {"uv": [0.016, 0.016, 0.984, 0.984], "texture": "#4"},
				"down": {"uv": [0.016, 0.016, 0.984, 0.984], "texture": "#4"}
			}
		},
		{
			"from": [11.5, 17.6, 9],
			"to": [11.9, 18.8, 9.4],
			"faces": {
				"north": {"uv": [0.016, 0.016, 0.984, 0.984], "texture": "#5"},
				"south": {"uv": [0.016, 0.016, 0.984, 0.984], "texture": "#5"},
				"west": {"uv": [0.016, 0.016, 0.984, 0.984], "texture": "#5"},
				"up": {"uv": [0.016, 0.016, 0.984, 0.984], "texture": "#5"},
				"down": {"uv": [0.016, 0.016, 0.984, 0.984], "texture": "#5"}
			}
		},
		{
			"from": [11.9, 18.8, 9],
			"to": [13.1, 19.2, 9.4],
			"faces": {
				"north": {"uv": [0.016, 0.016, 0.984, 0.984], "texture": "#5"},
				"east": {"uv": [0.016, 0.016, 0.984, 0.984], "texture": "#5"},
				"south": {"uv": [0.016, 0.016, 0.984, 0.984], "texture": "#5"},
				"west": {"uv": [0.016, 0.016, 0.984, 0.984], "texture": "#5"},
				"up": {"uv": [0.016, 0.016, 0.984, 0.984], "texture": "#5"}
			}
		},
		{
			"from": [11.9, 17.6, 9],
			"to": [13.1, 18.8, 9.4],
			"faces": {
				"north": {"uv": [0.016, 0.016, 0.984, 0.984], "texture": "#5"},
				"south": {"uv": [0.016, 0.016, 0.984, 0.984], "texture": "#5"}
			}
		},
		{
			"from": [11.9, 17.2, 9],
			"to": [13.1, 17.6, 9.4],
			"faces": {
				"north": {"uv": [0.016, 0.016, 0.984, 0.984], "texture": "#5"},
				"east": {"uv": [0.016, 0.016, 0.984, 0.984], "texture": "#5"},
				"south": {"uv": [0.016, 0.016, 0.984, 0.984], "texture": "#5"},
				"west": {"uv": [0.016, 0.016, 0.984, 0.984], "texture": "#5"},
				"down": {"uv": [0.016, 0.016, 0.984, 0.984], "texture": "#5"}
			}
		},
		{
			"from": [13.1, 17.6, 9],
			"to": [13.5, 18.8, 9.4],
			"faces": {
				"north": {"uv": [0.016, 0.016, 0.984, 0.984], "texture": "#5"},
				"east": {"uv": [0.016, 0.016, 0.984, 0.984], "texture": "#5"},
				"south": {"uv": [0.016, 0.016, 0.984, 0.984], "texture": "#5"},
				"up": {"uv": [0.016, 0.016, 0.984, 0.984], "texture": "#5"},
				"down": {"uv": [0.016, 0.016, 0.984, 0.984], "texture": "#5"}
			}
		},
		{
			"from": [13.1, 17.6, 6.6],
			"to": [13.5, 18.8, 7],
			"faces": {
				"north": {"uv": [0.016, 0.016, 0.984, 0.984], "texture": "#5"},
				"east": {"uv": [0.016, 0.016, 0.984, 0.984], "texture": "#5"},
				"south": {"uv": [0.016, 0.016, 0.984, 0.984], "texture": "#5"},
				"up": {"uv": [0.016, 0.016, 0.984, 0.984], "texture": "#5"},
				"down": {"uv": [0.016, 0.016, 0.984, 0.984], "texture": "#5"}
			}
		},
		{
			"from": [11.9, 17.2, 6.6],
			"to": [13.1, 17.6, 7],
			"faces": {
				"north": {"uv": [0.016, 0.016, 0.984, 0.984], "texture": "#5"},
				"east": {"uv": [0.016, 0.016, 0.984, 0.984], "texture": "#5"},
				"south": {"uv": [0.016, 0.016, 0.984, 0.984], "texture": "#5"},
				"west": {"uv": [0.016, 0.016, 0.984, 0.984], "texture": "#5"},
				"down": {"uv": [0.016, 0.016, 0.984, 0.984], "texture": "#5"}
			}
		},
		{
			"from": [11.9, 17.6, 6.6],
			"to": [13.1, 18.8, 7],
			"faces": {
				"north": {"uv": [0.016, 0.016, 0.984, 0.984], "texture": "#5"},
				"south": {"uv": [0.016, 0.016, 0.984, 0.984], "texture": "#5"}
			}
		},
		{
			"from": [11.9, 18.8, 6.6],
			"to": [13.1, 19.2, 7],
			"faces": {
				"north": {"uv": [0.016, 0.016, 0.984, 0.984], "texture": "#5"},
				"east": {"uv": [0.016, 0.016, 0.984, 0.984], "texture": "#5"},
				"south": {"uv": [0.016, 0.016, 0.984, 0.984], "texture": "#5"},
				"west": {"uv": [0.016, 0.016, 0.984, 0.984], "texture": "#5"},
				"up": {"uv": [0.016, 0.016, 0.984, 0.984], "texture": "#5"}
			}
		},
		{
			"from": [11.5, 17.6, 6.6],
			"to": [11.9, 18.8, 7],
			"faces": {
				"north": {"uv": [0.016, 0.016, 0.984, 0.984], "texture": "#5"},
				"south": {"uv": [0.016, 0.016, 0.984, 0.984], "texture": "#5"},
				"west": {"uv": [0.016, 0.016, 0.984, 0.984], "texture": "#5"},
				"up": {"uv": [0.016, 0.016, 0.984, 0.984], "texture": "#5"},
				"down": {"uv": [0.016, 0.016, 0.984, 0.984], "texture": "#5"}
			}
		},
		{
			"from": [11.5, 18.8, 7],
			"to": [11.9, 19.2, 7.4],
			"faces": {
				"north": {"uv": [0.016, 0.016, 0.984, 0.984], "texture": "#5"},
				"east": {"uv": [0.016, 0.016, 0.984, 0.984], "texture": "#5"},
				"south": {"uv": [0.016, 0.016, 0.984, 0.984], "texture": "#5"},
				"west": {"uv": [0.016, 0.016, 0.984, 0.984], "texture": "#5"},
				"up": {"uv": [0.016, 0.016, 0.984, 0.984], "texture": "#5"},
				"down": {"uv": [0.016, 0.016, 0.984, 0.984], "texture": "#5"}
			}
		},
		{
			"from": [13.1, 18.8, 7],
			"to": [13.5, 19.2, 7.4],
			"faces": {
				"north": {"uv": [0.016, 0.016, 0.984, 0.984], "texture": "#5"},
				"east": {"uv": [0.016, 0.016, 0.984, 0.984], "texture": "#5"},
				"south": {"uv": [0.016, 0.016, 0.984, 0.984], "texture": "#5"},
				"west": {"uv": [0.016, 0.016, 0.984, 0.984], "texture": "#5"},
				"up": {"uv": [0.016, 0.016, 0.984, 0.984], "texture": "#5"},
				"down": {"uv": [0.016, 0.016, 0.984, 0.984], "texture": "#5"}
			}
		},
		{
			"from": [13.1, 18.8, 8.6],
			"to": [13.5, 19.2, 9],
			"faces": {
				"north": {"uv": [0.016, 0.016, 0.984, 0.984], "texture": "#5"},
				"east": {"uv": [0.016, 0.016, 0.984, 0.984], "texture": "#5"},
				"south": {"uv": [0.016, 0.016, 0.984, 0.984], "texture": "#5"},
				"west": {"uv": [0.016, 0.016, 0.984, 0.984], "texture": "#5"},
				"up": {"uv": [0.016, 0.016, 0.984, 0.984], "texture": "#5"},
				"down": {"uv": [0.016, 0.016, 0.984, 0.984], "texture": "#5"}
			}
		},
		{
			"from": [11.5, 18.8, 8.6],
			"to": [11.9, 19.2, 9],
			"faces": {
				"north": {"uv": [0.016, 0.016, 0.984, 0.984], "texture": "#5"},
				"east": {"uv": [0.016, 0.016, 0.984, 0.984], "texture": "#5"},
				"south": {"uv": [0.016, 0.016, 0.984, 0.984], "texture": "#5"},
				"west": {"uv": [0.016, 0.016, 0.984, 0.984], "texture": "#5"},
				"up": {"uv": [0.016, 0.016, 0.984, 0.984], "texture": "#5"},
				"down": {"uv": [0.016, 0.016, 0.984, 0.984], "texture": "#5"}
			}
		},
		{
			"from": [13.1, 17.2, 7],
			"to": [13.5, 17.6, 7.4],
			"faces": {
				"north": {"uv": [0.016, 0.016, 0.984, 0.984], "texture": "#5"},
				"east": {"uv": [0.016, 0.016, 0.984, 0.984], "texture": "#5"},
				"south": {"uv": [0.016, 0.016, 0.984, 0.984], "texture": "#5"},
				"west": {"uv": [0.016, 0.016, 0.984, 0.984], "texture": "#5"},
				"up": {"uv": [0.016, 0.016, 0.984, 0.984], "texture": "#5"},
				"down": {"uv": [0.016, 0.016, 0.984, 0.984], "texture": "#5"}
			}
		},
		{
			"from": [13.1, 17.2, 8.6],
			"to": [13.5, 17.6, 9],
			"faces": {
				"north": {"uv": [0.016, 0.016, 0.984, 0.984], "texture": "#5"},
				"east": {"uv": [0.016, 0.016, 0.984, 0.984], "texture": "#5"},
				"south": {"uv": [0.016, 0.016, 0.984, 0.984], "texture": "#5"},
				"west": {"uv": [0.016, 0.016, 0.984, 0.984], "texture": "#5"},
				"up": {"uv": [0.016, 0.016, 0.984, 0.984], "texture": "#5"},
				"down": {"uv": [0.016, 0.016, 0.984, 0.984], "texture": "#5"}
			}
		},
		{
			"from": [11.5, 17.2, 7],
			"to": [11.9, 17.6, 7.4],
			"faces": {
				"north": {"uv": [0.016, 0.016, 0.984, 0.984], "texture": "#5"},
				"east": {"uv": [0.016, 0.016, 0.984, 0.984], "texture": "#5"},
				"south": {"uv": [0.016, 0.016, 0.984, 0.984], "texture": "#5"},
				"west": {"uv": [0.016, 0.016, 0.984, 0.984], "texture": "#5"},
				"up": {"uv": [0.016, 0.016, 0.984, 0.984], "texture": "#5"},
				"down": {"uv": [0.016, 0.016, 0.984, 0.984], "texture": "#5"}
			}
		},
		{
			"from": [11.5, 17.2, 8.6],
			"to": [11.9, 17.6, 9],
			"faces": {
				"north": {"uv": [0.016, 0.016, 0.984, 0.984], "texture": "#5"},
				"east": {"uv": [0.016, 0.016, 0.984, 0.984], "texture": "#5"},
				"south": {"uv": [0.016, 0.016, 0.984, 0.984], "texture": "#5"},
				"west": {"uv": [0.016, 0.016, 0.984, 0.984], "texture": "#5"},
				"up": {"uv": [0.016, 0.016, 0.984, 0.984], "texture": "#5"},
				"down": {"uv": [0.016, 0.016, 0.984, 0.984], "texture": "#5"}
			}
		},
		{
			"from": [13.5, 17.2, 7.4],
			"to": [13.9, 17.6, 8.6],
			"faces": {
				"north": {"uv": [0.016, 0.016, 0.984, 0.984], "rotation": 270, "texture": "#5"},
				"east": {"uv": [0.016, 0.016, 0.984, 0.984], "rotation": 270, "texture": "#5"},
				"south": {"uv": [0.016, 0.016, 0.984, 0.984], "rotation": 270, "texture": "#5"},
				"west": {"uv": [0.016, 0.016, 0.984, 0.984], "rotation": 270, "texture": "#5"},
				"down": {"uv": [0.016, 0.016, 0.984, 0.984], "rotation": 270, "texture": "#5"}
			}
		},
		{
			"from": [13.5, 17.6, 7],
			"to": [13.9, 18.8, 7.4],
			"faces": {
				"north": {"uv": [0.016, 0.016, 0.984, 0.984], "rotation": 270, "texture": "#5"},
				"east": {"uv": [0.016, 0.016, 0.984, 0.984], "rotation": 270, "texture": "#5"},
				"west": {"uv": [0.016, 0.016, 0.984, 0.984], "rotation": 270, "texture": "#5"},
				"up": {"uv": [0.016, 0.016, 0.984, 0.984], "rotation": 270, "texture": "#5"},
				"down": {"uv": [0.016, 0.016, 0.984, 0.984], "rotation": 270, "texture": "#5"}
			}
		},
		{
			"from": [13.5, 17.6, 7.4],
			"to": [13.9, 18.8, 8.6],
			"faces": {
				"east": {"uv": [0.016, 0.016, 0.984, 0.984], "rotation": 270, "texture": "#5"},
				"west": {"uv": [0.016, 0.016, 0.984, 0.984], "rotation": 270, "texture": "#5"}
			}
		},
		{
			"from": [13.5, 17.6, 8.6],
			"to": [13.9, 18.8, 9],
			"faces": {
				"east": {"uv": [0.016, 0.016, 0.984, 0.984], "rotation": 270, "texture": "#5"},
				"south": {"uv": [0.016, 0.016, 0.984, 0.984], "rotation": 270, "texture": "#5"},
				"west": {"uv": [0.016, 0.016, 0.984, 0.984], "rotation": 270, "texture": "#5"},
				"up": {"uv": [0.016, 0.016, 0.984, 0.984], "rotation": 270, "texture": "#5"},
				"down": {"uv": [0.016, 0.016, 0.984, 0.984], "rotation": 270, "texture": "#5"}
			}
		},
		{
			"from": [13.5, 18.8, 7.4],
			"to": [13.9, 19.2, 8.6],
			"faces": {
				"north": {"uv": [0.016, 0.016, 0.984, 0.984], "rotation": 270, "texture": "#5"},
				"east": {"uv": [0.016, 0.016, 0.984, 0.984], "rotation": 270, "texture": "#5"},
				"south": {"uv": [0.016, 0.016, 0.984, 0.984], "rotation": 270, "texture": "#5"},
				"west": {"uv": [0.016, 0.016, 0.984, 0.984], "rotation": 270, "texture": "#5"},
				"up": {"uv": [0.016, 0.016, 0.984, 0.984], "rotation": 270, "texture": "#5"}
			}
		},
		{
			"from": [11.5, 19.2, 7.4],
			"to": [11.9, 19.6, 8.6],
			"faces": {
				"north": {"uv": [0.016, 0.016, 0.984, 0.984], "texture": "#5"},
				"south": {"uv": [0.016, 0.016, 0.984, 0.984], "texture": "#5"},
				"west": {"uv": [0.016, 0.016, 0.984, 0.984], "texture": "#5"},
				"up": {"uv": [0.016, 0.016, 0.984, 0.984], "texture": "#5"},
				"down": {"uv": [0.016, 0.016, 0.984, 0.984], "texture": "#5"}
			}
		},
		{
			"from": [11.9, 19.2, 7],
			"to": [13.1, 19.6, 7.4],
			"faces": {
				"north": {"uv": [0.016, 0.016, 0.984, 0.984], "texture": "#5"},
				"east": {"uv": [0.016, 0.016, 0.984, 0.984], "texture": "#5"},
				"west": {"uv": [0.016, 0.016, 0.984, 0.984], "texture": "#5"},
				"up": {"uv": [0.016, 0.016, 0.984, 0.984], "texture": "#5"},
				"down": {"uv": [0.016, 0.016, 0.984, 0.984], "texture": "#5"}
			}
		},
		{
			"from": [11.9, 19.2, 7.4],
			"to": [13.1, 19.6, 8.6],
			"faces": {
				"up": {"uv": [0.016, 0.016, 0.984, 0.984], "texture": "#5"},
				"down": {"uv": [0.016, 0.016, 0.984, 0.984], "texture": "#5"}
			}
		},
		{
			"from": [11.9, 19.2, 8.6],
			"to": [13.1, 19.6, 9],
			"faces": {
				"east": {"uv": [0.016, 0.016, 0.984, 0.984], "texture": "#5"},
				"south": {"uv": [0.016, 0.016, 0.984, 0.984], "texture": "#5"},
				"west": {"uv": [0.016, 0.016, 0.984, 0.984], "texture": "#5"},
				"up": {"uv": [0.016, 0.016, 0.984, 0.984], "texture": "#5"},
				"down": {"uv": [0.016, 0.016, 0.984, 0.984], "texture": "#5"}
			}
		},
		{
			"from": [13.1, 19.2, 7.4],
			"to": [13.5, 19.6, 8.6],
			"faces": {
				"north": {"uv": [0.016, 0.016, 0.984, 0.984], "texture": "#5"},
				"east": {"uv": [0.016, 0.016, 0.984, 0.984], "texture": "#5"},
				"south": {"uv": [0.016, 0.016, 0.984, 0.984], "texture": "#5"},
				"up": {"uv": [0.016, 0.016, 0.984, 0.984], "texture": "#5"},
				"down": {"uv": [0.016, 0.016, 0.984, 0.984], "texture": "#5"}
			}
		},
		{
			"from": [11.1, 17.2, 7.4],
			"to": [11.5, 17.6, 8.6],
			"faces": {
				"north": {"uv": [0.016, 0.016, 0.984, 0.984], "rotation": 270, "texture": "#5"},
				"east": {"uv": [0.016, 0.016, 0.984, 0.984], "rotation": 270, "texture": "#5"},
				"south": {"uv": [0.016, 0.016, 0.984, 0.984], "rotation": 270, "texture": "#5"},
				"west": {"uv": [0.016, 0.016, 0.984, 0.984], "rotation": 270, "texture": "#5"},
				"down": {"uv": [0.016, 0.016, 0.984, 0.984], "rotation": 270, "texture": "#5"}
			}
		},
		{
			"from": [11.1, 17.6, 7],
			"to": [11.5, 18.8, 7.4],
			"faces": {
				"north": {"uv": [0.016, 0.016, 0.984, 0.984], "rotation": 270, "texture": "#5"},
				"east": {"uv": [0.016, 0.016, 0.984, 0.984], "rotation": 270, "texture": "#5"},
				"west": {"uv": [0.016, 0.016, 0.984, 0.984], "rotation": 270, "texture": "#5"},
				"up": {"uv": [0.016, 0.016, 0.984, 0.984], "rotation": 270, "texture": "#5"},
				"down": {"uv": [0.016, 0.016, 0.984, 0.984], "rotation": 270, "texture": "#5"}
			}
		},
		{
			"from": [11.1, 17.6, 7.4],
			"to": [11.5, 18.8, 8.6],
			"faces": {
				"east": {"uv": [0.016, 0.016, 0.984, 0.984], "rotation": 270, "texture": "#5"},
				"west": {"uv": [0.016, 0.016, 0.984, 0.984], "rotation": 270, "texture": "#5"}
			}
		},
		{
			"from": [11.1, 17.6, 8.6],
			"to": [11.5, 18.8, 9],
			"faces": {
				"east": {"uv": [0.016, 0.016, 0.984, 0.984], "rotation": 270, "texture": "#5"},
				"south": {"uv": [0.016, 0.016, 0.984, 0.984], "rotation": 270, "texture": "#5"},
				"west": {"uv": [0.016, 0.016, 0.984, 0.984], "rotation": 270, "texture": "#5"},
				"up": {"uv": [0.016, 0.016, 0.984, 0.984], "rotation": 270, "texture": "#5"},
				"down": {"uv": [0.016, 0.016, 0.984, 0.984], "rotation": 270, "texture": "#5"}
			}
		},
		{
			"from": [11.1, 18.8, 7.4],
			"to": [11.5, 19.2, 8.6],
			"faces": {
				"north": {"uv": [0.016, 0.016, 0.984, 0.984], "rotation": 270, "texture": "#5"},
				"east": {"uv": [0.016, 0.016, 0.984, 0.984], "rotation": 270, "texture": "#5"},
				"south": {"uv": [0.016, 0.016, 0.984, 0.984], "rotation": 270, "texture": "#5"},
				"west": {"uv": [0.016, 0.016, 0.984, 0.984], "rotation": 270, "texture": "#5"},
				"up": {"uv": [0.016, 0.016, 0.984, 0.984], "rotation": 270, "texture": "#5"}
			}
		},
		{
			"from": [11.5, 16.8, 7.4],
			"to": [11.9, 17.2, 8.6],
			"faces": {
				"north": {"uv": [0.016, 0.016, 0.984, 0.984], "texture": "#5"},
				"south": {"uv": [0.016, 0.016, 0.984, 0.984], "texture": "#5"},
				"west": {"uv": [0.016, 0.016, 0.984, 0.984], "texture": "#5"},
				"up": {"uv": [0.016, 0.016, 0.984, 0.984], "texture": "#5"},
				"down": {"uv": [0.016, 0.016, 0.984, 0.984], "texture": "#5"}
			}
		},
		{
			"from": [11.9, 16.8, 7],
			"to": [13.1, 17.2, 7.4],
			"faces": {
				"north": {"uv": [0.016, 0.016, 0.984, 0.984], "texture": "#5"},
				"east": {"uv": [0.016, 0.016, 0.984, 0.984], "texture": "#5"},
				"west": {"uv": [0.016, 0.016, 0.984, 0.984], "texture": "#5"},
				"up": {"uv": [0.016, 0.016, 0.984, 0.984], "texture": "#5"},
				"down": {"uv": [0.016, 0.016, 0.984, 0.984], "texture": "#5"}
			}
		},
		{
			"from": [11.9, 16.8, 7.4],
			"to": [13.1, 17.2, 8.6],
			"faces": {
				"up": {"uv": [0.016, 0.016, 0.984, 0.984], "texture": "#5"},
				"down": {"uv": [0.016, 0.016, 0.984, 0.984], "texture": "#5"}
			}
		},
		{
			"from": [11.9, 16.8, 8.6],
			"to": [13.1, 17.2, 9],
			"faces": {
				"east": {"uv": [0.016, 0.016, 0.984, 0.984], "texture": "#5"},
				"south": {"uv": [0.016, 0.016, 0.984, 0.984], "texture": "#5"},
				"west": {"uv": [0.016, 0.016, 0.984, 0.984], "texture": "#5"},
				"up": {"uv": [0.016, 0.016, 0.984, 0.984], "texture": "#5"},
				"down": {"uv": [0.016, 0.016, 0.984, 0.984], "texture": "#5"}
			}
		},
		{
			"from": [13.1, 16.8, 7.4],
			"to": [13.5, 17.2, 8.6],
			"faces": {
				"north": {"uv": [0.016, 0.016, 0.984, 0.984], "texture": "#5"},
				"east": {"uv": [0.016, 0.016, 0.984, 0.984], "texture": "#5"},
				"south": {"uv": [0.016, 0.016, 0.984, 0.984], "texture": "#5"},
				"up": {"uv": [0.016, 0.016, 0.984, 0.984], "texture": "#5"},
				"down": {"uv": [0.016, 0.016, 0.984, 0.984], "texture": "#5"}
			}
		},
		{
			"name": "hexadecagon",
			"from": [12.42541, 16.5, 7.625],
			"to": [12.57459, 16.7, 8.375],
			"rotation": {"angle": -45, "axis": "y", "origin": [12.5, 17, 8]},
			"faces": {
				"north": {"uv": [0.016, 0.016, 1.984, 1.984], "texture": "#4"},
				"south": {"uv": [0.016, 0.016, 1.984, 1.984], "texture": "#4"},
				"down": {"uv": [0.016, 0.016, 1.984, 1.984], "texture": "#4"}
			}
		},
		{
			"name": "hexadecagon",
			"from": [12.42541, 16.5, 7.625],
			"to": [12.57459, 16.7, 8.375],
			"rotation": {"angle": -22.5, "axis": "y", "origin": [12.5, 17, 8]},
			"faces": {
				"north": {"uv": [0.016, 0.016, 1.984, 1.984], "texture": "#4"},
				"south": {"uv": [0.016, 0.016, 1.984, 1.984], "texture": "#4"},
				"down": {"uv": [0.016, 0.016, 1.984, 1.984], "texture": "#4"}
			}
		},
		{
			"name": "hexadecagon",
			"from": [12.42541, 16.5, 7.625],
			"to": [12.57459, 16.7, 8.375],
			"faces": {
				"north": {"uv": [0.016, 0.016, 1.984, 1.984], "texture": "#4"},
				"south": {"uv": [0.016, 0.016, 1.984, 1.984], "texture": "#4"},
				"down": {"uv": [0.016, 0.016, 1.984, 1.984], "texture": "#4"}
			}
		},
		{
			"name": "hexadecagon",
			"from": [12.42541, 16.5, 7.625],
			"to": [12.57459, 16.7, 8.375],
			"rotation": {"angle": 22.5, "axis": "y", "origin": [12.5, 17, 8]},
			"faces": {
				"north": {"uv": [0.016, 0.016, 1.984, 1.984], "texture": "#4"},
				"south": {"uv": [0.016, 0.016, 1.984, 1.984], "texture": "#4"},
				"down": {"uv": [0.016, 0.016, 1.984, 1.984], "texture": "#4"}
			}
		},
		{
			"name": "hexadecagon",
			"from": [12.42541, 16.5, 7.625],
			"to": [12.57459, 16.7, 8.375],
			"rotation": {"angle": 45, "axis": "y", "origin": [12.5, 17, 8]},
			"faces": {
				"north": {"uv": [0.016, 0.016, 1.984, 1.984], "texture": "#4"},
				"south": {"uv": [0.016, 0.016, 1.984, 1.984], "texture": "#4"},
				"down": {"uv": [0.016, 0.016, 1.984, 1.984], "texture": "#4"}
			}
		},
		{
			"name": "hexadecagon",
			"from": [12.125, 16.5, 7.92541],
			"to": [12.875, 16.7, 8.07459],
			"rotation": {"angle": -22.5, "axis": "y", "origin": [12.5, 17, 8]},
			"faces": {
				"east": {"uv": [0.016, 0.016, 1.984, 1.984], "texture": "#4"},
				"west": {"uv": [0.016, 0.016, 1.984, 1.984], "texture": "#4"},
				"down": {"uv": [0.016, 0.016, 1.984, 1.984], "texture": "#4"}
			}
		},
		{
			"name": "hexadecagon",
			"from": [12.125, 16.5, 7.92541],
			"to": [12.875, 16.7, 8.07459],
			"faces": {
				"east": {"uv": [0.016, 0.016, 1.984, 1.984], "texture": "#4"},
				"west": {"uv": [0.016, 0.016, 1.984, 1.984], "texture": "#4"},
				"down": {"uv": [0.016, 0.016, 1.984, 1.984], "texture": "#4"}
			}
		},
		{
			"name": "hexadecagon",
			"from": [12.125, 16.5, 7.92541],
			"to": [12.875, 16.7, 8.07459],
			"rotation": {"angle": 22.5, "axis": "y", "origin": [12.5, 17, 8]},
			"faces": {
				"east": {"uv": [0.016, 0.016, 1.984, 1.984], "texture": "#4"},
				"west": {"uv": [0.016, 0.016, 1.984, 1.984], "texture": "#4"},
				"down": {"uv": [0.016, 0.016, 1.984, 1.984], "texture": "#4"}
			}
		},
		{
			"name": "hexadecagon",
			"from": [12.37568, 16.7, 7.375],
			"to": [12.62432, 16.8, 8.625],
			"rotation": {"angle": -45, "axis": "y", "origin": [12.5, 17.2, 8]},
			"faces": {
				"north": {"uv": [0.016, 0.016, 1.984, 1.984], "texture": "#4"},
				"south": {"uv": [0.016, 0.016, 1.984, 1.984], "texture": "#4"},
				"up": {"uv": [0.016, 0.016, 1.984, 1.984], "texture": "#4"},
				"down": {"uv": [0.016, 0.016, 1.984, 1.984], "texture": "#4"}
			}
		},
		{
			"name": "hexadecagon",
			"from": [12.37568, 16.7, 7.375],
			"to": [12.62432, 16.8, 8.625],
			"rotation": {"angle": -22.5, "axis": "y", "origin": [12.5, 17.2, 8]},
			"faces": {
				"north": {"uv": [0.016, 0.016, 1.984, 1.984], "texture": "#4"},
				"south": {"uv": [0.016, 0.016, 1.984, 1.984], "texture": "#4"},
				"up": {"uv": [0.016, 0.016, 1.984, 1.984], "texture": "#4"},
				"down": {"uv": [0.016, 0.016, 1.984, 1.984], "texture": "#4"}
			}
		},
		{
			"name": "hexadecagon",
			"from": [12.37568, 16.7, 7.375],
			"to": [12.62432, 16.8, 8.625],
			"faces": {
				"north": {"uv": [0.016, 0.016, 1.984, 1.984], "texture": "#4"},
				"south": {"uv": [0.016, 0.016, 1.984, 1.984], "texture": "#4"},
				"down": {"uv": [0.016, 0.016, 1.984, 1.984], "texture": "#4"}
			}
		},
		{
			"name": "hexadecagon",
			"from": [12.37568, 16.7, 7.375],
			"to": [12.62432, 16.8, 8.625],
			"rotation": {"angle": 22.5, "axis": "y", "origin": [12.5, 17.2, 8]},
			"faces": {
				"north": {"uv": [0.016, 0.016, 1.984, 1.984], "texture": "#4"},
				"south": {"uv": [0.016, 0.016, 1.984, 1.984], "texture": "#4"},
				"up": {"uv": [0.016, 0.016, 1.984, 1.984], "texture": "#4"},
				"down": {"uv": [0.016, 0.016, 1.984, 1.984], "texture": "#4"}
			}
		},
		{
			"name": "hexadecagon",
			"from": [12.37568, 16.7, 7.375],
			"to": [12.62432, 16.8, 8.625],
			"rotation": {"angle": 45, "axis": "y", "origin": [12.5, 17.2, 8]},
			"faces": {
				"north": {"uv": [0.016, 0.016, 1.984, 1.984], "texture": "#4"},
				"south": {"uv": [0.016, 0.016, 1.984, 1.984], "texture": "#4"},
				"up": {"uv": [0.016, 0.016, 1.984, 1.984], "texture": "#4"},
				"down": {"uv": [0.016, 0.016, 1.984, 1.984], "texture": "#4"}
			}
		},
		{
			"name": "hexadecagon",
			"from": [11.875, 16.7, 7.87568],
			"to": [13.125, 16.8, 8.12432],
			"rotation": {"angle": -22.5, "axis": "y", "origin": [12.5, 17.2, 8]},
			"faces": {
				"east": {"uv": [0.016, 0.016, 1.984, 1.984], "texture": "#4"},
				"west": {"uv": [0.016, 0.016, 1.984, 1.984], "texture": "#4"},
				"up": {"uv": [0.016, 0.016, 1.984, 1.984], "texture": "#4"},
				"down": {"uv": [0.016, 0.016, 1.984, 1.984], "texture": "#4"}
			}
		},
		{
			"name": "hexadecagon",
			"from": [11.875, 16.7, 7.87568],
			"to": [13.125, 16.8, 8.12432],
			"faces": {
				"east": {"uv": [0.016, 0.016, 1.984, 1.984], "texture": "#4"},
				"west": {"uv": [0.016, 0.016, 1.984, 1.984], "texture": "#4"},
				"down": {"uv": [0.016, 0.016, 1.984, 1.984], "texture": "#4"}
			}
		},
		{
			"name": "hexadecagon",
			"from": [11.875, 16.7, 7.87568],
			"to": [13.125, 16.8, 8.12432],
			"rotation": {"angle": 22.5, "axis": "y", "origin": [12.5, 17.2, 8]},
			"faces": {
				"east": {"uv": [0.016, 0.016, 1.984, 1.984], "texture": "#4"},
				"west": {"uv": [0.016, 0.016, 1.984, 1.984], "texture": "#4"},
				"up": {"uv": [0.016, 0.016, 1.984, 1.984], "texture": "#4"},
				"down": {"uv": [0.016, 0.016, 1.984, 1.984], "texture": "#4"}
			}
		},
		{
			"from": [5.25, 12.95, 8.65],
			"to": [10.75, 14.95, 10.65],
			"rotation": {"angle": 22.5, "axis": "x", "origin": [15.75, 15.75, 15.75]},
			"faces": {
				"south": {"uv": [0.016, 0.016, 15.984, 15.984], "texture": "#3"}
			}
		},
		{
			"from": [5.15, 14.95, 8.55],
			"to": [10.85, 15.05, 10.95],
			"rotation": {"angle": 22.5, "axis": "x", "origin": [15.75, 15.75, 15.75]},
			"faces": {
				"north": {"uv": [0.016, 0.016, 1.984, 1.984], "texture": "#4"},
				"east": {"uv": [0.016, 0.016, 1.984, 1.984], "texture": "#4"},
				"south": {"uv": [0.016, 0.016, 1.984, 1.984], "texture": "#4"},
				"west": {"uv": [0.016, 0.016, 1.984, 1.984], "texture": "#4"},
				"up": {"uv": [0.016, 0.016, 1.984, 1.984], "texture": "#4"},
				"down": {"uv": [0.016, 0.016, 1.984, 1.984], "texture": "#4"}
			}
		},
		{
			"from": [5.15, 12.95, 8.55],
			"to": [10.85, 14.95, 8.65],
			"rotation": {"angle": 22.5, "axis": "x", "origin": [15.75, 15.75, 15.75]},
			"faces": {
				"north": {"uv": [0.016, 0.016, 1.984, 1.984], "texture": "#4"},
				"east": {"uv": [0.016, 0.016, 1.984, 1.984], "texture": "#4"},
				"west": {"uv": [0.016, 0.016, 1.984, 1.984], "texture": "#4"}
			}
		},
		{
			"from": [5.15, 12.85, 8.55],
			"to": [10.85, 12.95, 10.95],
			"rotation": {"angle": 22.5, "axis": "x", "origin": [15.75, 15.75, 15.75]},
			"faces": {
				"north": {"uv": [0.016, 0.016, 1.984, 1.984], "texture": "#4"},
				"east": {"uv": [0.016, 0.016, 1.984, 1.984], "texture": "#4"},
				"south": {"uv": [0.016, 0.016, 1.984, 1.984], "texture": "#4"},
				"west": {"uv": [0.016, 0.016, 1.984, 1.984], "texture": "#4"},
				"up": {"uv": [0.016, 0.016, 1.984, 1.984], "texture": "#4"},
				"down": {"uv": [0.016, 0.016, 1.984, 1.984], "texture": "#4"}
			}
		},
		{
			"from": [10.75, 12.95, 8.65],
			"to": [10.85, 14.95, 10.95],
			"rotation": {"angle": 22.5, "axis": "x", "origin": [15.75, 15.75, 15.75]},
			"faces": {
				"east": {"uv": [0.016, 0.016, 1.984, 1.984], "texture": "#4"},
				"south": {"uv": [0.016, 0.016, 1.984, 1.984], "texture": "#4"},
				"west": {"uv": [0.016, 0.016, 1.984, 1.984], "texture": "#4"}
			}
		},
		{
			"from": [5.15, 12.95, 8.65],
			"to": [5.25, 14.95, 10.95],
			"rotation": {"angle": 22.5, "axis": "x", "origin": [15.75, 15.75, 15.75]},
			"faces": {
				"east": {"uv": [0.016, 0.016, 1.984, 1.984], "texture": "#4"},
				"south": {"uv": [0.016, 0.016, 1.984, 1.984], "texture": "#4"},
				"west": {"uv": [0.016, 0.016, 1.984, 1.984], "texture": "#4"}
			}
		},
		{
			"name": "hexadecagon",
			"from": [7.50272, -15.5, 5.5],
			"to": [8.49728, -14.5, 10.5],
			"rotation": {"angle": -45, "axis": "y", "origin": [8, -15, 8]},
			"faces": {
				"north": {"uv": [1.016, 1.016, 14.984, 14.984], "texture": "#2"},
				"east": {"uv": [1.016, 1.016, 14.984, 14.984], "texture": "#2"},
				"south": {"uv": [1.016, 1.016, 14.984, 14.984], "texture": "#2"},
				"west": {"uv": [1.016, 1.016, 14.984, 14.984], "texture": "#2"},
				"up": {"uv": [1.016, 1.016, 14.984, 14.984], "texture": "#2"},
				"down": {"uv": [1.016, 1.016, 14.984, 14.984], "texture": "#2"}
			}
		},
		{
			"name": "hexadecagon",
			"from": [7.50272, -15.5, 5.5],
			"to": [8.49728, -14.5, 10.5],
			"rotation": {"angle": -22.5, "axis": "y", "origin": [8, -15, 8]},
			"faces": {
				"north": {"uv": [1.016, 1.016, 14.984, 14.984], "texture": "#2"},
				"east": {"uv": [1.016, 1.016, 14.984, 14.984], "texture": "#2"},
				"south": {"uv": [1.016, 1.016, 14.984, 14.984], "texture": "#2"},
				"west": {"uv": [1.016, 1.016, 14.984, 14.984], "texture": "#2"},
				"up": {"uv": [1.016, 1.016, 14.984, 14.984], "texture": "#2"},
				"down": {"uv": [1.016, 1.016, 14.984, 14.984], "texture": "#2"}
			}
		},
		{
			"name": "hexadecagon",
			"from": [7.50272, -15.5, 5.5],
			"to": [8.49728, -14.5, 10.5],
			"faces": {
				"north": {"uv": [1.016, 1.016, 14.984, 14.984], "texture": "#2"},
				"east": {"uv": [1.016, 1.016, 14.984, 14.984], "texture": "#2"},
				"south": {"uv": [1.016, 1.016, 14.984, 14.984], "texture": "#2"},
				"west": {"uv": [1.016, 1.016, 14.984, 14.984], "texture": "#2"},
				"up": {"uv": [1.016, 1.016, 14.984, 14.984], "texture": "#2"},
				"down": {"uv": [1.016, 1.016, 14.984, 14.984], "texture": "#2"}
			}
		},
		{
			"name": "hexadecagon",
			"from": [7.50272, -15.5, 5.5],
			"to": [8.49728, -14.5, 10.5],
			"rotation": {"angle": 22.5, "axis": "y", "origin": [8, -15, 8]},
			"faces": {
				"north": {"uv": [1.016, 1.016, 14.984, 14.984], "texture": "#2"},
				"east": {"uv": [1.016, 1.016, 14.984, 14.984], "texture": "#2"},
				"south": {"uv": [1.016, 1.016, 14.984, 14.984], "texture": "#2"},
				"west": {"uv": [1.016, 1.016, 14.984, 14.984], "texture": "#2"},
				"up": {"uv": [1.016, 1.016, 14.984, 14.984], "texture": "#2"},
				"down": {"uv": [1.016, 1.016, 14.984, 14.984], "texture": "#2"}
			}
		},
		{
			"name": "hexadecagon",
			"from": [7.50272, -15.5, 5.5],
			"to": [8.49728, -14.5, 10.5],
			"rotation": {"angle": 45, "axis": "y", "origin": [8, -15, 8]},
			"faces": {
				"north": {"uv": [1.016, 1.016, 14.984, 14.984], "texture": "#2"},
				"east": {"uv": [1.016, 1.016, 14.984, 14.984], "texture": "#2"},
				"south": {"uv": [1.016, 1.016, 14.984, 14.984], "texture": "#2"},
				"west": {"uv": [1.016, 1.016, 14.984, 14.984], "texture": "#2"},
				"up": {"uv": [1.016, 1.016, 14.984, 14.984], "texture": "#2"},
				"down": {"uv": [1.016, 1.016, 14.984, 14.984], "texture": "#2"}
			}
		},
		{
			"name": "hexadecagon",
			"from": [5.5, -15.5, 7.50272],
			"to": [10.5, -14.5, 8.49728],
			"rotation": {"angle": -22.5, "axis": "y", "origin": [8, -15, 8]},
			"faces": {
				"north": {"uv": [1.016, 1.016, 14.984, 14.984], "texture": "#2"},
				"east": {"uv": [1.016, 1.016, 14.984, 14.984], "texture": "#2"},
				"south": {"uv": [1.016, 1.016, 14.984, 14.984], "texture": "#2"},
				"west": {"uv": [1.016, 1.016, 14.984, 14.984], "texture": "#2"},
				"up": {"uv": [1.016, 1.016, 14.984, 14.984], "texture": "#2"},
				"down": {"uv": [1.016, 1.016, 14.984, 14.984], "texture": "#2"}
			}
		},
		{
			"name": "hexadecagon",
			"from": [5.5, -15.5, 7.50272],
			"to": [10.5, -14.5, 8.49728],
			"faces": {
				"north": {"uv": [1.016, 1.016, 14.984, 14.984], "texture": "#2"},
				"east": {"uv": [1.016, 1.016, 14.984, 14.984], "texture": "#2"},
				"south": {"uv": [1.016, 1.016, 14.984, 14.984], "texture": "#2"},
				"west": {"uv": [1.016, 1.016, 14.984, 14.984], "texture": "#2"},
				"up": {"uv": [1.016, 1.016, 14.984, 14.984], "texture": "#2"},
				"down": {"uv": [1.016, 1.016, 14.984, 14.984], "texture": "#2"}
			}
		},
		{
			"name": "hexadecagon",
			"from": [5.5, -15.5, 7.50272],
			"to": [10.5, -14.5, 8.49728],
			"rotation": {"angle": 22.5, "axis": "y", "origin": [8, -15, 8]},
			"faces": {
				"north": {"uv": [1.016, 1.016, 14.984, 14.984], "texture": "#2"},
				"east": {"uv": [1.016, 1.016, 14.984, 14.984], "texture": "#2"},
				"south": {"uv": [1.016, 1.016, 14.984, 14.984], "texture": "#2"},
				"west": {"uv": [1.016, 1.016, 14.984, 14.984], "texture": "#2"},
				"up": {"uv": [1.016, 1.016, 14.984, 14.984], "texture": "#2"},
				"down": {"uv": [1.016, 1.016, 14.984, 14.984], "texture": "#2"}
			}
		},
		{
			"name": "octagon",
			"from": [7.17157, -14.5, 6],
			"to": [8.82843, -12.5, 10],
			"rotation": {"angle": 45, "axis": "y", "origin": [8, -14, 8]},
			"faces": {
				"north": {"uv": [0.016, 0.016, 0.984, 0.984], "texture": "#4"},
				"south": {"uv": [0.016, 0.016, 0.984, 0.984], "texture": "#4"},
				"up": {"uv": [0.016, 0.016, 0.984, 0.984], "texture": "#4"},
				"down": {"uv": [0.016, 0.016, 0.984, 0.984], "texture": "#4"}
			}
		},
		{
			"name": "octagon",
			"from": [7.17157, -14.5, 6],
			"to": [8.82843, -12.5, 10],
			"faces": {
				"north": {"uv": [0.016, 0.016, 0.984, 0.984], "texture": "#4"},
				"south": {"uv": [0.016, 0.016, 0.984, 0.984], "texture": "#4"},
				"up": {"uv": [0.016, 0.016, 0.984, 0.984], "texture": "#4"},
				"down": {"uv": [0.016, 0.016, 0.984, 0.984], "texture": "#4"}
			}
		},
		{
			"name": "octagon",
			"from": [6, -14.5, 7.17157],
			"to": [10, -12.5, 8.82843],
			"rotation": {"angle": 45, "axis": "y", "origin": [8, -14, 8]},
			"faces": {
				"east": {"uv": [0.016, 0.016, 0.984, 0.984], "texture": "#4"},
				"west": {"uv": [0.016, 0.016, 0.984, 0.984], "texture": "#4"},
				"up": {"uv": [0.016, 0.016, 0.984, 0.984], "texture": "#4"},
				"down": {"uv": [0.016, 0.016, 0.984, 0.984], "texture": "#4"}
			}
		},
		{
			"name": "octagon",
			"from": [6, -14.5, 7.17157],
			"to": [10, -12.5, 8.82843],
			"faces": {
				"east": {"uv": [0.016, 0.016, 0.984, 0.984], "texture": "#4"},
				"west": {"uv": [0.016, 0.016, 0.984, 0.984], "texture": "#4"},
				"up": {"uv": [0.016, 0.016, 0.984, 0.984], "texture": "#4"},
				"down": {"uv": [0.016, 0.016, 0.984, 0.984], "texture": "#4"}
			}
		},
		{
			"name": "hexadecagon",
			"from": [7.6519, -12.5, 6.25],
			"to": [8.3481, -10.5, 9.75],
			"rotation": {"angle": -45, "axis": "y", "origin": [8, -12, 8]},
			"faces": {
				"north": {"uv": [0.016, 0.016, 0.984, 0.984], "texture": "#4"},
				"south": {"uv": [0.016, 0.016, 0.984, 0.984], "texture": "#4"},
				"up": {"uv": [0.016, 0.016, 0.984, 0.984], "texture": "#4"},
				"down": {"uv": [0.016, 0.016, 0.984, 0.984], "texture": "#4"}
			}
		},
		{
			"name": "hexadecagon",
			"from": [7.6519, -12.5, 6.25],
			"to": [8.3481, -10.5, 9.75],
			"rotation": {"angle": -22.5, "axis": "y", "origin": [8, -12, 8]},
			"faces": {
				"north": {"uv": [0.016, 0.016, 0.984, 0.984], "texture": "#4"},
				"south": {"uv": [0.016, 0.016, 0.984, 0.984], "texture": "#4"},
				"up": {"uv": [0.016, 0.016, 0.984, 0.984], "texture": "#4"},
				"down": {"uv": [0.016, 0.016, 0.984, 0.984], "texture": "#4"}
			}
		},
		{
			"name": "hexadecagon",
			"from": [7.6519, -12.5, 6.25],
			"to": [8.3481, -10.5, 9.75],
			"faces": {
				"north": {"uv": [0.016, 0.016, 0.984, 0.984], "texture": "#4"},
				"south": {"uv": [0.016, 0.016, 0.984, 0.984], "texture": "#4"},
				"up": {"uv": [0.016, 0.016, 0.984, 0.984], "texture": "#4"}
			}
		},
		{
			"name": "hexadecagon",
			"from": [7.6519, -12.5, 6.25],
			"to": [8.3481, -10.5, 9.75],
			"rotation": {"angle": 22.5, "axis": "y", "origin": [8, -12, 8]},
			"faces": {
				"north": {"uv": [0.016, 0.016, 0.984, 0.984], "texture": "#4"},
				"south": {"uv": [0.016, 0.016, 0.984, 0.984], "texture": "#4"},
				"up": {"uv": [0.016, 0.016, 0.984, 0.984], "texture": "#4"},
				"down": {"uv": [0.016, 0.016, 0.984, 0.984], "texture": "#4"}
			}
		},
		{
			"name": "hexadecagon",
			"from": [7.6519, -12.5, 6.25],
			"to": [8.3481, -10.5, 9.75],
			"rotation": {"angle": 45, "axis": "y", "origin": [8, -12, 8]},
			"faces": {
				"north": {"uv": [0.016, 0.016, 0.984, 0.984], "texture": "#4"},
				"south": {"uv": [0.016, 0.016, 0.984, 0.984], "texture": "#4"},
				"up": {"uv": [0.016, 0.016, 0.984, 0.984], "texture": "#4"}
			}
		},
		{
			"name": "hexadecagon",
			"from": [6.25, -12.5, 7.6519],
			"to": [9.75, -10.5, 8.3481],
			"rotation": {"angle": -22.5, "axis": "y", "origin": [8, -12, 8]},
			"faces": {
				"east": {"uv": [0.016, 0.016, 0.984, 0.984], "texture": "#4"},
				"west": {"uv": [0.016, 0.016, 0.984, 0.984], "texture": "#4"},
				"up": {"uv": [0.016, 0.016, 0.984, 0.984], "texture": "#4"},
				"down": {"uv": [0.016, 0.016, 0.984, 0.984], "texture": "#4"}
			}
		},
		{
			"name": "hexadecagon",
			"from": [6.25, -12.5, 7.6519],
			"to": [9.75, -10.5, 8.3481],
			"faces": {
				"east": {"uv": [0.016, 0.016, 0.984, 0.984], "texture": "#4"},
				"west": {"uv": [0.016, 0.016, 0.984, 0.984], "texture": "#4"},
				"up": {"uv": [0.016, 0.016, 0.984, 0.984], "texture": "#4"}
			}
		},
		{
			"name": "hexadecagon",
			"from": [6.25, -12.5, 7.6519],
			"to": [9.75, -10.5, 8.3481],
			"rotation": {"angle": 22.5, "axis": "y", "origin": [8, -12, 8]},
			"faces": {
				"east": {"uv": [0.016, 0.016, 0.984, 0.984], "texture": "#4"},
				"west": {"uv": [0.016, 0.016, 0.984, 0.984], "texture": "#4"},
				"up": {"uv": [0.016, 0.016, 0.984, 0.984], "texture": "#4"},
				"down": {"uv": [0.016, 0.016, 0.984, 0.984], "texture": "#4"}
			}
		},
		{
			"name": "hexadecagon",
			"from": [7.70163, -10.5, 6.5],
			"to": [8.29837, -5.5, 9.5],
			"rotation": {"angle": -45, "axis": "y", "origin": [8, -10, 8]},
			"faces": {
				"north": {"uv": [0.016, 0.016, 15.984, 15.984], "texture": "#4"},
				"south": {"uv": [0.016, 0.016, 15.984, 15.984], "texture": "#4"},
				"up": {"uv": [0.016, 0.016, 15.984, 15.984], "texture": "#4"}
			}
		},
		{
			"name": "hexadecagon",
			"from": [7.70163, -10.5, 6.5],
			"to": [8.29837, -5.5, 9.5],
			"rotation": {"angle": -22.5, "axis": "y", "origin": [8, -10, 8]},
			"faces": {
				"north": {"uv": [0.016, 0.016, 15.984, 15.984], "texture": "#4"},
				"south": {"uv": [0.016, 0.016, 15.984, 15.984], "texture": "#4"},
				"up": {"uv": [0.016, 0.016, 15.984, 15.984], "texture": "#4"}
			}
		},
		{
			"name": "hexadecagon",
			"from": [7.70163, -10.5, 6.5],
			"to": [8.29837, -5.5, 9.5],
			"faces": {
				"north": {"uv": [0.016, 0.016, 15.984, 15.984], "texture": "#4"},
				"south": {"uv": [0.016, 0.016, 15.984, 15.984], "texture": "#4"},
				"up": {"uv": [0.016, 0.016, 15.984, 15.984], "texture": "#4"}
			}
		},
		{
			"name": "hexadecagon",
			"from": [7.70163, -10.5, 6.5],
			"to": [8.29837, -5.5, 9.5],
			"rotation": {"angle": 22.5, "axis": "y", "origin": [8, -10, 8]},
			"faces": {
				"north": {"uv": [0.016, 0.016, 15.984, 15.984], "texture": "#4"},
				"south": {"uv": [0.016, 0.016, 15.984, 15.984], "texture": "#4"},
				"up": {"uv": [0.016, 0.016, 15.984, 15.984], "texture": "#4"}
			}
		},
		{
			"name": "hexadecagon",
			"from": [7.70163, -10.5, 6.5],
			"to": [8.29837, -5.5, 9.5],
			"rotation": {"angle": 45, "axis": "y", "origin": [8, -10, 8]},
			"faces": {
				"north": {"uv": [0.016, 0.016, 15.984, 15.984], "texture": "#4"},
				"south": {"uv": [0.016, 0.016, 15.984, 15.984], "texture": "#4"},
				"up": {"uv": [0.016, 0.016, 15.984, 15.984], "texture": "#4"}
			}
		},
		{
			"name": "hexadecagon",
			"from": [6.5, -10.5, 7.70163],
			"to": [9.5, -5.5, 8.29837],
			"rotation": {"angle": -22.5, "axis": "y", "origin": [8, -10, 8]},
			"faces": {
				"east": {"uv": [0.016, 0.016, 15.984, 15.984], "texture": "#4"},
				"west": {"uv": [0.016, 0.016, 15.984, 15.984], "texture": "#4"},
				"up": {"uv": [0.016, 0.016, 15.984, 15.984], "texture": "#4"}
			}
		},
		{
			"name": "hexadecagon",
			"from": [6.5, -10.5, 7.70163],
			"to": [9.5, -5.5, 8.29837],
			"faces": {
				"east": {"uv": [0.016, 0.016, 15.984, 15.984], "texture": "#4"},
				"west": {"uv": [0.016, 0.016, 15.984, 15.984], "texture": "#4"},
				"up": {"uv": [0.016, 0.016, 15.984, 15.984], "texture": "#4"}
			}
		},
		{
			"name": "hexadecagon",
			"from": [6.5, -10.5, 7.70163],
			"to": [9.5, -5.5, 8.29837],
			"rotation": {"angle": 22.5, "axis": "y", "origin": [8, -10, 8]},
			"faces": {
				"east": {"uv": [0.016, 0.016, 15.984, 15.984], "texture": "#4"},
				"west": {"uv": [0.016, 0.016, 15.984, 15.984], "texture": "#4"},
				"up": {"uv": [0.016, 0.016, 15.984, 15.984], "texture": "#4"}
			}
		},
		{
			"name": "hexadecagon",
			"from": [7.6519, -7, 6.25],
			"to": [8.3481, -6, 9.75],
			"rotation": {"angle": -45, "axis": "y", "origin": [8, -6.5, 8]},
			"faces": {
				"north": {"uv": [0.016, 0.016, 0.984, 0.984], "texture": "#4"},
				"south": {"uv": [0.016, 0.016, 0.984, 0.984], "texture": "#4"},
				"up": {"uv": [0.016, 0.016, 0.984, 0.984], "texture": "#4"},
				"down": {"uv": [0.016, 0.016, 0.984, 0.984], "texture": "#4"}
			}
		},
		{
			"name": "hexadecagon",
			"from": [7.6519, -7, 6.25],
			"to": [8.3481, -6, 9.75],
			"rotation": {"angle": -22.5, "axis": "y", "origin": [8, -6.5, 8]},
			"faces": {
				"north": {"uv": [0.016, 0.016, 0.984, 0.984], "texture": "#4"},
				"south": {"uv": [0.016, 0.016, 0.984, 0.984], "texture": "#4"},
				"up": {"uv": [0.016, 0.016, 0.984, 0.984], "texture": "#4"},
				"down": {"uv": [0.016, 0.016, 0.984, 0.984], "texture": "#4"}
			}
		},
		{
			"name": "hexadecagon",
			"from": [7.6519, -7, 6.25],
			"to": [8.3481, -6, 9.75],
			"faces": {
				"north": {"uv": [0.016, 0.016, 0.984, 0.984], "texture": "#4"},
				"south": {"uv": [0.016, 0.016, 0.984, 0.984], "texture": "#4"},
				"up": {"uv": [0.016, 0.016, 0.984, 0.984], "texture": "#4"},
				"down": {"uv": [0.016, 0.016, 0.984, 0.984], "texture": "#4"}
			}
		},
		{
			"name": "hexadecagon",
			"from": [7.6519, -7, 6.25],
			"to": [8.3481, -6, 9.75],
			"rotation": {"angle": 22.5, "axis": "y", "origin": [8, -6.5, 8]},
			"faces": {
				"north": {"uv": [0.016, 0.016, 0.984, 0.984], "texture": "#4"},
				"south": {"uv": [0.016, 0.016, 0.984, 0.984], "texture": "#4"},
				"up": {"uv": [0.016, 0.016, 0.984, 0.984], "texture": "#4"},
				"down": {"uv": [0.016, 0.016, 0.984, 0.984], "texture": "#4"}
			}
		},
		{
			"name": "hexadecagon",
			"from": [7.6519, -7, 6.25],
			"to": [8.3481, -6, 9.75],
			"rotation": {"angle": 45, "axis": "y", "origin": [8, -6.5, 8]},
			"faces": {
				"north": {"uv": [0.016, 0.016, 0.984, 0.984], "texture": "#4"},
				"south": {"uv": [0.016, 0.016, 0.984, 0.984], "texture": "#4"},
				"up": {"uv": [0.016, 0.016, 0.984, 0.984], "texture": "#4"},
				"down": {"uv": [0.016, 0.016, 0.984, 0.984], "texture": "#4"}
			}
		},
		{
			"name": "hexadecagon",
			"from": [6.25, -7, 7.6519],
			"to": [9.75, -6, 8.3481],
			"rotation": {"angle": -22.5, "axis": "y", "origin": [8, -6.5, 8]},
			"faces": {
				"east": {"uv": [0.016, 0.016, 0.984, 0.984], "texture": "#4"},
				"west": {"uv": [0.016, 0.016, 0.984, 0.984], "texture": "#4"},
				"up": {"uv": [0.016, 0.016, 0.984, 0.984], "texture": "#4"},
				"down": {"uv": [0.016, 0.016, 0.984, 0.984], "texture": "#4"}
			}
		},
		{
			"name": "hexadecagon",
			"from": [6.25, -7, 7.6519],
			"to": [9.75, -6, 8.3481],
			"faces": {
				"east": {"uv": [0.016, 0.016, 0.984, 0.984], "texture": "#4"},
				"west": {"uv": [0.016, 0.016, 0.984, 0.984], "texture": "#4"},
				"up": {"uv": [0.016, 0.016, 0.984, 0.984], "texture": "#4"},
				"down": {"uv": [0.016, 0.016, 0.984, 0.984], "texture": "#4"}
			}
		},
		{
			"name": "hexadecagon",
			"from": [6.25, -7, 7.6519],
			"to": [9.75, -6, 8.3481],
			"rotation": {"angle": 22.5, "axis": "y", "origin": [8, -6.5, 8]},
			"faces": {
				"east": {"uv": [0.016, 0.016, 0.984, 0.984], "texture": "#4"},
				"west": {"uv": [0.016, 0.016, 0.984, 0.984], "texture": "#4"},
				"up": {"uv": [0.016, 0.016, 0.984, 0.984], "texture": "#4"},
				"down": {"uv": [0.016, 0.016, 0.984, 0.984], "texture": "#4"}
			}
		},
		{
			"name": "hexadecagon",
			"from": [7.90054, -8, 7.5],
			"to": [8.09946, 23, 8.5],
			"rotation": {"angle": -45, "axis": "y", "origin": [8, 8, 8]},
			"faces": {
				"north": {"uv": [0.016, 0.016, 1.5, 1.5], "texture": "#4"},
				"south": {"uv": [0.016, 0.016, 1.5, 1.5], "texture": "#4"},
				"up": {"uv": [0.016, 0.016, 1.5, 1.5], "texture": "#4"}
			}
		},
		{
			"name": "hexadecagon",
			"from": [7.90054, -8, 7.5],
			"to": [8.09946, 23, 8.5],
			"rotation": {"angle": -22.5, "axis": "y", "origin": [8, 8, 8]},
			"faces": {
				"north": {"uv": [0.016, 0.016, 1.5, 1.5], "texture": "#4"},
				"south": {"uv": [0.016, 0.016, 1.5, 1.5], "texture": "#4"},
				"up": {"uv": [0.016, 0.016, 1.5, 1.5], "texture": "#4"}
			}
		},
		{
			"name": "hexadecagon",
			"from": [7.90054, -8, 7.5],
			"to": [8.09946, 23, 8.5],
			"faces": {
				"north": {"uv": [0.016, 0.016, 1.5, 1.5], "texture": "#4"},
				"south": {"uv": [0.016, 0.016, 1.5, 1.5], "texture": "#4"}
			}
		},
		{
			"name": "hexadecagon",
			"from": [7.90054, -8, 7.5],
			"to": [8.09946, 23, 8.5],
			"rotation": {"angle": 22.5, "axis": "y", "origin": [8, 8, 8]},
			"faces": {
				"north": {"uv": [0.016, 0.016, 1.5, 1.5], "texture": "#4"},
				"east": {"uv": [0.016, 0.016, 1.5, 1.5], "texture": "#4"},
				"south": {"uv": [0.016, 0.016, 1.5, 1.5], "texture": "#4"},
				"west": {"uv": [0.016, 0.016, 1.5, 1.5], "texture": "#4"},
				"up": {"uv": [0.016, 0.016, 1.5, 1.5], "texture": "#4"}
			}
		},
		{
			"name": "hexadecagon",
			"from": [8.09946, -8, 7.5],
			"to": [8.09946, 23, 8.5],
			"rotation": {"angle": 45, "axis": "y", "origin": [8, 8, 8]},
			"faces": {
				"north": {"uv": [0.016, 0.016, 1.5, 1.5], "texture": "#4"},
				"south": {"uv": [0.016, 0.016, 1.5, 1.5], "texture": "#4"}
			}
		},
		{
			"name": "hexadecagon",
			"from": [7.5, -8, 7.90054],
			"to": [8.5, 23, 8.09946],
			"rotation": {"angle": -22.5, "axis": "y", "origin": [8, 8, 8]},
			"faces": {
				"north": {"uv": [0.016, 0.016, 1.5, 1.5], "texture": "#4"},
				"east": {"uv": [0.016, 0.016, 1.5, 1.5], "texture": "#4"},
				"south": {"uv": [0.016, 0.016, 1.5, 1.5], "texture": "#4"},
				"west": {"uv": [0.016, 0.016, 1.5, 1.5], "texture": "#4"},
				"up": {"uv": [0.016, 0.016, 1.5, 1.5], "texture": "#4"}
			}
		},
		{
			"name": "hexadecagon",
			"from": [7.5, -8, 7.90054],
			"to": [8.5, 23, 8.09946],
			"faces": {
				"east": {"uv": [0.016, 0.016, 1.5, 1.5], "texture": "#4"},
				"west": {"uv": [0.016, 0.016, 1.5, 1.5], "texture": "#4"}
			}
		},
		{
			"name": "hexadecagon",
			"from": [7.5, -8, 7.90054],
			"to": [8.5, 23, 8.09946],
			"rotation": {"angle": 22.5, "axis": "y", "origin": [8, 8, 8]},
			"faces": {
				"east": {"uv": [0.016, 0.016, 1.5, 1.5], "texture": "#4"},
				"west": {"uv": [0.016, 0.016, 1.5, 1.5], "texture": "#4"},
				"up": {"uv": [0.016, 0.016, 1.5, 1.5], "texture": "#4"}
			}
		},
		{
			"name": "hexadecagon",
			"from": [7.6519, -8.5, 6.25],
			"to": [8.3481, -7.5, 9.75],
			"rotation": {"angle": -45, "axis": "y", "origin": [8, -8, 8]},
			"faces": {
				"north": {"uv": [0.016, 0.016, 0.984, 0.984], "texture": "#4"},
				"south": {"uv": [0.016, 0.016, 0.984, 0.984], "texture": "#4"},
				"up": {"uv": [0.016, 0.016, 0.984, 0.984], "texture": "#4"},
				"down": {"uv": [0.016, 0.016, 0.984, 0.984], "texture": "#4"}
			}
		},
		{
			"name": "hexadecagon",
			"from": [7.6519, -8.5, 6.25],
			"to": [8.3481, -7.5, 9.75],
			"rotation": {"angle": -22.5, "axis": "y", "origin": [8, -8, 8]},
			"faces": {
				"north": {"uv": [0.016, 0.016, 0.984, 0.984], "texture": "#4"},
				"south": {"uv": [0.016, 0.016, 0.984, 0.984], "texture": "#4"},
				"up": {"uv": [0.016, 0.016, 0.984, 0.984], "texture": "#4"},
				"down": {"uv": [0.016, 0.016, 0.984, 0.984], "texture": "#4"}
			}
		},
		{
			"name": "hexadecagon",
			"from": [7.6519, -8.5, 6.25],
			"to": [8.3481, -7.5, 9.75],
			"faces": {
				"north": {"uv": [0.016, 0.016, 0.984, 0.984], "texture": "#4"},
				"south": {"uv": [0.016, 0.016, 0.984, 0.984], "texture": "#4"},
				"up": {"uv": [0.016, 0.016, 0.984, 0.984], "texture": "#4"},
				"down": {"uv": [0.016, 0.016, 0.984, 0.984], "texture": "#4"}
			}
		},
		{
			"name": "hexadecagon",
			"from": [7.6519, -8.5, 6.25],
			"to": [8.3481, -7.5, 9.75],
			"rotation": {"angle": 22.5, "axis": "y", "origin": [8, -8, 8]},
			"faces": {
				"north": {"uv": [0.016, 0.016, 0.984, 0.984], "texture": "#4"},
				"south": {"uv": [0.016, 0.016, 0.984, 0.984], "texture": "#4"},
				"up": {"uv": [0.016, 0.016, 0.984, 0.984], "texture": "#4"},
				"down": {"uv": [0.016, 0.016, 0.984, 0.984], "texture": "#4"}
			}
		},
		{
			"name": "hexadecagon",
			"from": [7.6519, -8.5, 6.25],
			"to": [8.3481, -7.5, 9.75],
			"rotation": {"angle": 45, "axis": "y", "origin": [8, -8, 8]},
			"faces": {
				"north": {"uv": [0.016, 0.016, 0.984, 0.984], "texture": "#4"},
				"south": {"uv": [0.016, 0.016, 0.984, 0.984], "texture": "#4"},
				"up": {"uv": [0.016, 0.016, 0.984, 0.984], "texture": "#4"},
				"down": {"uv": [0.016, 0.016, 0.984, 0.984], "texture": "#4"}
			}
		},
		{
			"name": "hexadecagon",
			"from": [6.25, -8.5, 7.6519],
			"to": [9.75, -7.5, 8.3481],
			"rotation": {"angle": -22.5, "axis": "y", "origin": [8, -8, 8]},
			"faces": {
				"east": {"uv": [0.016, 0.016, 0.984, 0.984], "texture": "#4"},
				"west": {"uv": [0.016, 0.016, 0.984, 0.984], "texture": "#4"},
				"up": {"uv": [0.016, 0.016, 0.984, 0.984], "texture": "#4"},
				"down": {"uv": [0.016, 0.016, 0.984, 0.984], "texture": "#4"}
			}
		},
		{
			"name": "hexadecagon",
			"from": [6.25, -8.5, 7.6519],
			"to": [9.75, -7.5, 8.3481],
			"faces": {
				"east": {"uv": [0.016, 0.016, 0.984, 0.984], "texture": "#4"},
				"west": {"uv": [0.016, 0.016, 0.984, 0.984], "texture": "#4"},
				"up": {"uv": [0.016, 0.016, 0.984, 0.984], "texture": "#4"},
				"down": {"uv": [0.016, 0.016, 0.984, 0.984], "texture": "#4"}
			}
		},
		{
			"name": "hexadecagon",
			"from": [6.25, -8.5, 7.6519],
			"to": [9.75, -7.5, 8.3481],
			"rotation": {"angle": 22.5, "axis": "y", "origin": [8, -8, 8]},
			"faces": {
				"east": {"uv": [0.016, 0.016, 0.984, 0.984], "texture": "#4"},
				"west": {"uv": [0.016, 0.016, 0.984, 0.984], "texture": "#4"},
				"up": {"uv": [0.016, 0.016, 0.984, 0.984], "texture": "#4"},
				"down": {"uv": [0.016, 0.016, 0.984, 0.984], "texture": "#4"}
			}
		},
		{
			"name": "octagon",
			"from": [7.25, 14, 7.68934],
			"to": [8.75, 16, 8.31066],
			"faces": {
				"east": {"uv": [0.016, 0.016, 1.5, 1.5], "texture": "#4"},
				"west": {"uv": [0.016, 0.016, 1.5, 1.5], "texture": "#4"},
				"up": {"uv": [0.016, 0.016, 1.5, 1.5], "texture": "#4"},
				"down": {"uv": [0.016, 0.016, 1.5, 1.5], "texture": "#4"}
			}
		},
		{
			"name": "octagon",
			"from": [7.25, 14, 7.68934],
			"to": [8.75, 16, 8.31066],
			"rotation": {"angle": 45, "axis": "y", "origin": [8, 14.5, 8]},
			"faces": {
				"east": {"uv": [0.016, 0.016, 1.5, 1.5], "texture": "#4"},
				"west": {"uv": [0.016, 0.016, 1.5, 1.5], "texture": "#4"},
				"up": {"uv": [0.016, 0.016, 1.5, 1.5], "texture": "#4"},
				"down": {"uv": [0.016, 0.016, 1.5, 1.5], "texture": "#4"}
			}
		},
		{
			"name": "octagon",
			"from": [7.68934, 14, 7.25],
			"to": [8.31066, 16, 8.75],
			"faces": {
				"north": {"uv": [0.016, 0.016, 1.5, 1.5], "texture": "#4"},
				"south": {"uv": [0.016, 0.016, 1.5, 1.5], "texture": "#4"},
				"up": {"uv": [0.016, 0.016, 1.5, 1.5], "texture": "#4"},
				"down": {"uv": [0.016, 0.016, 1.5, 1.5], "texture": "#4"}
			}
		},
		{
			"name": "octagon",
			"from": [7.68934, 14, 7.25],
			"to": [8.31066, 16, 8.75],
			"rotation": {"angle": 45, "axis": "y", "origin": [8, 14.5, 8]},
			"faces": {
				"north": {"uv": [0.016, 0.016, 1.5, 1.5], "texture": "#4"},
				"south": {"uv": [0.016, 0.016, 1.5, 1.5], "texture": "#4"},
				"up": {"uv": [0.016, 0.016, 1.5, 1.5], "texture": "#4"},
				"down": {"uv": [0.016, 0.016, 1.5, 1.5], "texture": "#4"}
			}
		},
		{
			"name": "octagon",
			"from": [7.25, 23, 7.68934],
			"to": [8.75, 24, 8.31066],
			"faces": {
				"east": {"uv": [0.016, 0.016, 1.5, 1.5], "texture": "#4"},
				"west": {"uv": [0.016, 0.016, 1.5, 1.5], "texture": "#4"},
				"up": {"uv": [0.016, 0.016, 1.5, 1.5], "texture": "#4"},
				"down": {"uv": [0.016, 0.016, 1.5, 1.5], "texture": "#4"}
			}
		},
		{
			"name": "octagon",
			"from": [7.25, 23, 7.68934],
			"to": [8.75, 24, 8.31066],
			"rotation": {"angle": 45, "axis": "y", "origin": [8, 23.5, 8]},
			"faces": {
				"east": {"uv": [0.016, 0.016, 1.5, 1.5], "texture": "#4"},
				"west": {"uv": [0.016, 0.016, 1.5, 1.5], "texture": "#4"},
				"up": {"uv": [0.016, 0.016, 1.5, 1.5], "texture": "#4"},
				"down": {"uv": [0.016, 0.016, 1.5, 1.5], "texture": "#4"}
			}
		},
		{
			"name": "octagon",
			"from": [7.68934, 23, 7.25],
			"to": [8.31066, 24, 8.75],
			"faces": {
				"north": {"uv": [0.016, 0.016, 1.5, 1.5], "texture": "#4"},
				"south": {"uv": [0.016, 0.016, 1.5, 1.5], "texture": "#4"},
				"up": {"uv": [0.016, 0.016, 1.5, 1.5], "texture": "#4"},
				"down": {"uv": [0.016, 0.016, 1.5, 1.5], "texture": "#4"}
			}
		},
		{
			"name": "octagon",
			"from": [7.68934, 23, 7.25],
			"to": [8.31066, 24, 8.75],
			"rotation": {"angle": 45, "axis": "y", "origin": [8, 23.5, 8]},
			"faces": {
				"north": {"uv": [0.016, 0.016, 1.5, 1.5], "texture": "#4"},
				"south": {"uv": [0.016, 0.016, 1.5, 1.5], "texture": "#4"},
				"up": {"uv": [0.016, 0.016, 1.5, 1.5], "texture": "#4"},
				"down": {"uv": [0.016, 0.016, 1.5, 1.5], "texture": "#4"}
			}
		},
		{
			"name": "hexadecagon",
			"from": [7.80109, -5.5, 7],
			"to": [8.19891, -5, 9],
			"rotation": {"angle": -45, "axis": "y", "origin": [8, -5, 8]},
			"faces": {
				"north": {"uv": [0.016, 0.016, 1.5, 1.5], "texture": "#4"},
				"south": {"uv": [0.016, 0.016, 1.5, 1.5], "texture": "#4"},
				"up": {"uv": [0.016, 0.016, 1.5, 1.5], "texture": "#4"}
			}
		},
		{
			"name": "hexadecagon",
			"from": [7.80109, -5.5, 7],
			"to": [8.19891, -5, 9],
			"rotation": {"angle": -22.5, "axis": "y", "origin": [8, -5, 8]},
			"faces": {
				"north": {"uv": [0.016, 0.016, 1.5, 1.5], "texture": "#4"},
				"south": {"uv": [0.016, 0.016, 1.5, 1.5], "texture": "#4"},
				"up": {"uv": [0.016, 0.016, 1.5, 1.5], "texture": "#4"}
			}
		},
		{
			"name": "hexadecagon",
			"from": [7.80109, -5.5, 7],
			"to": [8.19891, -5, 9],
			"faces": {
				"north": {"uv": [0.016, 0.016, 1.5, 1.5], "texture": "#4"},
				"south": {"uv": [0.016, 0.016, 1.5, 1.5], "texture": "#4"},
				"up": {"uv": [0.016, 0.016, 1.5, 1.5], "texture": "#4"}
			}
		},
		{
			"name": "hexadecagon",
			"from": [7.80109, -5.5, 7],
			"to": [8.19891, -5, 9],
			"rotation": {"angle": 22.5, "axis": "y", "origin": [8, -5, 8]},
			"faces": {
				"north": {"uv": [0.016, 0.016, 1.5, 1.5], "texture": "#4"},
				"south": {"uv": [0.016, 0.016, 1.5, 1.5], "texture": "#4"},
				"up": {"uv": [0.016, 0.016, 1.5, 1.5], "texture": "#4"}
			}
		},
		{
			"name": "hexadecagon",
			"from": [7.80109, -5.5, 7],
			"to": [8.19891, -5, 9],
			"rotation": {"angle": 45, "axis": "y", "origin": [8, -5, 8]},
			"faces": {
				"north": {"uv": [0.016, 0.016, 1.5, 1.5], "texture": "#4"},
				"south": {"uv": [0.016, 0.016, 1.5, 1.5], "texture": "#4"},
				"up": {"uv": [0.016, 0.016, 1.5, 1.5], "texture": "#4"}
			}
		},
		{
			"name": "hexadecagon",
			"from": [7, -5.5, 7.80109],
			"to": [9, -5, 8.19891],
			"rotation": {"angle": -22.5, "axis": "y", "origin": [8, -5, 8]},
			"faces": {
				"east": {"uv": [0.016, 0.016, 1.5, 1.5], "texture": "#4"},
				"west": {"uv": [0.016, 0.016, 1.5, 1.5], "texture": "#4"},
				"up": {"uv": [0.016, 0.016, 1.5, 1.5], "texture": "#4"}
			}
		},
		{
			"name": "hexadecagon",
			"from": [7, -5.5, 7.80109],
			"to": [9, -5, 8.19891],
			"faces": {
				"east": {"uv": [0.016, 0.016, 1.5, 1.5], "texture": "#4"},
				"west": {"uv": [0.016, 0.016, 1.5, 1.5], "texture": "#4"},
				"up": {"uv": [0.016, 0.016, 1.5, 1.5], "texture": "#4"}
			}
		},
		{
			"name": "hexadecagon",
			"from": [7, -5.5, 7.80109],
			"to": [9, -5, 8.19891],
			"rotation": {"angle": 22.5, "axis": "y", "origin": [8, -5, 8]},
			"faces": {
				"east": {"uv": [0.016, 0.016, 1.5, 1.5], "texture": "#4"},
				"west": {"uv": [0.016, 0.016, 1.5, 1.5], "texture": "#4"},
				"up": {"uv": [0.016, 0.016, 1.5, 1.5], "texture": "#4"}
			}
		},
		{
			"name": "hexadecagon",
			"from": [3.5, 14.90054, 7.5],
			"to": [12.5, 15.09946, 8.5],
			"rotation": {"angle": -45, "axis": "x", "origin": [8, 15, 8]},
			"faces": {
				"north": {"uv": [0.016, 0.016, 1.5, 1.5], "texture": "#4"},
				"east": {"uv": [0.016, 0.016, 1.5, 1.5], "texture": "#4"},
				"south": {"uv": [0.016, 0.016, 1.5, 1.5], "texture": "#4"},
				"west": {"uv": [0.016, 0.016, 1.5, 1.5], "texture": "#4"}
			}
		},
		{
			"name": "hexadecagon",
			"from": [3.5, 14.90054, 7.5],
			"to": [12.5, 15.09946, 8.5],
			"rotation": {"angle": -22.5, "axis": "x", "origin": [8, 15, 8]},
			"faces": {
				"north": {"uv": [0.016, 0.016, 1.5, 1.5], "texture": "#4"},
				"east": {"uv": [0.016, 0.016, 1.5, 1.5], "texture": "#4"},
				"south": {"uv": [0.016, 0.016, 1.5, 1.5], "texture": "#4"},
				"west": {"uv": [0.016, 0.016, 1.5, 1.5], "texture": "#4"}
			}
		},
		{
			"name": "hexadecagon",
			"from": [3.5, 14.90054, 7.5],
			"to": [12.5, 15.09946, 8.5],
			"faces": {
				"north": {"uv": [0.016, 0.016, 1.5, 1.5], "texture": "#4"},
				"south": {"uv": [0.016, 0.016, 1.5, 1.5], "texture": "#4"}
			}
		},
		{
			"name": "hexadecagon",
			"from": [3.5, 14.90054, 7.5],
			"to": [12.5, 15.09946, 8.5],
			"rotation": {"angle": 22.5, "axis": "x", "origin": [8, 15, 8]},
			"faces": {
				"north": {"uv": [0.016, 0.016, 1.5, 1.5], "texture": "#4"},
				"east": {"uv": [0.016, 0.016, 1.5, 1.5], "texture": "#4"},
				"south": {"uv": [0.016, 0.016, 1.5, 1.5], "texture": "#4"},
				"west": {"uv": [0.016, 0.016, 1.5, 1.5], "texture": "#4"}
			}
		},
		{
			"name": "hexadecagon",
			"from": [3.5, 14.90054, 7.5],
			"to": [12.5, 15.09946, 8.5],
			"rotation": {"angle": 45, "axis": "x", "origin": [8, 15, 8]},
			"faces": {
				"north": {"uv": [0.016, 0.016, 1.5, 1.5], "texture": "#4"},
				"east": {"uv": [0.016, 0.016, 1.5, 1.5], "texture": "#4"},
				"south": {"uv": [0.016, 0.016, 1.5, 1.5], "texture": "#4"},
				"west": {"uv": [0.016, 0.016, 1.5, 1.5], "texture": "#4"}
			}
		},
		{
			"name": "hexadecagon",
			"from": [3.5, 14.5, 7.90054],
			"to": [12.5, 15.5, 8.09946],
			"rotation": {"angle": -22.5, "axis": "x", "origin": [8, 15, 8]},
			"faces": {
				"east": {"uv": [0.016, 0.016, 1.5, 1.5], "texture": "#4"},
				"west": {"uv": [0.016, 0.016, 1.5, 1.5], "texture": "#4"},
				"up": {"uv": [0.016, 0.016, 1.5, 1.5], "texture": "#4"},
				"down": {"uv": [0.016, 0.016, 1.5, 1.5], "texture": "#4"}
			}
		},
		{
			"name": "hexadecagon",
			"from": [3.5, 14.5, 7.90054],
			"to": [12.5, 15.5, 8.09946],
			"faces": {
				"up": {"uv": [0.016, 0.016, 1.5, 1.5], "texture": "#4"},
				"down": {"uv": [0.016, 0.016, 1.5, 1.5], "texture": "#4"}
			}
		},
		{
			"name": "hexadecagon",
			"from": [3.5, 14.5, 7.90054],
			"to": [12.5, 15.5, 8.09946],
			"rotation": {"angle": 22.5, "axis": "x", "origin": [8, 15, 8]},
			"faces": {
				"east": {"uv": [0.016, 0.016, 1.5, 1.5], "texture": "#4"},
				"west": {"uv": [0.016, 0.016, 1.5, 1.5], "texture": "#4"},
				"up": {"uv": [0.016, 0.016, 1.5, 1.5], "texture": "#4"},
				"down": {"uv": [0.016, 0.016, 1.5, 1.5], "texture": "#4"}
			}
		},
		{
			"name": "octagon",
			"from": [3.24112, 14.3, 7.375],
			"to": [3.75888, 15.8, 8.625],
			"rotation": {"angle": 45, "axis": "y", "origin": [3.5, 14.8, 8]},
			"faces": {
				"north": {"uv": [0.016, 0.016, 1.5, 1.5], "texture": "#4"},
				"south": {"uv": [0.016, 0.016, 1.5, 1.5], "texture": "#4"},
				"up": {"uv": [0.016, 0.016, 1.5, 1.5], "texture": "#4"},
				"down": {"uv": [0.016, 0.016, 1.5, 1.5], "texture": "#4"}
			}
		},
		{
			"name": "octagon",
			"from": [3.24112, 14.3, 7.375],
			"to": [3.75888, 15.8, 8.625],
			"faces": {
				"north": {"uv": [0.016, 0.016, 1.5, 1.5], "texture": "#4"},
				"south": {"uv": [0.016, 0.016, 1.5, 1.5], "texture": "#4"},
				"up": {"uv": [0.016, 0.016, 1.5, 1.5], "texture": "#4"},
				"down": {"uv": [0.016, 0.016, 1.5, 1.5], "texture": "#4"}
			}
		},
		{
			"name": "octagon",
			"from": [2.875, 14.3, 7.74112],
			"to": [4.125, 15.8, 8.25888],
			"rotation": {"angle": 45, "axis": "y", "origin": [3.5, 14.8, 8]},
			"faces": {
				"east": {"uv": [0.016, 0.016, 1.5, 1.5], "texture": "#4"},
				"west": {"uv": [0.016, 0.016, 1.5, 1.5], "texture": "#4"},
				"up": {"uv": [0.016, 0.016, 1.5, 1.5], "texture": "#4"},
				"down": {"uv": [0.016, 0.016, 1.5, 1.5], "texture": "#4"}
			}
		},
		{
			"name": "octagon",
			"from": [2.875, 14.3, 7.74112],
			"to": [4.125, 15.8, 8.25888],
			"faces": {
				"east": {"uv": [0.016, 0.016, 1.5, 1.5], "texture": "#4"},
				"west": {"uv": [0.016, 0.016, 1.5, 1.5], "texture": "#4"},
				"up": {"uv": [0.016, 0.016, 1.5, 1.5], "texture": "#4"},
				"down": {"uv": [0.016, 0.016, 1.5, 1.5], "texture": "#4"}
			}
		},
		{
			"name": "octagon",
			"from": [12.24112, 14.3, 7.375],
			"to": [12.75888, 15.8, 8.625],
			"rotation": {"angle": -45, "axis": "y", "origin": [12.5, 14.8, 8]},
			"faces": {
				"north": {"uv": [1.5, 0.016, 0.016, 1.5], "texture": "#4"},
				"south": {"uv": [1.5, 0.016, 0.016, 1.5], "texture": "#4"},
				"up": {"uv": [1.5, 0.016, 0.016, 1.5], "texture": "#4"},
				"down": {"uv": [1.5, 0.016, 0.016, 1.5], "texture": "#4"}
			}
		},
		{
			"name": "octagon",
			"from": [12.24112, 14.3, 7.375],
			"to": [12.75888, 15.8, 8.625],
			"faces": {
				"north": {"uv": [1.5, 0.016, 0.016, 1.5], "texture": "#4"},
				"south": {"uv": [1.5, 0.016, 0.016, 1.5], "texture": "#4"},
				"up": {"uv": [1.5, 0.016, 0.016, 1.5], "texture": "#4"},
				"down": {"uv": [1.5, 0.016, 0.016, 1.5], "texture": "#4"}
			}
		},
		{
			"name": "octagon",
			"from": [11.875, 14.3, 7.74112],
			"to": [13.125, 15.8, 8.25888],
			"rotation": {"angle": -45, "axis": "y", "origin": [12.5, 14.8, 8]},
			"faces": {
				"east": {"uv": [1.5, 0.016, 0.016, 1.5], "texture": "#4"},
				"west": {"uv": [1.5, 0.016, 0.016, 1.5], "texture": "#4"},
				"up": {"uv": [1.5, 0.016, 0.016, 1.5], "texture": "#4"},
				"down": {"uv": [1.5, 0.016, 0.016, 1.5], "texture": "#4"}
			}
		},
		{
			"name": "octagon",
			"from": [11.875, 14.3, 7.74112],
			"to": [13.125, 15.8, 8.25888],
			"faces": {
				"east": {"uv": [1.5, 0.016, 0.016, 1.5], "texture": "#4"},
				"west": {"uv": [1.5, 0.016, 0.016, 1.5], "texture": "#4"},
				"up": {"uv": [1.5, 0.016, 0.016, 1.5], "texture": "#4"},
				"down": {"uv": [1.5, 0.016, 0.016, 1.5], "texture": "#4"}
			}
		},
		{
			"name": "octagon",
			"from": [12.2572, 13.8, 7.74112],
			"to": [12.775, 14.3178, 8.25892],
			"faces": {
				"north": {"uv": [15.984, 0.016, 0.016, 15.984], "texture": "#4"},
				"east": {"uv": [15.984, 0.016, 0.016, 15.984], "texture": "#4"},
				"south": {"uv": [15.984, 0.016, 0.016, 15.984], "texture": "#4"},
				"west": {"uv": [15.984, 0.016, 0.016, 15.984], "texture": "#4"},
				"up": {"uv": [15.984, 0.016, 0.016, 15.984], "texture": "#4"},
				"down": {"uv": [15.984, 0.016, 0.016, 15.984], "texture": "#4"}
			}
		},
		{
			"name": "octagon",
			"from": [3.225, 13.8, 7.74112],
			"to": [3.7428, 14.3178, 8.25892],
			"faces": {
				"north": {"uv": [0.016, 0.016, 15.984, 15.984], "texture": "#4"},
				"east": {"uv": [0.016, 0.016, 15.984, 15.984], "texture": "#4"},
				"south": {"uv": [0.016, 0.016, 15.984, 15.984], "texture": "#4"},
				"west": {"uv": [0.016, 0.016, 15.984, 15.984], "texture": "#4"},
				"up": {"uv": [0.016, 0.016, 15.984, 15.984], "texture": "#4"},
				"down": {"uv": [0.016, 0.016, 15.984, 15.984], "texture": "#4"}
			}
		},
		{
			"name": "octagon",
			"from": [7.7411, 23.9411, 7.7411],
			"to": [8.2589, 24.4589, 8.2589],
			"faces": {
				"north": {"uv": [15.984, 0.016, 0.016, 15.984], "texture": "#4"},
				"east": {"uv": [15.984, 0.016, 0.016, 15.984], "texture": "#4"},
				"south": {"uv": [15.984, 0.016, 0.016, 15.984], "texture": "#4"},
				"west": {"uv": [15.984, 0.016, 0.016, 15.984], "texture": "#4"},
				"up": {"uv": [15.984, 0.016, 0.016, 15.984], "texture": "#4"}
			}
		},
		{
			"name": "hexadecagon",
			"from": [7.85082, -5, 7.25],
			"to": [8.14918, -4, 8.75],
			"rotation": {"angle": -45, "axis": "y", "origin": [8, -4.5, 8]},
			"faces": {
				"north": {"uv": [0.016, 0.016, 1.5, 1.5], "texture": "#4"},
				"south": {"uv": [0.016, 0.016, 1.5, 1.5], "texture": "#4"},
				"up": {"uv": [0.016, 0.016, 1.5, 1.5], "texture": "#4"}
			}
		},
		{
			"name": "hexadecagon",
			"from": [7.85082, -5, 7.25],
			"to": [8.14918, -4, 8.75],
			"rotation": {"angle": -22.5, "axis": "y", "origin": [8, -4.5, 8]},
			"faces": {
				"north": {"uv": [0.016, 0.016, 1.5, 1.5], "texture": "#4"},
				"south": {"uv": [0.016, 0.016, 1.5, 1.5], "texture": "#4"},
				"up": {"uv": [0.016, 0.016, 1.5, 1.5], "texture": "#4"}
			}
		},
		{
			"name": "hexadecagon",
			"from": [7.85082, -5, 7.25],
			"to": [8.14918, -4, 8.75],
			"faces": {
				"north": {"uv": [0.016, 0.016, 1.5, 1.5], "texture": "#4"},
				"south": {"uv": [0.016, 0.016, 1.5, 1.5], "texture": "#4"},
				"up": {"uv": [0.016, 0.016, 1.5, 1.5], "texture": "#4"}
			}
		},
		{
			"name": "hexadecagon",
			"from": [7.85082, -5, 7.25],
			"to": [8.14918, -4, 8.75],
			"rotation": {"angle": 22.5, "axis": "y", "origin": [8, -4.5, 8]},
			"faces": {
				"north": {"uv": [0.016, 0.016, 1.5, 1.5], "texture": "#4"},
				"south": {"uv": [0.016, 0.016, 1.5, 1.5], "texture": "#4"},
				"up": {"uv": [0.016, 0.016, 1.5, 1.5], "texture": "#4"}
			}
		},
		{
			"name": "hexadecagon",
			"from": [7.85082, -5, 7.25],
			"to": [8.14918, -4, 8.75],
			"rotation": {"angle": 45, "axis": "y", "origin": [8, -4.5, 8]},
			"faces": {
				"north": {"uv": [0.016, 0.016, 1.5, 1.5], "texture": "#4"},
				"south": {"uv": [0.016, 0.016, 1.5, 1.5], "texture": "#4"},
				"up": {"uv": [0.016, 0.016, 1.5, 1.5], "texture": "#4"}
			}
		},
		{
			"name": "hexadecagon",
			"from": [7.25, -5, 7.85082],
			"to": [8.75, -4, 8.14918],
			"rotation": {"angle": -22.5, "axis": "y", "origin": [8, -4.5, 8]},
			"faces": {
				"east": {"uv": [0.016, 0.016, 1.5, 1.5], "texture": "#4"},
				"west": {"uv": [0.016, 0.016, 1.5, 1.5], "texture": "#4"},
				"up": {"uv": [0.016, 0.016, 1.5, 1.5], "texture": "#4"}
			}
		},
		{
			"name": "hexadecagon",
			"from": [7.25, -5, 7.85082],
			"to": [8.75, -4, 8.14918],
			"faces": {
				"east": {"uv": [0.016, 0.016, 1.5, 1.5], "texture": "#4"},
				"west": {"uv": [0.016, 0.016, 1.5, 1.5], "texture": "#4"},
				"up": {"uv": [0.016, 0.016, 1.5, 1.5], "texture": "#4"}
			}
		},
		{
			"name": "hexadecagon",
			"from": [7.25, -5, 7.85082],
			"to": [8.75, -4, 8.14918],
			"rotation": {"angle": 22.5, "axis": "y", "origin": [8, -4.5, 8]},
			"faces": {
				"east": {"uv": [0.016, 0.016, 1.5, 1.5], "texture": "#4"},
				"west": {"uv": [0.016, 0.016, 1.5, 1.5], "texture": "#4"},
				"up": {"uv": [0.016, 0.016, 1.5, 1.5], "texture": "#4"}
			}
		}
	],
	"display": {
		"ground": {
			"translation": [0, 20.25, 0]
		},
		"gui": {
			"translation": [0, 1.25, 0],
			"scale": [0.39273, 0.39273, 0.39273]
		},
		"head": {
			"translation": [0, 32, 0],
			"scale": [3.5, 3.5, 3.5]
		},
		"fixed": {
			"rotation": [0, 180, 0],
			"translation": [0, 2.75, -2.5],
			"scale": [0.69539, 0.69539, 0.69539]
		}
	},
	"groups": [
		{
			"name": "Lights",
			"children": [
				{
					"name": "group",
					"children": [0, 1, 2, 3, 4, 5, 6, 7]
				},
				{
					"name": "group",
					"children": [
						{
							"name": "group",
							"children": [8, 9, 10, 11, 12, 13, 14, 15, 16, 17, 18, 19, 20, 21, 22, 23, 24, 25]
						},
						{
							"name": "group2",
							"children": [26, 27, 28, 29, 30]
						},
						{
							"name": "group3",
							"children": [31, 32, 33, 34, 35]
						},
						{
							"name": "group4",
							"children": [36, 37, 38, 39, 40]
						},
						{
							"name": "group5",
							"children": [41, 42, 43, 44, 45]
						}
					]
				},
				{
					"name": "hexadecagon",
					"children": [46, 47, 48, 49, 50, 51, 52, 53]
				},
				{
					"name": "hexadecagon",
					"children": [54, 55, 56, 57, 58, 59, 60, 61]
				},
				{
					"name": "Lights2",
					"children": [
						{
							"name": "group",
							"children": [62, 63, 64, 65, 66, 67, 68, 69]
						},
						{
							"name": "group",
							"children": [
								{
									"name": "group",
									"children": [70, 71, 72, 73, 74, 75, 76, 77, 78, 79, 80, 81, 82, 83, 84, 85, 86, 87]
								},
								{
									"name": "group2",
									"children": [88, 89, 90, 91, 92]
								},
								{
									"name": "group3",
									"children": [93, 94, 95, 96, 97]
								},
								{
									"name": "group4",
									"children": [98, 99, 100, 101, 102]
								},
								{
									"name": "group5",
									"children": [103, 104, 105, 106, 107]
								}
							]
						},
						{
							"name": "hexadecagon",
							"children": [108, 109, 110, 111, 112, 113, 114, 115]
						},
						{
							"name": "hexadecagon",
							"children": [116, 117, 118, 119, 120, 121, 122, 123]
						}
					]
				}
			]
		},
		{
			"name": "Else",
			"children": [
				{
					"name": "lamp1",
					"children": [
						{
							"name": "Speaker",
							"children": [124, 125, 126, 127, 128, 129]
						},
						{
							"name": "Base",
							"children": [
								{
									"name": "Base 1",
									"children": []
								},
								{
									"name": "Base 2",
									"children": []
								},
								{
									"name": "Base 3",
									"children": []
								},
								{
									"name": "Base 4",
									"children": []
								},
								{
									"name": "Base 5",
									"children": []
								},
								{
									"name": "Base 6",
									"children": []
								},
								{
									"name": "Base 7",
									"children": []
								},
								{
									"name": "Base8",
									"children": []
								},
								{
									"name": "Base9",
									"children": []
								},
								{
									"name": "Base10",
									"children": []
								}
							]
						},
						{
							"name": "Bar",
							"children": [
								{
									"name": "octagon",
									"children": []
								},
								{
									"name": "octagon2",
									"children": []
								}
							]
						}
					]
				},
				{
					"name": "hexadecagon",
					"children": []
				},
				{
					"name": "group",
					"children": [130, 131, 132, 133, 134, 135, 136, 137, 138, 139, 140, 141, 142, 143, 144, 145, 146, 147, 148, 149, 150, 151, 152, 153, 154, 155, 156, 157, 158, 159, 160, 161, 162, 163, 164, 165, 166, 167, 168, 169, 170, 171, 172, 173, 174, 175, 176, 177, 178, 179, 180, 181, 182, 183, 184, 185, 186, 187, 188, 189, 190, 191, 192, 193, 194, 195, 196, 197, 198, 199, 200, 201, 202, 203, 204, 205, 206, 207, 208, 209, 210, 211, 212, 213, 214, 215, 216, 217, 218, 219, 220, 221, 222, 223, 224]
				}
			]
		}
	]
}